[{"timestamp": 1675765234, "pkg": "dlint", "version": "0.14", "summary": "Dlint is a tool for encouraging best coding practices and helping ensure Python code is secure.", "status": "updated"}, {"timestamp": 1675765234, "pkg": "flake8-implicit-str-concat", "version": "0.4", "summary": "Flake8 plugin to encourage correct string literal concatenation.", "status": "updated"}, {"timestamp": 1675851619, "pkg": "flake8-iw", "version": "0.0.16", "summary": "A plugin to show lint errors for IW", "status": "updated"}, {"timestamp": 1675851619, "pkg": "flake8-import-conventions", "version": "0.1", "summary": "An opinionated plugin for Flake8 on how certain packages should be imported or aliased.", "status": "updated"}, {"timestamp": 1675938046, "pkg": "flake8-copyright", "version": "0.2.4", "summary": "Adds copyright checks to flake8", "status": "updated"}, {"timestamp": 1676024452, "pkg": "flake8-pytest-style", "version": "1.7", "summary": "A flake8 plugin checking common style issues or inconsistencies with pytest-based tests.", "status": "updated"}, {"timestamp": 1676197194, "pkg": "flake8-import-as-module", "version": "0.1", "summary": "A Flake8 plugin to check if specific packages are imported as modules.", "status": "new"}, {"timestamp": 1676370043, "pkg": "flake8-boolean-trap", "version": "1", "summary": "flake8 plugin which forbids boolean positional arguments", "status": "updated"}, {"timestamp": 1676370043, "pkg": "flake8-bugbear", "version": "23.2.13", "summary": "A plugin for flake8 finding likely bugs and design problems in your program. Contains warnings that don't belong in pyflakes and pycodestyle.", "status": "updated"}, {"timestamp": 1676370043, "pkg": "types-flake8-bugbear", "version": "23.2.13", "summary": "Typing stubs for flake8-bugbear", "status": "updated"}, {"timestamp": 1676456409, "pkg": "flake8-pytest-style", "version": "1.7.2", "summary": "A flake8 plugin checking common style issues or inconsistencies with pytest-based tests.", "status": "updated"}, {"timestamp": 1676715630, "pkg": "flake8-aaa", "version": "0.13", "summary": "A Flake8 plugin that checks Python tests follow the Arrange-Act-Assert pattern", "status": "updated"}, {"timestamp": 1676888458, "pkg": "flake8-max-function-length", "version": "0.7.3", "summary": "Configurable flake8 plugin for maximum function length", "status": "new"}, {"timestamp": 1676974872, "pkg": "flake8-custom-error-messages", "version": "0.1.1", "summary": "A flake8 plugin to customize the error messages emitted by other flake8 plugins", "status": "new"}, {"timestamp": 1676974872, "pkg": "types-flake8-docstrings", "version": "1.7.0.1", "summary": "Typing stubs for flake8-docstrings", "status": "updated"}, {"timestamp": 1676974872, "pkg": "types-flake8-builtins", "version": "2.1.0.1", "summary": "Typing stubs for flake8-builtins", "status": "updated"}, {"timestamp": 1676974872, "pkg": "types-flake8-bugbear", "version": "23.2.13.1", "summary": "Typing stubs for flake8-bugbear", "status": "updated"}, {"timestamp": 1676974872, "pkg": "types-flake8-typing-imports", "version": "1.14.0.1", "summary": "Typing stubs for flake8-typing-imports", "status": "updated"}, {"timestamp": 1676974872, "pkg": "types-flake8-plugin-utils", "version": "1.3.7.1", "summary": "Typing stubs for flake8-plugin-utils", "status": "updated"}, {"timestamp": 1676974872, "pkg": "types-flake8-rst-docstrings", "version": "0.3.0.1", "summary": "Typing stubs for flake8-rst-docstrings", "status": "updated"}, {"timestamp": 1676974872, "pkg": "types-flake8-simplify", "version": "0.19.0.1", "summary": "Typing stubs for flake8-simplify", "status": "updated"}, {"timestamp": 1676974872, "pkg": "types-flake8-2020", "version": "1.7.0.2", "summary": "Typing stubs for flake8-2020", "status": "updated"}, {"timestamp": 1677320425, "pkg": "flake8-max-function-length", "version": "0.7.4", "summary": "A configurable flake8 plugin to enforce a maximum function/method length.", "status": "updated"}, {"timestamp": 1677493268, "pkg": "flake8-pep585", "version": "0.1.7", "summary": "flake8 plugin to enforce new-style type hints (PEP 585)", "status": "updated"}, {"timestamp": 1677579704, "pkg": "flake8-aaa", "version": "0.13.1", "summary": "A Flake8 plugin that checks Python tests follow the Arrange-Act-Assert pattern", "status": "updated"}, {"timestamp": 1677666055, "pkg": "flake8-balanced-wrapping", "version": "0.1.1", "summary": "A flake8 plugin that helps you wrap code with visual balance.", "status": "new"}, {"timestamp": 1677752463, "pkg": "flake8-aaa", "version": "0.14", "summary": "A Flake8 plugin that checks Python tests follow the Arrange-Act-Assert pattern", "status": "updated"}, {"timestamp": 1677925232, "pkg": "flake8-keyword-function-parameters", "version": "0.1", "summary": "Flake8 plugin to lint for keyword-only function parameters", "status": "new"}, {"timestamp": 1677925232, "pkg": "flake8-pylint", "version": "0.2", "summary": "Flake8 plugin that runs PyLint.", "status": "updated"}, {"timestamp": 1678357238, "pkg": "flake8-type-checking", "version": "2.3.1", "summary": "A flake8 plugin for managing type-checking imports & forward references", "status": "updated"}, {"timestamp": 1678357238, "pkg": "cohesion", "version": "1.1", "summary": "A tool for measuring Python class cohesion.", "status": "updated"}, {"timestamp": 1678702836, "pkg": "types-flake8-bugbear", "version": "23.3.12", "summary": "Typing stubs for flake8-bugbear", "status": "updated"}, {"timestamp": 1678702836, "pkg": "flake8-bugbear", "version": "23.3.12", "summary": "A plugin for flake8 finding likely bugs and design problems in your program. Contains warnings that don't belong in pyflakes and pycodestyle.", "status": "updated"}, {"timestamp": 1678789282, "pkg": "flake8-noqa", "version": "1.3.1", "summary": "Flake8 noqa comment validation", "status": "updated"}, {"timestamp": 1678875658, "pkg": "flake8-pyi", "version": "23.3", "summary": "A plugin for flake8 to enable linting .pyi stub files.", "status": "updated"}, {"timestamp": 1679134784, "pkg": "flake8-comprehensions", "version": "3.11", "summary": "A flake8 plugin to help you write better list/set/dict comprehensions.", "status": "updated"}, {"timestamp": 1679394042, "pkg": "flake8-pyi", "version": "23.3.1", "summary": "A plugin for flake8 to enable linting .pyi stub files.", "status": "updated"}, {"timestamp": 1679480405, "pkg": "dbnomics-fetcher-flake8-plugins", "version": "0.0.2", "summary": "Flake8 plugins used by DBnomics fetchers", "status": "new"}, {"timestamp": 1679480405, "pkg": "flake8-comprehensions", "version": "3.11.1", "summary": "A flake8 plugin to help you write better list/set/dict comprehensions.", "status": "updated"}, {"timestamp": 1679480405, "pkg": "flake8-pyproject", "version": "1.2.3", "summary": "Flake8 plug-in loading the configuration from pyproject.toml", "status": "updated"}, {"timestamp": 1679653225, "pkg": "types-flake8-bugbear", "version": "23.3.23", "summary": "Typing stubs for flake8-bugbear", "status": "updated"}, {"timestamp": 1679653225, "pkg": "flake8-bugbear", "version": "23.3.23", "summary": "A plugin for flake8 finding likely bugs and design problems in your program. Contains warnings that don't belong in pyflakes and pycodestyle.", "status": "updated"}, {"timestamp": 1679998832, "pkg": "nitpick", "version": "0.33", "summary": "Enforce the same settings across multiple language-independent projects", "status": "updated"}, {"timestamp": 1679998832, "pkg": "types-flake8-plugin-utils", "version": "1.3.7.2", "summary": "Typing stubs for flake8-plugin-utils", "status": "updated"}, {"timestamp": 1679998832, "pkg": "flake8-type-checking", "version": "2.4", "summary": "A flake8 plugin for managing type-checking imports & forward references", "status": "updated"}, {"timestamp": 1680085206, "pkg": "flake8-nb", "version": "0.5.3", "summary": "Flake8 based checking for jupyter notebooks", "status": "updated"}, {"timestamp": 1680171640, "pkg": "nitpick", "version": "0.33.1", "summary": "Enforce the same settings across multiple language-independent projects", "status": "updated"}, {"timestamp": 1680258026, "pkg": "flake8-github-annotations", "version": "1", "summary": "A flake8 formatter that turns output into Github Annotations", "status": "new"}, {"timestamp": 1680258026, "pkg": "types-flake8-simplify", "version": "0.20", "summary": "Typing stubs for flake8-simplify", "status": "updated"}, {"timestamp": 1680258026, "pkg": "flake8-simplify", "version": "0.20", "summary": "flake8 plugin which checks for code that can be simplified", "status": "updated"}]