[{"timestamp": 1711189167, "pkg": "flake8-picky-parentheses", "version": "0.5.5", "summary": "flake8 plugin to nitpick about parenthesis, brackets, and braces", "status": "updated"}, {"timestamp": 1711534782, "pkg": "flake8-init-return", "version": "1.0.1", "summary": "flake8 plugin which makes sure that __init__ functions have a return type", "status": "updated"}, {"timestamp": 1711534782, "pkg": "flake8-requirements", "version": "2.1.1", "summary": "Package requirements checker, plugin for flake8", "status": "updated"}, {"timestamp": 1711707583, "pkg": "flake8-dunder-all", "version": "0.4", "summary": "A Flake8 plugin and pre-commit hook which checks to ensure modules have defined '__all__'.", "status": "updated"}, {"timestamp": 1711793987, "pkg": "flake8-builtins", "version": "2.3", "summary": "Check for python builtins being used as variables or parameters", "status": "updated"}, {"timestamp": 1711880367, "pkg": "types-flake8-builtins", "version": "2.3.0.20240331", "summary": "Typing stubs for flake8-builtins", "status": "updated"}, {"timestamp": 1711880367, "pkg": "flake8-pyi", "version": "24.3.1", "summary": "A plugin for flake8 to enable linting .pyi stub files.", "status": "updated"}, {"timestamp": 1712053183, "pkg": "flake8-pytest-style", "version": "2", "summary": "A flake8 plugin checking common style issues or inconsistencies with pytest-based tests.", "status": "updated"}, {"timestamp": 1712053183, "pkg": "flake8-builtins", "version": "2.4", "summary": "Check for python builtins being used as variables or parameters", "status": "updated"}, {"timestamp": 1712139609, "pkg": "flake8-dunder-all", "version": "0.4.1", "summary": "A Flake8 plugin and pre-commit hook which checks to ensure modules have defined '__all__'.", "status": "updated"}, {"timestamp": 1712225974, "pkg": "types-flake8-builtins", "version": "2.4.0.20240404", "summary": "Typing stubs for flake8-builtins", "status": "updated"}, {"timestamp": 1712744442, "pkg": "flake8-builtins", "version": "2.5", "summary": "Check for python builtins being used as variables or parameters", "status": "updated"}, {"timestamp": 1712744442, "pkg": "pyproject-flake8", "version": "7", "summary": "pyproject-flake8 (`pflake8`), a monkey patching wrapper to connect flake8 with pyproject.toml configuration ", "status": "updated"}, {"timestamp": 1712830793, "pkg": "types-flake8-builtins", "version": "2.5.0.20240411", "summary": "Typing stubs for flake8-builtins", "status": "updated"}, {"timestamp": 1712917187, "pkg": "flake8-pyi", "version": "24.4", "summary": "A plugin for flake8 to enable linting .pyi stub files.", "status": "updated"}, {"timestamp": 1713176353, "pkg": "flake8-no-else", "version": "0.1.3", "summary": "A flake8 plugin to enforce object calisthenics rule \"do not use ELSE\"", "status": "new"}, {"timestamp": 1713349239, "pkg": "flake8-no-nesting", "version": "0.1.1", "summary": "A flake8 plugin to enforce object calisthenics rule \"ONE level of indentation\"", "status": "new"}, {"timestamp": 1713435635, "pkg": "flake8-no-nesting", "version": "0.1.2", "summary": "A flake8 plugin to enforce object calisthenics rule \"ONE level of indentation\"", "status": "updated"}, {"timestamp": 1713608379, "pkg": "flake8-small-entities", "version": "0.1", "summary": "A flake8 plugin to enforce object calisthenics rule \"keep entities small\"", "status": "new"}, {"timestamp": 1713608379, "pkg": "flake8-pyi", "version": "24.4.1", "summary": "A plugin for flake8 to enable linting .pyi stub files.", "status": "updated"}, {"timestamp": 1713694753, "pkg": "flake8-one-dot", "version": "0.1.3", "summary": "A flake8 plugin to enforce object calisthenics rule \"one dot per line\"", "status": "new"}, {"timestamp": 1713694753, "pkg": "flake8-json", "version": "24.4", "summary": "JSON Formatting Reporter plugin for Flake8", "status": "updated"}, {"timestamp": 1713781244, "pkg": "flake8-bugbear", "version": "24.4.21", "summary": "A plugin for flake8 finding likely bugs and design problems in your program. Contains warnings that don't belong in pyflakes and pycodestyle.", "status": "updated"}, {"timestamp": 1713867567, "pkg": "types-flake8-bugbear", "version": "24.4.21.20240423", "summary": "Typing stubs for flake8-bugbear", "status": "updated"}, {"timestamp": 1714040382, "pkg": "flake8-deep-calls", "version": "0.1", "summary": "A flake8 plugin to enforce object calisthenics rule \"one level of nesting\"", "status": "new"}, {"timestamp": 1714213229, "pkg": "flake8-bugbear", "version": "24.4.26", "summary": "A plugin for flake8 finding likely bugs and design problems in your program. Contains warnings that don't belong in pyflakes and pycodestyle.", "status": "updated"}, {"timestamp": 1714299575, "pkg": "types-flake8-bugbear", "version": "24.4.26.20240428", "summary": "Typing stubs for flake8-bugbear", "status": "updated"}, {"timestamp": 1714904382, "pkg": "flake8-commas-x", "version": "3.post1", "summary": "Flake8 lint for trailing commas.", "status": "updated"}, {"timestamp": 1715077217, "pkg": "flake8-annotations", "version": "3.1", "summary": "Flake8 Type Annotation Checks", "status": "updated"}, {"timestamp": 1715250010, "pkg": "flake8-requirements", "version": "2.2", "summary": "Package requirements checker, plugin for flake8", "status": "updated"}, {"timestamp": 1715509204, "pkg": "types-flake8", "version": "7.0.0.20240511", "summary": "Typing stubs for flake8", "status": "new"}, {"timestamp": 1715768387, "pkg": "flake8-fill-one-line", "version": "0.4.1", "summary": "A Flake8 plugin to ensure an expression can be written in one line without exceeding the maximum length limit", "status": "updated"}, {"timestamp": 1715854770, "pkg": "flake8-fill-one-line", "version": "0.4.2", "summary": "A Flake8 plugin to ensure an expression can be written in one line without exceeding the maximum length limit", "status": "updated"}, {"timestamp": 1715941175, "pkg": "flake8-commas", "version": "4", "summary": "Flake8 lint for trailing commas.", "status": "updated"}, {"timestamp": 1715941175, "pkg": "flake8-commas-x", "version": "3.post2", "summary": "Flake8 lint for trailing commas.", "status": "updated"}, {"timestamp": 1715941175, "pkg": "pep8-naming", "version": "0.14", "summary": "Check PEP-8 naming conventions, plugin for flake8", "status": "updated"}, {"timestamp": 1716027567, "pkg": "flake8-annotations", "version": "3.1.1", "summary": "Flake8 Type Annotation Checks", "status": "updated"}, {"timestamp": 1716027567, "pkg": "pep8-naming", "version": "0.14.1", "summary": "Check PEP-8 naming conventions, plugin for flake8", "status": "updated"}, {"timestamp": 1716113993, "pkg": "types-flake8", "version": "7.0.0.20240519", "summary": "Typing stubs for flake8", "status": "updated"}, {"timestamp": 1716632425, "pkg": "flake8-django-hhupd", "version": "1.4.1", "summary": "Plugin to catch bad style specific to Django Projects.", "status": "new"}, {"timestamp": 1716805238, "pkg": "flake8-to-ruff", "version": "0.0.234", "summary": "Convert existing Flake8 configuration to Ruff.", "status": "updated"}, {"timestamp": 1716978057, "pkg": "flake8-type-checking", "version": "2.9.1", "summary": "A flake8 plugin for managing type-checking imports & forward references", "status": "updated"}, {"timestamp": 1717323656, "pkg": "flake8-typing-collections", "version": "2.1", "summary": "A flake8 plugin that checks the use of type alternatives from the typing module over actual run time types, especially from the collections module.", "status": "updated"}, {"timestamp": 1717410073, "pkg": "flake8-classmethod-staticmethod", "version": "2.1", "summary": "flake8 plugin that checks rules regarding the staticmethod and classmethod decorators.", "status": "updated"}, {"timestamp": 1718187612, "pkg": "flake8-logging-format", "version": "2024.24.12", "summary": null, "status": "updated"}, {"timestamp": 1718274002, "pkg": "flake8-pyi", "version": "24.6", "summary": "A plugin for flake8 to enable linting .pyi stub files.", "status": "updated"}, {"timestamp": 1718360391, "pkg": "dlint", "version": "0.15", "summary": "Dlint is a tool for encouraging best coding practices and helping ensure Python code is secure.", "status": "updated"}, {"timestamp": 1718533248, "pkg": "flake8", "version": "7.1", "summary": "the modular source code checker: pep8 pyflakes and co", "status": "updated"}, {"timestamp": 1718533248, "pkg": "pycodestyle", "version": "2.12", "summary": "Python style guide checker", "status": "updated"}, {"timestamp": 1718533248, "pkg": "types-flake8", "version": "7.1.0.20240616", "summary": "Typing stubs for flake8", "status": "updated"}, {"timestamp": 1718792472, "pkg": "flake8-airflow", "version": "0.1.2", "summary": "Flake8 extension for Apache Airflow static analysis rules.", "status": "new"}, {"timestamp": 1718792472, "pkg": "flake8-cgx", "version": "0.1", "summary": "Flake8 plugin for cgx (Collagraph single file component) files", "status": "new"}, {"timestamp": 1718792472, "pkg": "flake8-no-nested-comprehensions", "version": "1", "summary": "A flake8 plugin to disallow nested comprehensions", "status": "new"}, {"timestamp": 1718792472, "pkg": "flake8-custom-import-rules", "version": "1.1.4", "summary": "A Flake8 plugin that enforces custom import rules, allowing users to define and maintain clean and consistent import organization across their Python projects.", "status": "new"}, {"timestamp": 1718792472, "pkg": "flake8-pydantic-fields", "version": "0.1.11", "summary": null, "status": "new"}, {"timestamp": 1718792472, "pkg": "flake8-drf", "version": "0.1", "summary": "", "status": "new"}, {"timestamp": 1718792472, "pkg": "flake8-num-positionl-args", "version": "0.0.2", "summary": "flake8 plugin for check num of positional args.", "status": "new"}, {"timestamp": 1718792472, "pkg": "flake8-qa-style", "version": "1", "summary": "flake8 based linter for e2e tests", "status": "new"}, {"timestamp": 1718792472, "pkg": "flake8-vedro", "version": "1.0.1", "summary": "flake8 based linter for vedro framework", "status": "new"}, {"timestamp": 1718792472, "pkg": "flake8-unused-globals", "version": "0.1.10", "summary": null, "status": "new"}, {"timestamp": 1718792472, "pkg": "flake8-has-docstring", "version": "0.1.7", "summary": null, "status": "new"}, {"timestamp": 1718792472, "pkg": "flake8-assert-finder", "version": "1", "summary": "A simple flake8 Plugin that checks if assert is used", "status": "new"}, {"timestamp": 1718792472, "pkg": "flake8-numbers", "version": "0.1", "summary": "Flake8 Numbers Plugin", "status": "new"}, {"timestamp": 1718792472, "pkg": "flake8-env-patterns", "version": "0.2.2", "summary": "flake8 plugin which checks environment variable access against allowed patterns", "status": "new"}, {"timestamp": 1718792472, "pkg": "flake8-one-letter-variables-check", "version": "0.0.2", "summary": "flake8 plugin for checking out one-letter variables", "status": "new"}, {"timestamp": 1718792472, "pkg": "flake8-numba", "version": "0.4", "summary": "Perform checks over numba usage", "status": "new"}, {"timestamp": 1718792472, "pkg": "flake8-assert-check", "version": "0.1.1", "summary": "Plugin for flake8 that checks for asserts in tests.", "status": "new"}, {"timestamp": 1718792472, "pkg": "flake8-obey-import-goat", "version": "0.1.1", "summary": "An extension for flake8 that forbids some imports statements in some modules.", "status": "new"}, {"timestamp": 1718792472, "pkg": "flake8-vcs-ext", "version": "2.0.2", "summary": "\u041f\u043b\u0430\u0433\u0438\u043d flake8 \u0441 \u043f\u0440\u043e\u0432\u0435\u0440\u043a\u043e\u0439 \u043d\u0430 \u0434\u043e\u043f\u043e\u043b\u043d\u0438\u0442\u0435\u043b\u044c\u043d\u044b\u0435 \u0441\u0442\u0430\u043d\u0434\u0430\u0440\u0442\u044b \u043a\u043e\u0434\u0430, \u043f\u0440\u0438\u043d\u044f\u0442\u044b\u0435 \u043d\u0430 \u043f\u0440\u043e\u0435\u043a\u0442\u0435 VCS", "status": "new"}, {"timestamp": 1718792472, "pkg": "flake8-allowlist-imports", "version": "0.1.2", "summary": "flake8 plugin to allowlist imports", "status": "new"}, {"timestamp": 1718792472, "pkg": "flake8-qt-tr", "version": "0.2", "summary": "Flake8 extension for detecting incorrect QT translation", "status": "new"}, {"timestamp": 1718792472, "pkg": "flake8-vedro-allure", "version": "1", "summary": "flake8 based linter for vedro framework with integrated allure", "status": "new"}, {"timestamp": 1718792472, "pkg": "flake8-import-relative-two", "version": "0.2", "summary": "Flake8 plugin that checks for relative imports up to a maximum of level two", "status": "new"}, {"timestamp": 1718792472, "pkg": "flake8-errmsg", "version": "0.5", "summary": "Flake8 checker for raw literals inside raises.", "status": "new"}, {"timestamp": 1718792472, "pkg": "flake8-qchecker", "version": "1a1", "summary": "Flake8 plugin for qChecker", "status": "new"}, {"timestamp": 1718792472, "pkg": "flake8-cohesion", "version": "1.0.1", "summary": "A flake8 extension for measuring Python class cohesion.", "status": "new"}, {"timestamp": 1718792472, "pkg": "flake8-less-than", "version": "0.1", "summary": "", "status": "new"}, {"timestamp": 1718792472, "pkg": "flake8-ruff", "version": "0.3", "summary": "A Flake8 plugin that implements miscellaneous checks from Ruff.", "status": "new"}, {"timestamp": 1718792472, "pkg": "flake8-logging-arg-count", "version": "0.3", "summary": "A flake8 plugin for detecting logging statements with mismatched argument counts", "status": "new"}, {"timestamp": 1718792472, "pkg": "flake8-match", "version": "1.1", "summary": "flake8 plugin which forbids match statements (PEP 634)", "status": "new"}, {"timestamp": 1718792472, "pkg": "flake8-isolated-packages", "version": "2.3", "summary": "This Flake8 plugin is for checking imports isolations.", "status": "updated"}, {"timestamp": 1718792472, "pkg": "autohooks-plugin-flake8", "version": "23.10", "summary": "An autohooks plugin for python code linting via flake8.", "status": "updated"}, {"timestamp": 1718792472, "pkg": "flufl-flake8", "version": "0.10", "summary": "A flake8 plugin for GNU Mailman import order", "status": "updated"}, {"timestamp": 1718792472, "pkg": "wemake-python-styleguide", "version": "0.19.2", "summary": "The strictest and most opinionated python linter ever", "status": "updated"}, {"timestamp": 1718792472, "pkg": "flake8-async", "version": "24.6.1", "summary": "A highly opinionated flake8 plugin for Trio-related problems.", "status": "updated"}, {"timestamp": 1718792472, "pkg": "cg-flake8-reporter", "version": "1!1.0.1", "summary": "", "status": "updated"}, {"timestamp": 1718792472, "pkg": "flake8-pydantic", "version": "0.3.1", "summary": "A flake8 plugin to check Pydantic related code.", "status": "updated"}, {"timestamp": 1718792472, "pkg": "flake8-complicated-walrus", "version": "2.1", "summary": "This Flake8 plugin for checking complicated assignment expressions.", "status": "updated"}, {"timestamp": 1718792472, "pkg": "flake8-simple-string-first-arg", "version": "0.2", "summary": "This Flake8 plugin for checking that first param of callable is simple string.", "status": "updated"}]