[{"timestamp": 1615631583, "pkg": "flake8-typing-only-imports", "version": "0.1.12", "summary": "A flake8 plugin that flags imports exclusively used for type annotations", "status": "updated"}, {"timestamp": 1615717972, "pkg": "flake8-pytest-style", "version": "1.4", "summary": "A flake8 plugin checking common style issues or inconsistencies with pytest-based tests.", "status": "updated"}, {"timestamp": 1615804383, "pkg": "pyflakes", "version": "2.3", "summary": "passive checker of Python programs", "status": "updated"}, {"timestamp": 1615804383, "pkg": "flake8-typing-only-imports", "version": "0.2.2", "summary": "A flake8 plugin to flag imports exclusively used for type annotations", "status": "updated"}, {"timestamp": 1615804383, "pkg": "pycodestyle", "version": "2.7", "summary": "Python style guide checker", "status": "updated"}, {"timestamp": 1615804383, "pkg": "flake8", "version": "3.9", "summary": "the modular source code checker: pep8 pyflakes and co", "status": "updated"}, {"timestamp": 1615977230, "pkg": "flake8-sphinx-links", "version": "0.2", "summary": "A Flake8 plugin to check docstrings for double backticked strings which should be links to the Python documentation.", "status": "updated"}, {"timestamp": 1615977230, "pkg": "flake8-slots", "version": "0.1.3", "summary": "A Flake8 plugin to require __slots__ to be defined for subclasses of immutable types.", "status": "updated"}, {"timestamp": 1615977230, "pkg": "flake8-encodings", "version": "0.1.1", "summary": "A Flake8 plugin to identify incorrect use of encodings.", "status": "updated"}, {"timestamp": 1615977230, "pkg": "flake8-dunder-all", "version": "0.1.6", "summary": "A Flake8 plugin and pre-commit hook which checks to ensure modules have defined '__all__'.", "status": "updated"}, {"timestamp": 1615977230, "pkg": "flake8-strftime", "version": "0.3", "summary": "A flake8 plugin which checks for use of platform specific strftime codes.", "status": "updated"}, {"timestamp": 1615977230, "pkg": "flake8-annotations", "version": "2.6.1", "summary": "Flake8 Type Annotation Checks", "status": "updated"}, {"timestamp": 1615977230, "pkg": "nitpick", "version": "0.26", "summary": "Enforce the same configuration across multiple projects", "status": "updated"}, {"timestamp": 1616063630, "pkg": "flake8-nb", "version": "0.2.6", "summary": "Flake8 based checking for jupyter notebooks", "status": "updated"}, {"timestamp": 1616063630, "pkg": "flake8-dunder-all", "version": "0.1.7", "summary": "A Flake8 plugin and pre-commit hook which checks to ensure modules have defined '__all__'.", "status": "updated"}, {"timestamp": 1616150016, "pkg": "pytest-flake8dir", "version": "2.3.1", "summary": "A pytest fixture for testing flake8 plugins.", "status": "updated"}, {"timestamp": 1616150016, "pkg": "flake8-docstrings", "version": "1.6", "summary": "Extension for flake8 which uses pydocstyle to check docstrings", "status": "updated"}, {"timestamp": 1616150016, "pkg": "flake8-sphinx-links", "version": "0.2.1", "summary": "A Flake8 plugin to check docstrings for double backticked strings which should be links to the Python documentation.", "status": "updated"}, {"timestamp": 1616150016, "pkg": "flake8-slots", "version": "0.1.4", "summary": "A Flake8 plugin to require __slots__ to be defined for subclasses of immutable types.", "status": "updated"}, {"timestamp": 1616150016, "pkg": "flake8-comprehensions", "version": "3.4", "summary": "A flake8 plugin to help you write better list/set/dict comprehensions.", "status": "updated"}, {"timestamp": 1616150016, "pkg": "flake8-strftime", "version": "0.3.1", "summary": "A flake8 plugin which checks for use of platform specific strftime codes.", "status": "updated"}, {"timestamp": 1616236462, "pkg": "flake8-test-name", "version": "0.1.1", "summary": "Invalid test name checker, plugin for flake8", "status": "new"}, {"timestamp": 1616409264, "pkg": "flake8-functions-names", "version": "0.0.3", "summary": "An extension for flake8 that validates functions names, decomposition and conformity with annotations.", "status": "new"}, {"timestamp": 1616409264, "pkg": "flake8-test-name", "version": "0.1.5", "summary": "Invalid test name checker, plugin for flake8", "status": "updated"}, {"timestamp": 1616495725, "pkg": "pyproject-flake8", "version": "0.0.1a1", "summary": "pyproject-flake8 (`pflake8`), a monkey patching wrapper to connect flake8 with pyproject.toml configuration ", "status": "new"}, {"timestamp": 1616495725, "pkg": "flake8-functions-names", "version": "0.0.5", "summary": "An extension for flake8 that validates functions names, decomposition and conformity with annotations.", "status": "updated"}, {"timestamp": 1616668955, "pkg": "flake8-encodings", "version": "0.2.1", "summary": "A Flake8 plugin to identify incorrect use of encodings.", "status": "updated"}, {"timestamp": 1616668955, "pkg": "pyflakes", "version": "2.3.1", "summary": "passive checker of Python programs", "status": "updated"}, {"timestamp": 1616754953, "pkg": "flake8-multiline-containers", "version": "0.0.18", "summary": "Ensure a consistent format for multiline containers.", "status": "updated"}, {"timestamp": 1616754953, "pkg": "flake8-encodings", "version": "0.2.2", "summary": "A Flake8 plugin to identify incorrect use of encodings.", "status": "updated"}, {"timestamp": 1616754953, "pkg": "flake8-tabs", "version": "2.3", "summary": "Tab (or Spaces) indentation style checker for flake", "status": "updated"}, {"timestamp": 1616841336, "pkg": "flake8-tabs", "version": "2.3.1", "summary": "Tab (or Spaces) indentation style checker for flake", "status": "updated"}, {"timestamp": 1616841336, "pkg": "good-smell", "version": "0.18", "summary": "A linter/refactoring tool to make your code smell better!", "status": "updated"}, {"timestamp": 1616927714, "pkg": "flake8-requirements", "version": "1.4", "summary": "Package requirements checker, plugin for flake8", "status": "updated"}, {"timestamp": 1616927714, "pkg": "flake8-encodings", "version": "0.3.2", "summary": "A Flake8 plugin to identify incorrect use of encodings.", "status": "updated"}, {"timestamp": 1617014205, "pkg": "flake8-name-migrations", "version": "0.1", "summary": "Flake8 hook for reminding you to give your Django migrations human readable names", "status": "new"}, {"timestamp": 1617186974, "pkg": "flake8-encodings", "version": "0.3.4", "summary": "A Flake8 plugin to identify incorrect use of encodings.", "status": "updated"}, {"timestamp": 1617273389, "pkg": "flake8-tuple-trailing-commas", "version": "0.1.1", "summary": "flake8 plugin for enforcing trailing commas in tuples", "status": "new"}, {"timestamp": 1617359743, "pkg": "flake8-pytest-style", "version": "1.4.1", "summary": "A flake8 plugin checking common style issues or inconsistencies with pytest-based tests.", "status": "updated"}, {"timestamp": 1617359743, "pkg": "flake8-annotations", "version": "2.6.2", "summary": "Flake8 Type Annotation Checks", "status": "updated"}, {"timestamp": 1617359743, "pkg": "flake8-bugbear", "version": "21.4.3", "summary": "A plugin for flake8 finding likely bugs and design problems in your program. Contains warnings that don't belong in pyflakes and pycodestyle.", "status": "updated"}, {"timestamp": 1617446089, "pkg": "flake8-type-checking", "version": "0.1.1", "summary": "A flake8 plugin for managing type-checking imports & forward references", "status": "new"}, {"timestamp": 1617532498, "pkg": "flake8-type-checking", "version": "0.1.2", "summary": "A flake8 plugin for managing type-checking imports & forward references", "status": "updated"}, {"timestamp": 1617618940, "pkg": "flake8-type-checking", "version": "1", "summary": "A flake8 plugin for managing type-checking imports & forward references", "status": "updated"}, {"timestamp": 1617618940, "pkg": "darglint", "version": "1.8", "summary": "A utility for ensuring Google-style docstrings stay up to date with the source code.", "status": "updated"}, {"timestamp": 1617791630, "pkg": "flake8-use-pathlib", "version": "0.2", "summary": "A plugin for flake8 finding use of functions that can be replaced by pathlib module.", "status": "new"}, {"timestamp": 1617791630, "pkg": "flake8-pathlib", "version": "0.1.4", "summary": "flake8-pathlib is now flake8-use-pathlib", "status": "updated"}, {"timestamp": 1617791630, "pkg": "pyproject-flake8", "version": "0.0.1a2", "summary": "pyproject-flake8 (`pflake8`), a monkey patching wrapper to connect flake8 with pyproject.toml configuration ", "status": "updated"}, {"timestamp": 1617791630, "pkg": "flake8-django-migrations", "version": "0.1.1", "summary": "Flake8 plugin to lint for backwards incompatible database migrations", "status": "updated"}, {"timestamp": 1618050888, "pkg": "flake8-alphabetize", "version": "0.0.3", "summary": "A Python style checker for alphabetizing import and __all__.", "status": "new"}, {"timestamp": 1618137280, "pkg": "flake8-alphabetize", "version": "0.0.8", "summary": "A Python style checker for alphabetizing import and __all__.", "status": "updated"}]