[{"timestamp": 1658139650, "pkg": "flake8-pytest-fixtures-style", "version": "0.0.3", "summary": "A flake8 extension that checks pytest fixtures", "status": "updated"}, {"timestamp": 1658398824, "pkg": "flake8-trio", "version": "22.7.1", "summary": "A highly opinionated flake8 plugin for Trio-related problems.", "status": "new"}, {"timestamp": 1658398824, "pkg": "flake8-allure-tree", "version": "1.0.1", "summary": "Flake8 plugin to check allure decorators on test classes and methods", "status": "new"}, {"timestamp": 1658398824, "pkg": "flake8-noqa", "version": "1.2.7", "summary": "Flake8 noqa comment validation", "status": "updated"}, {"timestamp": 1658398824, "pkg": "flake8-postponed-annotations", "version": "1.1.2", "summary": "Flake8 postponed annotations validation", "status": "updated"}, {"timestamp": 1658398824, "pkg": "flake8-literal", "version": "1.2.4", "summary": "Flake8 string literal validation", "status": "updated"}, {"timestamp": 1658485231, "pkg": "flake8-trio", "version": "22.7.2", "summary": "A highly opinionated flake8 plugin for Trio-related problems.", "status": "updated"}, {"timestamp": 1658571628, "pkg": "flake8-for-pycharm", "version": "0.3.3", "summary": "Add flake8 support to pycharm. See README for how to use.", "status": "updated"}, {"timestamp": 1658744404, "pkg": "flake8-pyi", "version": "22.7", "summary": "A plugin for flake8 to enable linting .pyi files.", "status": "updated"}, {"timestamp": 1658830825, "pkg": "flake8-isort", "version": "4.1.2.post0", "summary": "flake8 plugin that integrates isort .", "status": "updated"}, {"timestamp": 1658917259, "pkg": "flake8-trio", "version": "22.7.3", "summary": "A highly opinionated flake8 plugin for Trio-related problems.", "status": "updated"}, {"timestamp": 1659003622, "pkg": "flake8-use-fstring", "version": "1.4", "summary": "Flake8 plugin for string formatting style.", "status": "updated"}, {"timestamp": 1659003622, "pkg": "flake8-type-checking", "version": "2.0.7", "summary": "A flake8 plugin for managing type-checking imports & forward references", "status": "updated"}, {"timestamp": 1659090024, "pkg": "flake8-simplify", "version": "0.19.3", "summary": "flake8 plugin which checks for code that can be simplified", "status": "updated"}, {"timestamp": 1659090024, "pkg": "flake8-type-checking", "version": "2.1", "summary": "A flake8 plugin for managing type-checking imports & forward references", "status": "updated"}, {"timestamp": 1659090024, "pkg": "flake8-trio", "version": "22.7.4", "summary": "A highly opinionated flake8 plugin for Trio-related problems.", "status": "updated"}, {"timestamp": 1659262797, "pkg": "pyflakes", "version": "2.5", "summary": "passive checker of Python programs", "status": "updated"}, {"timestamp": 1659262797, "pkg": "pycodestyle", "version": "2.9", "summary": "Python style guide checker", "status": "updated"}, {"timestamp": 1659262797, "pkg": "flake8-unused-arguments", "version": "0.0.11", "summary": "flake8 extension to warn on unused function arguments", "status": "updated"}, {"timestamp": 1659262797, "pkg": "flake8-trio", "version": "22.7.5", "summary": "A highly opinionated flake8 plugin for Trio-related problems.", "status": "updated"}, {"timestamp": 1659262797, "pkg": "flake8", "version": "5", "summary": "the modular source code checker: pep8 pyflakes and co", "status": "updated"}, {"timestamp": 1659349234, "pkg": "flake8", "version": "5.0.1", "summary": "the modular source code checker: pep8 pyflakes and co", "status": "updated"}, {"timestamp": 1659349234, "pkg": "flake8-pyproject", "version": "0.9.1", "summary": "Runs Flake8 with configuration from pyproject.toml.", "status": "updated"}, {"timestamp": 1659349234, "pkg": "flake8-dunder-all", "version": "0.2.2", "summary": "A Flake8 plugin and pre-commit hook which checks to ensure modules have defined '__all__'.", "status": "updated"}, {"timestamp": 1659435668, "pkg": "flake8-noqa", "version": "1.2.8", "summary": "Flake8 noqa comment validation", "status": "updated"}, {"timestamp": 1659435668, "pkg": "flake8-typing-imports", "version": "1.13", "summary": "flake8 plugin which checks that typing imports are properly guarded", "status": "updated"}, {"timestamp": 1659435668, "pkg": "flake8-walrus", "version": "1.2", "summary": "flake8 plugin which forbids assignment expressions (the walrus operator)", "status": "updated"}, {"timestamp": 1659435668, "pkg": "flake8-pyi", "version": "22.8", "summary": "A plugin for flake8 to enable linting .pyi files.", "status": "updated"}, {"timestamp": 1659435668, "pkg": "flake8", "version": "5.0.3", "summary": "the modular source code checker: pep8 pyflakes and co", "status": "updated"}, {"timestamp": 1659435668, "pkg": "flake8-literal", "version": "1.2.5", "summary": "Flake8 string literal validation", "status": "updated"}, {"timestamp": 1659435668, "pkg": "flake8-postponed-annotations", "version": "1.1.3", "summary": "Flake8 postponed annotations validation", "status": "updated"}, {"timestamp": 1659435668, "pkg": "flake8-annotations", "version": "2.9.1", "summary": "Flake8 Type Annotation Checks", "status": "updated"}, {"timestamp": 1659435668, "pkg": "flake8-pyproject", "version": "1", "summary": "Runs Flake8 with configuration from pyproject.toml.", "status": "updated"}, {"timestamp": 1659435668, "pkg": "flake8-2020", "version": "1.7", "summary": "flake8 plugin which checks for misuse of `sys.version` or `sys.version_info`", "status": "updated"}, {"timestamp": 1659522031, "pkg": "flake8-copyright", "version": "0.2.3", "summary": "Adds copyright checks to flake8", "status": "updated"}, {"timestamp": 1659522031, "pkg": "flake8-literal", "version": "1.2.6", "summary": "Flake8 string literal validation", "status": "updated"}, {"timestamp": 1659522031, "pkg": "flake8-future-import", "version": "0.4.7", "summary": "__future__ import checker, plugin for flake8", "status": "updated"}, {"timestamp": 1659522031, "pkg": "flake8-pyi", "version": "22.8.1", "summary": "A plugin for flake8 to enable linting .pyi files.", "status": "updated"}, {"timestamp": 1659522031, "pkg": "flake8-trio", "version": "22.7.6", "summary": "A highly opinionated flake8 plugin for Trio-related problems.", "status": "updated"}, {"timestamp": 1659608393, "pkg": "flake8", "version": "5.0.4", "summary": "the modular source code checker: pep8 pyflakes and co", "status": "updated"}, {"timestamp": 1659608393, "pkg": "flake8-force", "version": "0.0.2", "summary": "flake8 extension to force running check", "status": "updated"}, {"timestamp": 1659608393, "pkg": "pycodestyle", "version": "2.9.1", "summary": "Python style guide checker", "status": "updated"}, {"timestamp": 1659694828, "pkg": "flake8-isort", "version": "4.2", "summary": "flake8 plugin that integrates isort .", "status": "updated"}, {"timestamp": 1659694828, "pkg": "flake8-django", "version": "1.1.4", "summary": "Plugin to catch bad style specific to Django Projects.", "status": "updated"}, {"timestamp": 1659694828, "pkg": "types-flake8-2020", "version": "1.7", "summary": "Typing stubs for flake8-2020", "status": "updated"}, {"timestamp": 1659694828, "pkg": "flake8-type-checking", "version": "2.1.2", "summary": "A flake8 plugin for managing type-checking imports & forward references", "status": "updated"}, {"timestamp": 1659694828, "pkg": "types-flake8-typing-imports", "version": "1.13", "summary": "Typing stubs for flake8-typing-imports", "status": "updated"}, {"timestamp": 1659781195, "pkg": "flake8-trio", "version": "22.8.1", "summary": "A highly opinionated flake8 plugin for Trio-related problems.", "status": "updated"}, {"timestamp": 1659867592, "pkg": "flake8-pyproject", "version": "1.0.1", "summary": "Runs Flake8 with configuration from pyproject.toml.", "status": "updated"}, {"timestamp": 1659954027, "pkg": "flake8-trio", "version": "22.8.2", "summary": "A highly opinionated flake8 plugin for Trio-related problems.", "status": "updated"}, {"timestamp": 1659954027, "pkg": "flake8-postponed-annotations", "version": "1.2", "summary": "Flake8 postponed annotations validation", "status": "updated"}, {"timestamp": 1660040451, "pkg": "flake8-ban-utcnow", "version": "0.1", "summary": "flake8 plugin which bans the usage of datetime.datetime.utcnow", "status": "new"}, {"timestamp": 1660040451, "pkg": "flake8-pytest", "version": "1.4", "summary": "pytest assert checker plugin for flake8", "status": "updated"}, {"timestamp": 1660040451, "pkg": "flake8-logging-format", "version": "0.7.4", "summary": null, "status": "updated"}, {"timestamp": 1660040451, "pkg": "flake8-pie", "version": "0.16", "summary": "A flake8 extension that implements misc. lints", "status": "updated"}, {"timestamp": 1660040451, "pkg": "pyproject-flake8", "version": "0.0.1a5", "summary": "pyproject-flake8 (`pflake8`), a monkey patching wrapper to connect flake8 with pyproject.toml configuration ", "status": "updated"}, {"timestamp": 1660040451, "pkg": "flake8-trio", "version": "22.8.3", "summary": "A highly opinionated flake8 plugin for Trio-related problems.", "status": "updated"}, {"timestamp": 1660126792, "pkg": "flake8-trio", "version": "22.8.4", "summary": "A highly opinionated flake8 plugin for Trio-related problems.", "status": "updated"}, {"timestamp": 1660126792, "pkg": "dlint", "version": "0.13", "summary": "Dlint is a tool for encouraging best coding practices and helping ensure Python code is secure.", "status": "updated"}, {"timestamp": 1660126792, "pkg": "flake8-tkinter", "version": "0.2.1", "summary": "Flake8 plugin to detect (too) common mistakes and bad practices in Tkinter projects", "status": "updated"}, {"timestamp": 1660213215, "pkg": "flake8-eradicate", "version": "1.3", "summary": "Flake8 plugin to find commented out code", "status": "updated"}, {"timestamp": 1660213215, "pkg": "flake8-broken-line", "version": "0.5", "summary": "Flake8 plugin to forbid backslashes for line breaks", "status": "updated"}, {"timestamp": 1660213215, "pkg": "flake8-tkinter", "version": "0.2.5", "summary": "Flake8 plugin to detect (too) common mistakes and bad practices in Tkinter projects", "status": "updated"}, {"timestamp": 1660213215, "pkg": "flake8-django", "version": "1.1.5", "summary": "Plugin to catch bad style specific to Django Projects.", "status": "updated"}, {"timestamp": 1660299657, "pkg": "flake8-tkinter", "version": "0.5", "summary": "Flake8 plugin to detect (too) common mistakes and bad practices in Tkinter projects", "status": "updated"}, {"timestamp": 1660299657, "pkg": "flake8-trio", "version": "22.8.5", "summary": "A highly opinionated flake8 plugin for Trio-related problems.", "status": "updated"}, {"timestamp": 1660299657, "pkg": "flake8-pyproject", "version": "1.1", "summary": "Runs Flake8 with configuration from pyproject.toml.", "status": "updated"}, {"timestamp": 1660385997, "pkg": "flake8-pyproject", "version": "1.1.post0", "summary": "Flake8 plug-in loading the configuration from pyproject.toml", "status": "updated"}, {"timestamp": 1660472406, "pkg": "flake8-use-pathlib", "version": "0.3", "summary": "A plugin for flake8 finding use of functions that can be replaced by pathlib module.", "status": "updated"}, {"timestamp": 1660645211, "pkg": "flake8-trio", "version": "22.8.6", "summary": "A highly opinionated flake8 plugin for Trio-related problems.", "status": "updated"}, {"timestamp": 1660645211, "pkg": "flake8-nb", "version": "0.5", "summary": "Flake8 based checking for jupyter notebooks", "status": "updated"}, {"timestamp": 1660731613, "pkg": "flake8-postponed-annotations", "version": "1.3", "summary": "Flake8 postponed annotations validation", "status": "updated"}, {"timestamp": 1660731613, "pkg": "flake8-nb", "version": "0.5.1", "summary": "Flake8 based checking for jupyter notebooks", "status": "updated"}, {"timestamp": 1660731613, "pkg": "flake8-tkinter", "version": "0.5.4", "summary": "Flake8 plugin to detect (too) common mistakes and bad practices in Tkinter projects", "status": "updated"}]