[{"timestamp": 1624012442, "pkg": "flake8-pytest-style", "version": "1.5", "summary": "A flake8 plugin checking common style issues or inconsistencies with pytest-based tests.", "status": "updated"}, {"timestamp": 1624012442, "pkg": "flake8-alphabetize", "version": "0.0.15", "summary": "A Python style checker for alphabetizing import and __all__.", "status": "updated"}, {"timestamp": 1624271649, "pkg": "flake8-secure-coding-standard", "version": "1.0.1", "summary": "Flake8 plugin adding some checks to make Python code adhere to more secure coding standard", "status": "new"}, {"timestamp": 1624271649, "pkg": "flake8-requirements", "version": "1.5", "summary": "Package requirements checker, plugin for flake8", "status": "updated"}, {"timestamp": 1624358045, "pkg": "flake8-eradicate", "version": "1.1", "summary": "Flake8 plugin to find commented out code", "status": "updated"}, {"timestamp": 1624358045, "pkg": "wemake-python-styleguide", "version": "0.15.3", "summary": "The strictest and most opinionated python linter ever", "status": "updated"}, {"timestamp": 1624530657, "pkg": "flake8-intsights", "version": "0.1.6", "summary": "Uncompromising and opinionated flake8 plugin which follows Intsights' practices", "status": "updated"}, {"timestamp": 1624617100, "pkg": "flake8-qgis", "version": "0.1.2", "summary": "Flake8 plugin for QGIS python plugins.", "status": "new"}, {"timestamp": 1624703486, "pkg": "flake8-type-checking", "version": "1.0.3", "summary": "A flake8 plugin for managing type-checking imports & forward references", "status": "updated"}, {"timestamp": 1624703486, "pkg": "flake8-pie", "version": "0.14", "summary": "A flake8 extension that implements misc. lints", "status": "updated"}, {"timestamp": 1624962714, "pkg": "flake8-qgis", "version": "0.1.3", "summary": "Flake8 plugin for QGIS python plugins.", "status": "updated"}, {"timestamp": 1625221835, "pkg": "flake8-loopy", "version": "1.1", "summary": "flake8 plugin to check code quality in loops", "status": "updated"}, {"timestamp": 1625308225, "pkg": "flake8-secure-coding-standard", "version": "1.1", "summary": "Flake8 plugin adding some checks to make Python code adhere to more secure coding standard", "status": "updated"}, {"timestamp": 1625740300, "pkg": "pep8-naming", "version": "0.12", "summary": "Check PEP-8 naming conventions, plugin for flake8", "status": "updated"}, {"timestamp": 1625999382, "pkg": "flake8-future-annotations", "version": "0.0.2", "summary": "Verifies python 3.7+ files use from __future__ import annotations", "status": "new"}, {"timestamp": 1626517846, "pkg": "flake8-black", "version": "0.2.3", "summary": "flake8 plugin to call black as a code style validator", "status": "updated"}, {"timestamp": 1626690695, "pkg": "flake8-secure-coding-standard", "version": "1.2", "summary": "Flake8 plugin adding some checks to make Python code adhere to more secure coding standard", "status": "updated"}, {"timestamp": 1626777085, "pkg": "tryceratops", "version": "0.2.5", "summary": "A linter to manage your exception like a PRO!", "status": "new"}, {"timestamp": 1626777085, "pkg": "flake8-secure-coding-standard", "version": "1.2.1", "summary": "Flake8 plugin adding some checks to make Python code adhere to more secure coding standard", "status": "updated"}, {"timestamp": 1626863453, "pkg": "nitpick", "version": "0.27", "summary": "Enforce the same settings across multiple language-independent projects", "status": "updated"}, {"timestamp": 1626863453, "pkg": "tryceratops", "version": "0.2.6", "summary": "A linter to manage your exception like a PRO!", "status": "updated"}, {"timestamp": 1626949885, "pkg": "tryceratops", "version": "0.3", "summary": "A linter to manage your exception like a PRO!", "status": "updated"}, {"timestamp": 1627122619, "pkg": "flake8-typehinting", "version": "0.1", "summary": "Type Hinting Flake8 Extension", "status": "new"}, {"timestamp": 1627209062, "pkg": "flake8-fastapi", "version": "0.5.1", "summary": "flake8 plugin that checks FastAPI code against opiniated style rules \ud83e\udd13", "status": "updated"}, {"timestamp": 1627296536, "pkg": "flake8-fastapi", "version": "0.6.1", "summary": "flake8 plugin that checks FastAPI code against opiniated style rules \ud83e\udd13", "status": "updated"}, {"timestamp": 1627381878, "pkg": "flake8-json", "version": "21.7", "summary": "JSON Formatting Reporter plugin for Flake8", "status": "updated"}, {"timestamp": 1627381878, "pkg": "flake8-alphabetize", "version": "0.0.16", "summary": "A Python style checker for alphabetizing import and __all__.", "status": "updated"}, {"timestamp": 1627727393, "pkg": "tryceratops", "version": "0.4", "summary": "A linter to manage your exception like a PRO!", "status": "updated"}, {"timestamp": 1627813843, "pkg": "tryceratops", "version": "0.5", "summary": "A linter to manage your exception like a PRO!", "status": "updated"}, {"timestamp": 1628418613, "pkg": "pep8-naming", "version": "0.12.1", "summary": "Check PEP-8 naming conventions, plugin for flake8", "status": "updated"}, {"timestamp": 1628418613, "pkg": "flake8-future-annotations", "version": "0.0.3", "summary": "Verifies python 3.7+ files use from __future__ import annotations", "status": "updated"}, {"timestamp": 1628505084, "pkg": "flake8-action-hero", "version": "0.1.1", "summary": "A plugin for flake8 that performs conditional FIXME/TODO checks.", "status": "new"}, {"timestamp": 1628591459, "pkg": "pytest-flake8-path", "version": "1", "summary": "A pytest fixture for testing flake8 plugins.", "status": "new"}, {"timestamp": 1628591459, "pkg": "flake8-qgis", "version": "0.1.4", "summary": "Flake8 plugin for QGIS python plugins.", "status": "updated"}, {"timestamp": 1628591459, "pkg": "pytest-flake8dir", "version": "2.6", "summary": "A pytest fixture for testing flake8 plugins.", "status": "updated"}, {"timestamp": 1628677963, "pkg": "pytest-flake8dir", "version": "2.6.1", "summary": "A pytest fixture for testing flake8 plugins.", "status": "updated"}, {"timestamp": 1628677963, "pkg": "flake8-requirements", "version": "1.5.1", "summary": "Package requirements checker, plugin for flake8", "status": "updated"}, {"timestamp": 1628677963, "pkg": "pytest-flake8-path", "version": "1.1", "summary": "A pytest fixture for testing flake8 plugins.", "status": "updated"}, {"timestamp": 1628764248, "pkg": "flake8-tidy-imports", "version": "4.4.1", "summary": "A flake8 plugin that helps you write tidier imports.", "status": "updated"}, {"timestamp": 1628850646, "pkg": "flake8-functions-names", "version": "0.0.6", "summary": "An extension for flake8 that validates functions names, decomposition and conformity with annotations.", "status": "updated"}, {"timestamp": 1628937027, "pkg": "flake8-too-many", "version": "0.1", "summary": "A flake8 plugin that prevents you from writing \"too many\" bad codes.", "status": "new"}, {"timestamp": 1628937027, "pkg": "flake8-comprehensions", "version": "3.6", "summary": "A flake8 plugin to help you write better list/set/dict comprehensions.", "status": "updated"}, {"timestamp": 1629109906, "pkg": "flake8-too-many", "version": "0.1.1", "summary": "A flake8 plugin that prevents you from writing \"too many\" bad codes.", "status": "updated"}, {"timestamp": 1629109906, "pkg": "flake8-comprehensions", "version": "3.6.1", "summary": "A flake8 plugin to help you write better list/set/dict comprehensions.", "status": "updated"}, {"timestamp": 1629282673, "pkg": "flake8-no-pep420", "version": "1.1.1", "summary": "A flake8 plugin to ban PEP-420 implicit namespace packages.", "status": "updated"}, {"timestamp": 1629282673, "pkg": "sentry-flake8", "version": "2", "summary": "Sentry's custom flake8 checker plugin.", "status": "updated"}, {"timestamp": 1629628199, "pkg": "flake8-required-keyword-arguments", "version": "0.1", "summary": "flake8 plugin to check for for the presense of missing required keyword arguments", "status": "new"}, {"timestamp": 1629714686, "pkg": "flake8-quotes", "version": "3.3", "summary": "Flake8 lint for quotes.", "status": "updated"}, {"timestamp": 1630492285, "pkg": "flake8-length", "version": "0.2", "summary": "Flake8 plugin for a smart line length validation.", "status": "updated"}, {"timestamp": 1630578695, "pkg": "flake8-pie", "version": "0.15", "summary": "A flake8 extension that implements misc. lints", "status": "updated"}]