[{"timestamp": 1604053435, "pkg": "flake8-intsights", "version": "0.1.1", "summary": "Uncompromising and opinionated flake8 plugin which follows Intsights' practices"}, {"timestamp": 1604139698, "pkg": "dlint", "version": "0.11", "summary": "Dlint is a tool for encouraging best coding practices and helping ensure Python code is secure."}, {"timestamp": 1604226182, "pkg": "flake8-function-order", "version": "0.0.4", "summary": "flake8 extension that checks function order within a class"}, {"timestamp": 1604312666, "pkg": "flake8-peewee", "version": "0.1", "summary": "flake8 plugin which checks for peewee usage syntax error"}]