[{"timestamp": 1620988596, "pkg": "flake8-pie", "version": "0.13", "summary": "A flake8 extension that implements misc. lints", "status": "updated"}, {"timestamp": 1620988596, "pkg": "flake8-simplify", "version": "0.14.1", "summary": "flake8 plugin which checks for code that can be simplified", "status": "updated"}, {"timestamp": 1621247870, "pkg": "flake8-nb", "version": "0.3", "summary": "Flake8 based checking for jupyter notebooks", "status": "updated"}, {"timestamp": 1621247870, "pkg": "flake8-cached", "version": "0.0.2", "summary": "A wrapper around flake8's cli that uses cache at file level", "status": "updated"}, {"timestamp": 1621334188, "pkg": "flake8-pytest-fixtures-style", "version": "0.0.2", "summary": "A flake extension that checks pytest fixtures", "status": "new"}, {"timestamp": 1621334188, "pkg": "flake8-strftime", "version": "0.3.2", "summary": "A flake8 plugin which checks for use of platform specific strftime codes.", "status": "updated"}, {"timestamp": 1621420523, "pkg": "flake8-adjustable-complexity", "version": "0.0.5", "summary": "A flake8 extension that checks cyclomatic complexity and calculates max complexity limit in runtime", "status": "updated"}, {"timestamp": 1621507048, "pkg": "pyls-flake8", "version": "0.4", "summary": "A Flake8 plugin for the Python Language Server", "status": "updated"}, {"timestamp": 1621852913, "pkg": "flake8-pytest-style", "version": "1.4.2", "summary": "A flake8 plugin checking common style issues or inconsistencies with pytest-based tests.", "status": "updated"}, {"timestamp": 1622026235, "pkg": "flake8-pylint", "version": "0.1.3", "summary": "Flake8 plugin that runs PyLint.", "status": "updated"}, {"timestamp": 1622459944, "pkg": "flake8-loopy", "version": "1", "summary": "flake8 plugin to check code quality in loops", "status": "new"}, {"timestamp": 1622459944, "pkg": "flake8-local-import", "version": "1.0.6", "summary": "Python 3 check local import for flake8", "status": "updated"}, {"timestamp": 1622459944, "pkg": "flake8-super", "version": "0.1.3", "summary": "Python 3 super() check for flake8", "status": "updated"}, {"timestamp": 1622634297, "pkg": "flake8-fastapi", "version": "0.2", "summary": "flake8 plugin that checks FastAPI code against opiniated style rules \ud83e\udd13", "status": "new"}, {"timestamp": 1622719158, "pkg": "flake8-comments", "version": "0.1.1", "summary": "Find redundant comments in Python code", "status": "new"}, {"timestamp": 1622891345, "pkg": "flake8-dunder-class-obj", "version": "0.1.1", "summary": "A flake8 plugin to report on double underscore class objects", "status": "new"}, {"timestamp": 1622891345, "pkg": "flake8-loopy", "version": "1.0.1", "summary": "flake8 plugin to check code quality in loops", "status": "updated"}, {"timestamp": 1622891345, "pkg": "flake8-encodings", "version": "0.3.5", "summary": "A Flake8 plugin to identify incorrect use of encodings.", "status": "updated"}, {"timestamp": 1623065340, "pkg": "flake8-encodings", "version": "0.4", "summary": "A Flake8 plugin to identify incorrect use of encodings.", "status": "updated"}, {"timestamp": 1623235041, "pkg": "flake8-comments", "version": "0.1.2", "summary": "Find redundant comments in Python code", "status": "updated"}, {"timestamp": 1623407676, "pkg": "flake8-typechecking-import", "version": "0.5", "summary": "A flake plugin that checks for typing.TYPE_CHECKING-able imports", "status": "new"}, {"timestamp": 1623753250, "pkg": "flake8-loopy", "version": "1.0.2", "summary": "flake8 plugin to check code quality in loops", "status": "updated"}, {"timestamp": 1623926084, "pkg": "flake8-pytest-style", "version": "1.4.4", "summary": "A flake8 plugin checking common style issues or inconsistencies with pytest-based tests.", "status": "updated"}, {"timestamp": 1624012442, "pkg": "flake8-pytest-style", "version": "1.5", "summary": "A flake8 plugin checking common style issues or inconsistencies with pytest-based tests.", "status": "updated"}, {"timestamp": 1624012442, "pkg": "flake8-alphabetize", "version": "0.0.15", "summary": "A Python style checker for alphabetizing import and __all__.", "status": "updated"}, {"timestamp": 1624271649, "pkg": "flake8-secure-coding-standard", "version": "1.0.1", "summary": "Flake8 plugin adding some checks to make Python code adhere to more secure coding standard", "status": "new"}, {"timestamp": 1624271649, "pkg": "flake8-requirements", "version": "1.5", "summary": "Package requirements checker, plugin for flake8", "status": "updated"}, {"timestamp": 1624358045, "pkg": "flake8-eradicate", "version": "1.1", "summary": "Flake8 plugin to find commented out code", "status": "updated"}, {"timestamp": 1624358045, "pkg": "wemake-python-styleguide", "version": "0.15.3", "summary": "The strictest and most opinionated python linter ever", "status": "updated"}, {"timestamp": 1624530657, "pkg": "flake8-intsights", "version": "0.1.6", "summary": "Uncompromising and opinionated flake8 plugin which follows Intsights' practices", "status": "updated"}, {"timestamp": 1624617100, "pkg": "flake8-qgis", "version": "0.1.2", "summary": "Flake8 plugin for QGIS python plugins.", "status": "new"}, {"timestamp": 1624703486, "pkg": "flake8-type-checking", "version": "1.0.3", "summary": "A flake8 plugin for managing type-checking imports & forward references", "status": "updated"}, {"timestamp": 1624703486, "pkg": "flake8-pie", "version": "0.14", "summary": "A flake8 extension that implements misc. lints", "status": "updated"}, {"timestamp": 1624962714, "pkg": "flake8-qgis", "version": "0.1.3", "summary": "Flake8 plugin for QGIS python plugins.", "status": "updated"}, {"timestamp": 1625221835, "pkg": "flake8-loopy", "version": "1.1", "summary": "flake8 plugin to check code quality in loops", "status": "updated"}, {"timestamp": 1625308225, "pkg": "flake8-secure-coding-standard", "version": "1.1", "summary": "Flake8 plugin adding some checks to make Python code adhere to more secure coding standard", "status": "updated"}, {"timestamp": 1625740300, "pkg": "pep8-naming", "version": "0.12", "summary": "Check PEP-8 naming conventions, plugin for flake8", "status": "updated"}, {"timestamp": 1625999382, "pkg": "flake8-future-annotations", "version": "0.0.2", "summary": "Verifies python 3.7+ files use from __future__ import annotations", "status": "new"}, {"timestamp": 1626517846, "pkg": "flake8-black", "version": "0.2.3", "summary": "flake8 plugin to call black as a code style validator", "status": "updated"}, {"timestamp": 1626690695, "pkg": "flake8-secure-coding-standard", "version": "1.2", "summary": "Flake8 plugin adding some checks to make Python code adhere to more secure coding standard", "status": "updated"}, {"timestamp": 1626777085, "pkg": "tryceratops", "version": "0.2.5", "summary": "A linter to manage your exception like a PRO!", "status": "new"}, {"timestamp": 1626777085, "pkg": "flake8-secure-coding-standard", "version": "1.2.1", "summary": "Flake8 plugin adding some checks to make Python code adhere to more secure coding standard", "status": "updated"}, {"timestamp": 1626863453, "pkg": "nitpick", "version": "0.27", "summary": "Enforce the same settings across multiple language-independent projects", "status": "updated"}, {"timestamp": 1626863453, "pkg": "tryceratops", "version": "0.2.6", "summary": "A linter to manage your exception like a PRO!", "status": "updated"}, {"timestamp": 1626949885, "pkg": "tryceratops", "version": "0.3", "summary": "A linter to manage your exception like a PRO!", "status": "updated"}, {"timestamp": 1627122619, "pkg": "flake8-typehinting", "version": "0.1", "summary": "Type Hinting Flake8 Extension", "status": "new"}, {"timestamp": 1627209062, "pkg": "flake8-fastapi", "version": "0.5.1", "summary": "flake8 plugin that checks FastAPI code against opiniated style rules \ud83e\udd13", "status": "updated"}, {"timestamp": 1627296536, "pkg": "flake8-fastapi", "version": "0.6.1", "summary": "flake8 plugin that checks FastAPI code against opiniated style rules \ud83e\udd13", "status": "updated"}, {"timestamp": 1627381878, "pkg": "flake8-json", "version": "21.7", "summary": "JSON Formatting Reporter plugin for Flake8", "status": "updated"}, {"timestamp": 1627381878, "pkg": "flake8-alphabetize", "version": "0.0.16", "summary": "A Python style checker for alphabetizing import and __all__.", "status": "updated"}]