[{"timestamp": 1617791630, "pkg": "flake8-pathlib", "version": "0.1.4", "summary": "flake8-pathlib is now flake8-use-pathlib", "status": "updated"}, {"timestamp": 1617791630, "pkg": "pyproject-flake8", "version": "0.0.1a2", "summary": "pyproject-flake8 (`pflake8`), a monkey patching wrapper to connect flake8 with pyproject.toml configuration ", "status": "updated"}, {"timestamp": 1617791630, "pkg": "flake8-django-migrations", "version": "0.1.1", "summary": "Flake8 plugin to lint for backwards incompatible database migrations", "status": "updated"}, {"timestamp": 1618050888, "pkg": "flake8-alphabetize", "version": "0.0.3", "summary": "A Python style checker for alphabetizing import and __all__.", "status": "new"}, {"timestamp": 1618137280, "pkg": "flake8-alphabetize", "version": "0.0.8", "summary": "A Python style checker for alphabetizing import and __all__.", "status": "updated"}, {"timestamp": 1618223726, "pkg": "flake8-numpy-random", "version": "0.1", "summary": "Plugin for Flake8 that forbids usage of numpy.random()", "status": "new"}, {"timestamp": 1618223726, "pkg": "flake8-pie", "version": "0.7", "summary": "A flake8 extension that implements misc. lints", "status": "updated"}, {"timestamp": 1618223726, "pkg": "flake8-alphabetize", "version": "0.0.11", "summary": "A Python style checker for alphabetizing import and __all__.", "status": "updated"}, {"timestamp": 1618310096, "pkg": "flake8-pie", "version": "0.7.1", "summary": "A flake8 extension that implements misc. lints", "status": "updated"}, {"timestamp": 1618310096, "pkg": "flake8-alphabetize", "version": "0.0.12", "summary": "A Python style checker for alphabetizing import and __all__.", "status": "updated"}, {"timestamp": 1618482836, "pkg": "flake8-complex-f-strings", "version": "0.1", "summary": "Flake8 plugin for too complex f-strings.", "status": "new"}, {"timestamp": 1618482836, "pkg": "flake8-cached", "version": "0.0.1", "summary": "A wrapper around flake8's cli that uses cache at file level", "status": "new"}, {"timestamp": 1618569221, "pkg": "flake8", "version": "3.9.1", "summary": "the modular source code checker: pep8 pyflakes and co", "status": "updated"}, {"timestamp": 1618569221, "pkg": "flake8-rst-docstrings", "version": "0.1.1", "summary": "Python docstring reStructuredText (RST) validator", "status": "updated"}, {"timestamp": 1618655606, "pkg": "flake8-nb", "version": "0.2.7", "summary": "Flake8 based checking for jupyter notebooks", "status": "updated"}, {"timestamp": 1618655606, "pkg": "flake8-rst-docstrings", "version": "0.1.2", "summary": "Python docstring reStructuredText (RST) validator", "status": "updated"}, {"timestamp": 1618828455, "pkg": "flake8-pie", "version": "0.7.2", "summary": "A flake8 extension that implements misc. lints", "status": "updated"}, {"timestamp": 1619001263, "pkg": "flake8-alphabetize", "version": "0.0.14", "summary": "A Python style checker for alphabetizing import and __all__.", "status": "updated"}, {"timestamp": 1619087731, "pkg": "hacking", "version": "4.1", "summary": "OpenStack Hacking Guideline Enforcement", "status": "updated"}, {"timestamp": 1619087731, "pkg": "flake8-idom-hooks", "version": "0.4.1", "summary": "Flake8 plugin to enforce the rules of hooks for IDOM", "status": "updated"}, {"timestamp": 1619174096, "pkg": "flake8-tuple-trailing-commas", "version": "0.1.3", "summary": "flake8 plugin for enforcing few rules", "status": "updated"}, {"timestamp": 1619174096, "pkg": "flake8-functions", "version": "0.0.6", "summary": "A flake8 extension that checks functions", "status": "updated"}, {"timestamp": 1619174096, "pkg": "flake8-aaa", "version": "0.11.2", "summary": "A Flake8 plugin that checks Python tests follow the Arrange-Act-Assert pattern", "status": "updated"}, {"timestamp": 1619174096, "pkg": "flake8-tabs", "version": "2.3.2", "summary": "Tab (or Spaces) indentation style checker for flake", "status": "updated"}, {"timestamp": 1619260526, "pkg": "flake8-rst-docstrings", "version": "0.2.1", "summary": "Python docstring reStructuredText (RST) validator", "status": "updated"}, {"timestamp": 1619346906, "pkg": "flake8-timeout", "version": "0.2", "summary": "flake8 plugin which checks that a timeout is set to all requests calls", "status": "new"}, {"timestamp": 1619346906, "pkg": "flake8-pie", "version": "0.7.3", "summary": "A flake8 extension that implements misc. lints", "status": "updated"}, {"timestamp": 1619433371, "pkg": "flake8-pie", "version": "0.7.4", "summary": "A flake8 extension that implements misc. lints", "status": "updated"}, {"timestamp": 1619519713, "pkg": "flake8-pie", "version": "0.8", "summary": "A flake8 extension that implements misc. lints", "status": "updated"}, {"timestamp": 1619865275, "pkg": "flake8-import-order-tridge", "version": "1.0.5", "summary": "Tridge's import order style for flake8-import-order", "status": "new"}, {"timestamp": 1619865275, "pkg": "flake8-rst-docstrings", "version": "0.2.2", "summary": "Python docstring reStructuredText (RST) validator", "status": "updated"}, {"timestamp": 1619951655, "pkg": "flake8-pie", "version": "0.8.1", "summary": "A flake8 extension that implements misc. lints", "status": "updated"}, {"timestamp": 1620124423, "pkg": "flake8-rst-docstrings", "version": "0.2.3", "summary": "Python docstring reStructuredText (RST) validator", "status": "updated"}, {"timestamp": 1620124423, "pkg": "flake8-aaa", "version": "0.12", "summary": "A Flake8 plugin that checks Python tests follow the Arrange-Act-Assert pattern", "status": "updated"}, {"timestamp": 1620124423, "pkg": "flake8-type-checking", "version": "1.0.1", "summary": "A flake8 plugin for managing type-checking imports & forward references", "status": "updated"}, {"timestamp": 1620210814, "pkg": "flake8-plugin-utils", "version": "1.3.2", "summary": "The package provides base classes and utils for flake8 plugin writing", "status": "updated"}, {"timestamp": 1620210814, "pkg": "flake8-return", "version": "1.1.3", "summary": "Flake8 plugin that checks return values", "status": "updated"}, {"timestamp": 1620210814, "pkg": "flake8-isolated-packages", "version": "0.2.2", "summary": "This flake8 plugin is for checking imports isolations.", "status": "updated"}, {"timestamp": 1620210814, "pkg": "flake8-type-checking", "version": "1.0.2", "summary": "A flake8 plugin for managing type-checking imports & forward references", "status": "updated"}, {"timestamp": 1620297233, "pkg": "flake8-pie", "version": "0.9", "summary": "A flake8 extension that implements misc. lints", "status": "updated"}, {"timestamp": 1620383636, "pkg": "flake8-efm", "version": "1", "summary": "Plugin for EFM-compatible output.", "status": "new"}, {"timestamp": 1620383636, "pkg": "flake8-pie", "version": "0.11", "summary": "A flake8 extension that implements misc. lints", "status": "updated"}, {"timestamp": 1620470035, "pkg": "flake8-efm", "version": "1.0.2", "summary": "Plugin for EFM-compatible output.", "status": "updated"}, {"timestamp": 1620556397, "pkg": "flake8", "version": "3.9.2", "summary": "the modular source code checker: pep8 pyflakes and co", "status": "updated"}, {"timestamp": 1620642898, "pkg": "flake8-pie", "version": "0.12", "summary": "A flake8 extension that implements misc. lints", "status": "updated"}, {"timestamp": 1620729245, "pkg": "pytest-flake8dir", "version": "2.5", "summary": "A pytest fixture for testing flake8 plugins.", "status": "updated"}, {"timestamp": 1620729245, "pkg": "flake8-no-types", "version": "1.2", "summary": "A flake8 plugin to ban type hints.", "status": "updated"}, {"timestamp": 1620729245, "pkg": "flake8-no-pep420", "version": "1.1", "summary": "A flake8 plugin to ban PEP-420 implicit namespace packages.", "status": "updated"}, {"timestamp": 1620729245, "pkg": "flake8-comprehensions", "version": "3.5", "summary": "A flake8 plugin to help you write better list/set/dict comprehensions.", "status": "updated"}, {"timestamp": 1620729245, "pkg": "flake8-tidy-imports", "version": "4.3", "summary": "A flake8 plugin that helps you write tidier imports.", "status": "updated"}, {"timestamp": 1620815737, "pkg": "flake8-pytest-fixtures", "version": "0.0.1", "summary": "A flake extension that checks pytest fixtures", "status": "new"}, {"timestamp": 1620815737, "pkg": "flake8-django", "version": "1.1.2", "summary": "Plugin to catch bad style specific to Django Projects.", "status": "updated"}]