[{"timestamp": 1605349348, "pkg": "flake8-simplify", "version": "0.10", "summary": "flake8 plugin which checks for code that can be simpified", "status": "updated"}, {"timestamp": 1605522276, "pkg": "flake8-colors", "version": "0.1.9", "summary": "Error highlight plugin for Flake8.", "status": "updated"}, {"timestamp": 1605522276, "pkg": "flake8-todos", "version": "0.1.5", "summary": null, "status": "updated"}, {"timestamp": 1605522276, "pkg": "flake8-dunder-all", "version": "0.1.3", "summary": "A Flake8 plugin and pre-commit hook which checks to ensure modules have defined '__all__'.", "status": "updated"}, {"timestamp": 1605867946, "pkg": "flake8-tensors", "version": "0.2", "summary": "flake8_tensors - flake8 plugin for deep learning codes", "status": "new"}, {"timestamp": 1605867946, "pkg": "flake8-intsights", "version": "0.1.4", "summary": "Uncompromising and opinionated flake8 plugin which follows Intsights' practices", "status": "updated"}, {"timestamp": 1605867946, "pkg": "flake8-typing-imports", "version": "1.10.1", "summary": "flake8 plugin which checks that typing imports are properly guarded", "status": "updated"}, {"timestamp": 1606040694, "pkg": "flake8-simplify", "version": "0.11", "summary": "flake8 plugin which checks for code that can be simpified", "status": "updated"}, {"timestamp": 1606040694, "pkg": "darglint", "version": "1.5.6", "summary": "A utility for ensuring Google-style docstrings stay up to date with the source code.", "status": "updated"}, {"timestamp": 1606127265, "pkg": "darglint", "version": "1.5.7", "summary": "A utility for ensuring Google-style docstrings stay up to date with the source code.", "status": "updated"}, {"timestamp": 1606213665, "pkg": "flake8-bugbear", "version": "20.11.1", "summary": "A plugin for flake8 finding likely bugs and design problems in your program. Contains warnings that don't belong in pyflakes and pycodestyle.", "status": "updated"}, {"timestamp": 1606213665, "pkg": "darglint", "version": "1.5.8", "summary": "A utility for ensuring Google-style docstrings stay up to date with the source code.", "status": "updated"}, {"timestamp": 1606213665, "pkg": "flake8-tensors", "version": "0.2.2", "summary": "flake8_tensors - flake8 plugin for deep learning codes", "status": "updated"}, {"timestamp": 1606300026, "pkg": "flake8-tensors", "version": "0.2.6", "summary": "flake8_tensors - flake8 plugin for deep learning codes", "status": "updated"}, {"timestamp": 1606386434, "pkg": "flake8-implicit-str-concat", "version": "0.2", "summary": "Flake8 plugin to encourage correct string literal concatenation.", "status": "updated"}, {"timestamp": 1606472869, "pkg": "flake8-github-actions", "version": "0.1", "summary": "GitHub Actions integration for flake8.", "status": "new"}, {"timestamp": 1606472869, "pkg": "flake8-prettycount", "version": "0.1.1", "summary": "Wrapper around flake8 providing a formatted count at the end.", "status": "new"}, {"timestamp": 1606559161, "pkg": "flake8-executable", "version": "2.1", "summary": "A Flake8 plugin for checking executable permissions and shebangs.", "status": "updated"}, {"timestamp": 1606645589, "pkg": "flake8-pytestrail", "version": "0.2.1", "summary": "Flake8 plugin to check for missing or wrong TestRail test identifiers", "status": "updated"}, {"timestamp": 1606732155, "pkg": "flake8-jira-todo-checker", "version": "0.1", "summary": "Flake8 plugin to check that every TODO, FIXME, QQ etc comment has a JIRA ID next to it.", "status": "new"}, {"timestamp": 1606732155, "pkg": "flake8-debugger", "version": "4", "summary": "ipdb/pdb statement checker plugin for flake8", "status": "updated"}, {"timestamp": 1606732155, "pkg": "flake8-print", "version": "4", "summary": "print statement checker plugin for flake8", "status": "updated"}, {"timestamp": 1606818585, "pkg": "flake8-jira-todo-checker", "version": "0.2", "summary": "Flake8 plugin to check that every TODO, FIXME, QQ etc comment has a JIRA ID next to it.", "status": "updated"}, {"timestamp": 1606904951, "pkg": "pyls-flake8-plugin", "version": "0.2.post2", "summary": "Flake8 plugin for the Python Language Server", "status": "new"}, {"timestamp": 1606904951, "pkg": "flake8-json", "version": "20.12.1", "summary": "JSON Formatting Reporter plugin for Flake8", "status": "updated"}, {"timestamp": 1606991380, "pkg": "flake8-tensors", "version": "0.2.7", "summary": "flake8_tensors - flake8 plugin for deep learning codes", "status": "updated"}, {"timestamp": 1607078413, "pkg": "flakehell", "version": "0.7.1", "summary": "Flake8 wrapper to make it nice and configurable", "status": "updated"}, {"timestamp": 1607424035, "pkg": "flake8-jira-todo-checker", "version": "0.3", "summary": "Flake8 plugin to check that every TODO, FIXME, QQ etc comment has a JIRA ID next to it.", "status": "updated"}, {"timestamp": 1607769723, "pkg": "flake8-jira-todo-checker", "version": "0.4", "summary": "Flake8 plugin to check that every TODO, FIXME, QQ etc comment has a JIRA ID next to it.", "status": "updated"}, {"timestamp": 1607856214, "pkg": "flake8-no-types", "version": "1.1", "summary": "A flake8 plugin to ban type hints.", "status": "updated"}, {"timestamp": 1607856214, "pkg": "flake8-tidy-imports", "version": "4.2", "summary": "A flake8 plugin that helps you write tidier imports.", "status": "updated"}, {"timestamp": 1607856214, "pkg": "pytest-flake8dir", "version": "2.3", "summary": "A pytest fixture for testing flake8 plugins.", "status": "updated"}, {"timestamp": 1608029063, "pkg": "flake8-executable", "version": "2.1.1", "summary": "A Flake8 plugin for checking executable permissions and shebangs.", "status": "updated"}, {"timestamp": 1608201328, "pkg": "pytest-flake8", "version": "1.0.7", "summary": "pytest plugin to check FLAKE8 requirements", "status": "updated"}, {"timestamp": 1608460595, "pkg": "flake8-report", "version": "0.1a1", "summary": "JSON Formatting Reporter plugin for Flake8", "status": "new"}, {"timestamp": 1608460595, "pkg": "flake8-no-pep420", "version": "1", "summary": "A flake8 plugin to ban PEP-420 implicit namespace packages.", "status": "new"}, {"timestamp": 1608460595, "pkg": "flake8-no-types", "version": "1.1.1", "summary": "A flake8 plugin to ban type hints.", "status": "updated"}, {"timestamp": 1608460595, "pkg": "flake8-jira-todo-checker", "version": "0.5.1", "summary": "Flake8 plugin to check that every TODO, FIXME, QQ etc comment has a valid JIRA ID next to it.", "status": "updated"}, {"timestamp": 1608460595, "pkg": "flake8-tidy-imports", "version": "4.2.1", "summary": "A flake8 plugin that helps you write tidier imports.", "status": "updated"}, {"timestamp": 1608460595, "pkg": "flake8-comprehensions", "version": "3.3.1", "summary": "A flake8 plugin to help you write better list/set/dict comprehensions.", "status": "updated"}, {"timestamp": 1608547179, "pkg": "flake8-intsights", "version": "0.1.5", "summary": "Uncompromising and opinionated flake8 plugin which follows Intsights' practices", "status": "updated"}, {"timestamp": 1608720165, "pkg": "flake8-fine-pytest", "version": "1", "summary": "A flake8 extension that checks test extra style", "status": "updated"}, {"timestamp": 1608720165, "pkg": "flake8-no-pep420", "version": "1.0.1", "summary": "A flake8 plugin to ban PEP-420 implicit namespace packages.", "status": "updated"}, {"timestamp": 1609152163, "pkg": "flake8-rst", "version": "0.8", "summary": "flake8 for code in rst files and docstrings", "status": "updated"}, {"timestamp": 1609238700, "pkg": "flake8-aaa", "version": "0.11.1", "summary": "A Flake8 plugin that checks Python tests follow the Arrange-Act-Assert pattern", "status": "updated"}, {"timestamp": 1609411642, "pkg": "flake8-dunder-all", "version": "0.1.4", "summary": "A Flake8 plugin and pre-commit hook which checks to ensure modules have defined '__all__'.", "status": "updated"}, {"timestamp": 1609843738, "pkg": "flake8-spellcheck", "version": "0.20.1", "summary": "Spellcheck variables, comments and docstrings", "status": "updated"}, {"timestamp": 1609843738, "pkg": "flake8-annotations", "version": "2.5", "summary": "Flake8 Type Annotation Checks", "status": "updated"}, {"timestamp": 1609843738, "pkg": "flake8-dunder-all", "version": "0.1.5", "summary": "A Flake8 plugin and pre-commit hook which checks to ensure modules have defined '__all__'.", "status": "updated"}, {"timestamp": 1609930188, "pkg": "flake8-spellcheck", "version": "0.23", "summary": "Spellcheck variables, comments and docstrings", "status": "updated"}]