[{"timestamp": 1626949885, "pkg": "tryceratops", "version": "0.3", "summary": "A linter to manage your exception like a PRO!", "status": "updated"}, {"timestamp": 1627122619, "pkg": "flake8-typehinting", "version": "0.1", "summary": "Type Hinting Flake8 Extension", "status": "new"}, {"timestamp": 1627209062, "pkg": "flake8-fastapi", "version": "0.5.1", "summary": "flake8 plugin that checks FastAPI code against opiniated style rules \ud83e\udd13", "status": "updated"}, {"timestamp": 1627296536, "pkg": "flake8-fastapi", "version": "0.6.1", "summary": "flake8 plugin that checks FastAPI code against opiniated style rules \ud83e\udd13", "status": "updated"}, {"timestamp": 1627381878, "pkg": "flake8-json", "version": "21.7", "summary": "JSON Formatting Reporter plugin for Flake8", "status": "updated"}, {"timestamp": 1627381878, "pkg": "flake8-alphabetize", "version": "0.0.16", "summary": "A Python style checker for alphabetizing import and __all__.", "status": "updated"}, {"timestamp": 1627727393, "pkg": "tryceratops", "version": "0.4", "summary": "A linter to manage your exception like a PRO!", "status": "updated"}, {"timestamp": 1627813843, "pkg": "tryceratops", "version": "0.5", "summary": "A linter to manage your exception like a PRO!", "status": "updated"}, {"timestamp": 1628418613, "pkg": "pep8-naming", "version": "0.12.1", "summary": "Check PEP-8 naming conventions, plugin for flake8", "status": "updated"}, {"timestamp": 1628418613, "pkg": "flake8-future-annotations", "version": "0.0.3", "summary": "Verifies python 3.7+ files use from __future__ import annotations", "status": "updated"}, {"timestamp": 1628505084, "pkg": "flake8-action-hero", "version": "0.1.1", "summary": "A plugin for flake8 that performs conditional FIXME/TODO checks.", "status": "new"}, {"timestamp": 1628591459, "pkg": "pytest-flake8-path", "version": "1", "summary": "A pytest fixture for testing flake8 plugins.", "status": "new"}, {"timestamp": 1628591459, "pkg": "flake8-qgis", "version": "0.1.4", "summary": "Flake8 plugin for QGIS python plugins.", "status": "updated"}, {"timestamp": 1628591459, "pkg": "pytest-flake8dir", "version": "2.6", "summary": "A pytest fixture for testing flake8 plugins.", "status": "updated"}, {"timestamp": 1628677963, "pkg": "pytest-flake8dir", "version": "2.6.1", "summary": "A pytest fixture for testing flake8 plugins.", "status": "updated"}, {"timestamp": 1628677963, "pkg": "flake8-requirements", "version": "1.5.1", "summary": "Package requirements checker, plugin for flake8", "status": "updated"}, {"timestamp": 1628677963, "pkg": "pytest-flake8-path", "version": "1.1", "summary": "A pytest fixture for testing flake8 plugins.", "status": "updated"}, {"timestamp": 1628764248, "pkg": "flake8-tidy-imports", "version": "4.4.1", "summary": "A flake8 plugin that helps you write tidier imports.", "status": "updated"}, {"timestamp": 1628850646, "pkg": "flake8-functions-names", "version": "0.0.6", "summary": "An extension for flake8 that validates functions names, decomposition and conformity with annotations.", "status": "updated"}, {"timestamp": 1628937027, "pkg": "flake8-too-many", "version": "0.1", "summary": "A flake8 plugin that prevents you from writing \"too many\" bad codes.", "status": "new"}, {"timestamp": 1628937027, "pkg": "flake8-comprehensions", "version": "3.6", "summary": "A flake8 plugin to help you write better list/set/dict comprehensions.", "status": "updated"}, {"timestamp": 1629109906, "pkg": "flake8-too-many", "version": "0.1.1", "summary": "A flake8 plugin that prevents you from writing \"too many\" bad codes.", "status": "updated"}, {"timestamp": 1629109906, "pkg": "flake8-comprehensions", "version": "3.6.1", "summary": "A flake8 plugin to help you write better list/set/dict comprehensions.", "status": "updated"}, {"timestamp": 1629282673, "pkg": "flake8-no-pep420", "version": "1.1.1", "summary": "A flake8 plugin to ban PEP-420 implicit namespace packages.", "status": "updated"}, {"timestamp": 1629282673, "pkg": "sentry-flake8", "version": "2", "summary": "Sentry's custom flake8 checker plugin.", "status": "updated"}, {"timestamp": 1629628199, "pkg": "flake8-required-keyword-arguments", "version": "0.1", "summary": "flake8 plugin to check for for the presense of missing required keyword arguments", "status": "new"}, {"timestamp": 1629714686, "pkg": "flake8-quotes", "version": "3.3", "summary": "Flake8 lint for quotes.", "status": "updated"}, {"timestamp": 1630492285, "pkg": "flake8-length", "version": "0.2", "summary": "Flake8 plugin for a smart line length validation.", "status": "updated"}, {"timestamp": 1630578695, "pkg": "flake8-pie", "version": "0.15", "summary": "A flake8 extension that implements misc. lints", "status": "updated"}, {"timestamp": 1630837800, "pkg": "autoflake8", "version": "0.1.1", "summary": "Tool to automatically fix some issues reported by flake8 (forked from autoflake).", "status": "new"}, {"timestamp": 1630924340, "pkg": "autoflake8", "version": "0.2", "summary": "Tool to automatically fix some issues reported by flake8 (forked from autoflake).", "status": "updated"}, {"timestamp": 1631010681, "pkg": "autoflake8", "version": "0.2.1", "summary": "Tool to automatically fix some issues reported by flake8 (forked from autoflake).", "status": "updated"}, {"timestamp": 1631529092, "pkg": "flake8-bugbear", "version": "21.9.1", "summary": "A plugin for flake8 finding likely bugs and design problems in your program. Contains warnings that don't belong in pyflakes and pycodestyle.", "status": "updated"}, {"timestamp": 1631529092, "pkg": "tryceratops", "version": "0.6", "summary": "A linter to manage your exception like a PRO!", "status": "updated"}, {"timestamp": 1631961010, "pkg": "jupyterlab-flake8", "version": "0.7.1", "summary": "jupyterlab extension to lint python code in the notebook and text editor", "status": "new"}, {"timestamp": 1631961010, "pkg": "flake8-too-many", "version": "0.1.2", "summary": "A flake8 plugin that prevents you from writing \"too many\" bad codes.", "status": "updated"}, {"timestamp": 1632133876, "pkg": "flake8-no-implicit-concat", "version": "0.1.5", "summary": "Flake8 plugin that forbids implicit string literal concatenations", "status": "updated"}, {"timestamp": 1632133876, "pkg": "flake8-simplify", "version": "0.14.2", "summary": "flake8 plugin which checks for code that can be simplified", "status": "updated"}, {"timestamp": 1632306626, "pkg": "flake8-formatter-vscode", "version": "0.0.1", "summary": "Flake8 formatter.", "status": "new"}, {"timestamp": 1632997855, "pkg": "flake8-bugbear", "version": "21.9.2", "summary": "A plugin for flake8 finding likely bugs and design problems in your program. Contains warnings that don't belong in pyflakes and pycodestyle.", "status": "updated"}, {"timestamp": 1633084250, "pkg": "flake8-no-implicit-concat", "version": "0.2", "summary": "Flake8 plugin that forbids implicit string literal concatenations", "status": "updated"}, {"timestamp": 1633257024, "pkg": "flake8-type-ignore", "version": "0.1.post2", "summary": "flake8-type-ignore allows you to disallow type: ignore comments in your typed Python code.", "status": "new"}, {"timestamp": 1633429871, "pkg": "flake8-typing-imports", "version": "1.11", "summary": "flake8 plugin which checks that typing imports are properly guarded", "status": "updated"}, {"timestamp": 1633602680, "pkg": "pyflakes", "version": "2.4", "summary": "passive checker of Python programs", "status": "updated"}, {"timestamp": 1633602680, "pkg": "flake8-no-implicit-concat", "version": "0.2.1", "summary": "Flake8 plugin that forbids implicit string literal concatenations", "status": "updated"}, {"timestamp": 1633602680, "pkg": "autoflake8", "version": "0.2.2", "summary": "Tool to automatically fix some issues reported by flake8 (forked from autoflake).", "status": "updated"}, {"timestamp": 1633689046, "pkg": "flake8-qgis", "version": "1", "summary": "Flake8 plugin for QGIS python plugins.", "status": "updated"}, {"timestamp": 1633948295, "pkg": "flake8-no-implicit-concat", "version": "0.3", "summary": "Flake8 plugin that forbids implicit str/bytes literal concatenations", "status": "updated"}, {"timestamp": 1633948295, "pkg": "flake8", "version": "4", "summary": "the modular source code checker: pep8 pyflakes and co", "status": "updated"}, {"timestamp": 1633948295, "pkg": "pycodestyle", "version": "2.8", "summary": "Python style guide checker", "status": "updated"}, {"timestamp": 1634034664, "pkg": "flake8-comprehensions", "version": "3.7", "summary": "A flake8 plugin to help you write better list/set/dict comprehensions.", "status": "updated"}, {"timestamp": 1634034664, "pkg": "flake8-tidy-imports", "version": "4.5", "summary": "A flake8 plugin that helps you write tidier imports.", "status": "updated"}, {"timestamp": 1634034664, "pkg": "flake8-annotations", "version": "2.7", "summary": "Flake8 Type Annotation Checks", "status": "updated"}, {"timestamp": 1634034664, "pkg": "flake8", "version": "4.0.1", "summary": "the modular source code checker: pep8 pyflakes and co", "status": "updated"}, {"timestamp": 1634034664, "pkg": "flake8-noqa", "version": "1.2", "summary": "Flake8 noqa comment validation", "status": "updated"}, {"timestamp": 1634034664, "pkg": "flake8-no-pep420", "version": "1.2", "summary": "A flake8 plugin to ban PEP-420 implicit namespace packages.", "status": "updated"}, {"timestamp": 1634034664, "pkg": "flake8-literal", "version": "1.2", "summary": "Flake8 string literal validation", "status": "updated"}, {"timestamp": 1634034664, "pkg": "flake8-no-types", "version": "1.3", "summary": "A flake8 plugin to ban type hints.", "status": "updated"}]