[{"timestamp": 1634293855, "pkg": "flake8-isort", "version": "4.1.1", "summary": "flake8 plugin that integrates isort .", "status": "updated"}, {"timestamp": 1634553102, "pkg": "darglint", "version": "1.8.1", "summary": "A utility for ensuring Google-style docstrings stay up to date with the source code.", "status": "updated"}, {"timestamp": 1634553102, "pkg": "flake8-nb", "version": "0.3.1", "summary": "Flake8 based checking for jupyter notebooks", "status": "updated"}, {"timestamp": 1634639488, "pkg": "flake8-quotes", "version": "3.3.1", "summary": "Flake8 lint for quotes.", "status": "updated"}, {"timestamp": 1634725868, "pkg": "flake8-broken-line", "version": "0.4", "summary": "Flake8 plugin to forbid backslashes for line breaks", "status": "updated"}, {"timestamp": 1634725868, "pkg": "flake8-use-fstring", "version": "1.2", "summary": "Flake8 plugin for string formatting style.", "status": "updated"}, {"timestamp": 1634725868, "pkg": "flake8-markdown", "version": "0.3", "summary": "Lints Python code blocks in Markdown files using flake8", "status": "updated"}, {"timestamp": 1634725868, "pkg": "flake8-eradicate", "version": "1.2", "summary": "Flake8 plugin to find commented out code", "status": "updated"}, {"timestamp": 1634812322, "pkg": "flake8-use-fstring", "version": "1.2.1", "summary": "Flake8 plugin for string formatting style.", "status": "updated"}, {"timestamp": 1634898683, "pkg": "flake8-use-fstring", "version": "1.3", "summary": "Flake8 plugin for string formatting style.", "status": "updated"}, {"timestamp": 1634985002, "pkg": "flake8-leading-blank-lines", "version": "1.0.4", "summary": "A flake8 plugin to detect blank lines at the start of a file", "status": "new"}, {"timestamp": 1635243578, "pkg": "flake8-escaping-style", "version": "0.1.2", "summary": "A flake8 plugin to use consistent escaping style in string or bytes literals", "status": "new"}, {"timestamp": 1635243578, "pkg": "flake8-force-keyword-arguments", "version": "1.0.3", "summary": "A flake8 extension that is looking for function calls and forces to use keyword arguments if there are more than X arguments", "status": "new"}, {"timestamp": 1635329970, "pkg": "flake8-future-annotations", "version": "0.0.4", "summary": "Verifies python 3.7+ files use from __future__ import annotations", "status": "updated"}, {"timestamp": 1635416372, "pkg": "nitpick", "version": "0.28", "summary": "Enforce the same settings across multiple language-independent projects", "status": "updated"}, {"timestamp": 1635416372, "pkg": "dlint", "version": "0.12", "summary": "Dlint is a tool for encouraging best coding practices and helping ensure Python code is secure.", "status": "updated"}, {"timestamp": 1635589168, "pkg": "flake8-unused-arguments", "version": "0.0.7", "summary": "flake8 extension to warn on unused function arguments", "status": "updated"}, {"timestamp": 1635675566, "pkg": "flake8-datetime-utcnow-plugin", "version": "0.1.2", "summary": "Plugin to check that utcnow() is not used in favour of now(UTC)", "status": "updated"}, {"timestamp": 1635761974, "pkg": "flake8-type-checking", "version": "1.0.4", "summary": "A flake8 plugin for managing type-checking imports & forward references", "status": "updated"}, {"timestamp": 1635934769, "pkg": "flake8-unused-arguments", "version": "0.0.8", "summary": "flake8 extension to warn on unused function arguments", "status": "updated"}, {"timestamp": 1636021879, "pkg": "flake8-helper", "version": "0.2", "summary": "A helper library for Flake8 plugins.", "status": "updated"}, {"timestamp": 1636021879, "pkg": "flake8-functions-names", "version": "0.2", "summary": "An extension for flake8 that validates functions names, decomposition and conformity with annotations.", "status": "updated"}, {"timestamp": 1636194659, "pkg": "flake8-timeout", "version": "0.3", "summary": "flake8 plugin which checks that a timeout is set to all requests and urllib.request.open calls", "status": "updated"}, {"timestamp": 1636194659, "pkg": "flake8-pytest-style", "version": "1.5.1", "summary": "A flake8 plugin checking common style issues or inconsistencies with pytest-based tests.", "status": "updated"}, {"timestamp": 1636367532, "pkg": "nitpick", "version": "0.29", "summary": "Enforce the same settings across multiple language-independent projects", "status": "updated"}, {"timestamp": 1636626673, "pkg": "flake8-use-pathlib", "version": "0.2.1", "summary": "A plugin for flake8 finding use of functions that can be replaced by pathlib module.", "status": "updated"}, {"timestamp": 1637058692, "pkg": "flake8-no-implicit-concat", "version": "0.3.2", "summary": "Flake8 plugin that forbids implicit str/bytes literal concatenations", "status": "updated"}, {"timestamp": 1637231508, "pkg": "flake8-type-checking", "version": "1.1", "summary": "A flake8 plugin for managing type-checking imports & forward references", "status": "updated"}, {"timestamp": 1637231508, "pkg": "flake8-no-pep420", "version": "2", "summary": "A flake8 plugin to ban PEP-420 implicit namespace packages.", "status": "updated"}, {"timestamp": 1637231508, "pkg": "flake8-alphabetize", "version": "0.0.17", "summary": "A Python style checker for alphabetizing import and __all__.", "status": "updated"}, {"timestamp": 1637231508, "pkg": "flake8-noqa", "version": "1.2.1", "summary": "Flake8 noqa comment validation", "status": "updated"}, {"timestamp": 1637231508, "pkg": "tryceratops", "version": "0.6.1", "summary": "A linter to manage your exception like a PRO!", "status": "updated"}, {"timestamp": 1637404254, "pkg": "flake8-unused-arguments", "version": "0.0.9", "summary": "flake8 extension to warn on unused function arguments", "status": "updated"}, {"timestamp": 1637577161, "pkg": "tryceratops", "version": "1", "summary": "A linter to manage your exception like a PRO!", "status": "updated"}, {"timestamp": 1637836304, "pkg": "flake8-useless-assert", "version": "0.4.1", "summary": "flake8 plugin to catch useless `assert` statements", "status": "new"}, {"timestamp": 1637922739, "pkg": "flake8-useless-assert", "version": "0.4.2", "summary": "flake8 plugin to catch useless `assert` statements", "status": "updated"}, {"timestamp": 1638009059, "pkg": "flake8-sleep", "version": "0.0.1", "summary": "flake8 plugin which checks that there is no use of sleep in the code.", "status": "new"}, {"timestamp": 1638181927, "pkg": "flake8-pydocstyle", "version": "0.2", "summary": "flake8 plugin that integrates pydocstyle", "status": "new"}, {"timestamp": 1638181927, "pkg": "flake8-type-checking", "version": "1.1.1", "summary": "A flake8 plugin for managing type-checking imports & forward references", "status": "updated"}, {"timestamp": 1638181927, "pkg": "flake8-bugbear", "version": "21.11.28", "summary": "A plugin for flake8 finding likely bugs and design problems in your program. Contains warnings that don't belong in pyflakes and pycodestyle.", "status": "updated"}, {"timestamp": 1638268011, "pkg": "flake8-2020", "version": "1.6.1", "summary": "flake8 plugin which checks for misuse of `sys.version` or `sys.version_info`", "status": "updated"}, {"timestamp": 1638268011, "pkg": "flake8-bugbear", "version": "21.11.29", "summary": "A plugin for flake8 finding likely bugs and design problems in your program. Contains warnings that don't belong in pyflakes and pycodestyle.", "status": "updated"}, {"timestamp": 1638354706, "pkg": "flake8-length", "version": "0.2.2", "summary": "Flake8 plugin for a smart line length validation.", "status": "updated"}, {"timestamp": 1638441104, "pkg": "flake8-class-constants", "version": "0.1.2", "summary": "Check PEP-8 class constants naming conventions, plugin for flake8", "status": "new"}, {"timestamp": 1638613892, "pkg": "types-flake8-simplify", "version": "0.14", "summary": "Typing stubs for flake8-simplify", "status": "new"}, {"timestamp": 1638700252, "pkg": "types-flake8-builtins", "version": "1.5", "summary": "Typing stubs for flake8-builtins", "status": "new"}, {"timestamp": 1638700252, "pkg": "flake8-absolute-import", "version": "1.0.0.1", "summary": "flake8 plugin to require absolute imports", "status": "updated"}, {"timestamp": 1638873247, "pkg": "types-flake8-docstrings", "version": "1.6", "summary": "Typing stubs for flake8-docstrings", "status": "new"}, {"timestamp": 1638873247, "pkg": "types-flake8-builtins", "version": "1.5.1", "summary": "Typing stubs for flake8-builtins", "status": "updated"}, {"timestamp": 1638873247, "pkg": "types-flake8-simplify", "version": "0.14.1", "summary": "Typing stubs for flake8-simplify", "status": "updated"}]