[{"timestamp": 1609843738, "pkg": "flake8-annotations", "version": "2.5", "summary": "Flake8 Type Annotation Checks", "status": "updated"}, {"timestamp": 1609843738, "pkg": "flake8-dunder-all", "version": "0.1.5", "summary": "A Flake8 plugin and pre-commit hook which checks to ensure modules have defined '__all__'.", "status": "updated"}, {"timestamp": 1609930188, "pkg": "flake8-spellcheck", "version": "0.23", "summary": "Spellcheck variables, comments and docstrings", "status": "updated"}, {"timestamp": 1610103177, "pkg": "flake8-blind-except", "version": "0.2", "summary": "A flake8 extension that checks for blind except: statements", "status": "updated"}, {"timestamp": 1610103177, "pkg": "flake8-simplify", "version": "0.12", "summary": "flake8 plugin which checks for code that can be simpified", "status": "updated"}, {"timestamp": 1610449221, "pkg": "flakehell", "version": "0.9", "summary": "Flake8 wrapper to make it nice and configurable", "status": "updated"}, {"timestamp": 1610449221, "pkg": "flake8-rst-docparams", "version": "1.0.6", "summary": "Check for reStructuredText function parameter documentation", "status": "updated"}, {"timestamp": 1610449221, "pkg": "flake8-annotations-complexity", "version": "0.0.6", "summary": "A flake8 extension that checks for type annotations complexity", "status": "updated"}, {"timestamp": 1610536038, "pkg": "flake8-typing-import-style", "version": "0.5", "summary": "A flake8 plugin to ensure typing module import convention", "status": "new"}, {"timestamp": 1610536038, "pkg": "flake8-maya-flags", "version": "1.1", "summary": "Flake8 plugin to warn when using short names flags with Maya commands", "status": "updated"}, {"timestamp": 1610708997, "pkg": "flake8-codes", "version": "0.1", "summary": "CLI tool to introspect flake8 plugins and their codes.", "status": "new"}, {"timestamp": 1610708997, "pkg": "flake8-pylint", "version": "0.1.1", "summary": "Flake8 plugin that runs PyLint.", "status": "new"}, {"timestamp": 1610708997, "pkg": "flake8-adjustable-complexity", "version": "0.0.3", "summary": "A flake8 extension that checks cyclomatic complexity and calculates max complexity limit in runtime", "status": "updated"}, {"timestamp": 1610708997, "pkg": "flake8-fine-pytest", "version": "1.0.2", "summary": "A flake8 extension that checks test extra style", "status": "updated"}, {"timestamp": 1610708997, "pkg": "flake8-class-attributes-order", "version": "0.1.2", "summary": "A flake8 extension that checks classes attributes order", "status": "updated"}, {"timestamp": 1610708997, "pkg": "flake8-annotations-coverage", "version": "0.0.5", "summary": "A flake8 extension that checks for type annotations coverage", "status": "updated"}, {"timestamp": 1610708997, "pkg": "flake8-functions", "version": "0.0.5", "summary": "A flake8 extension that checks functions", "status": "updated"}, {"timestamp": 1610708997, "pkg": "flake8-django-on-delete-comment", "version": "0.0.2", "summary": "A flake8 extension to validate django models ForeignKey fields on on_delete CASCADE comment", "status": "updated"}, {"timestamp": 1610708997, "pkg": "flake8-expression-complexity", "version": "0.0.9", "summary": "A flake8 extension that checks expressions complexity", "status": "updated"}, {"timestamp": 1610708997, "pkg": "flake8-variables-names", "version": "0.0.4", "summary": "A flake8 extension that helps to make more readable variables names", "status": "updated"}, {"timestamp": 1611054621, "pkg": "flake8-json", "version": "21.1", "summary": "JSON Formatting Reporter plugin for Flake8", "status": "updated"}, {"timestamp": 1611141070, "pkg": "flake8-formatter-vscodepath", "version": "0.1", "summary": "", "status": "new"}, {"timestamp": 1611227459, "pkg": "flake8-idom-hooks", "version": "0.4", "summary": "Flake8 plugin to enforce the rules of hooks for IDOM", "status": "updated"}, {"timestamp": 1611916805, "pkg": "sentry-flake8", "version": "1", "summary": "Sentry's custom flake8 checker plugin.", "status": "updated"}, {"timestamp": 1611916805, "pkg": "flake8-tensors", "version": "0.2.9", "summary": "flake8_tensors - flake8 plugin for deep learning codes", "status": "updated"}, {"timestamp": 1612003145, "pkg": "flake8-strftime", "version": "0.2.1", "summary": "A flake8 plugin which checks for use of platform specific strftime codes.", "status": "updated"}, {"timestamp": 1612089528, "pkg": "darglint", "version": "1.6", "summary": "A utility for ensuring Google-style docstrings stay up to date with the source code.", "status": "updated"}, {"timestamp": 1612175990, "pkg": "flake8-printf-formatting", "version": "1.1.2", "summary": "flake8 plugin which forbids printf-style string formatting", "status": "updated"}, {"timestamp": 1612175990, "pkg": "flake8-simplify", "version": "0.13", "summary": "flake8 plugin which checks for code that can be simpified", "status": "updated"}, {"timestamp": 1612434747, "pkg": "flake8-safegraph-crawl", "version": "0.1", "summary": "Flake8 plugin with linting checks for SafeGraph crawlers", "status": "new"}, {"timestamp": 1612434747, "pkg": "flake8-noqa", "version": "1.1", "summary": "Flake8 noqa comment validation", "status": "updated"}, {"timestamp": 1612521124, "pkg": "flake8-safegraph-crawl", "version": "0.3", "summary": "Flake8 plugin enforcing code requirements for SafeGraph crawlers", "status": "updated"}, {"timestamp": 1612607471, "pkg": "flake8-length", "version": "0.1", "summary": "Flake8 plugin for a smart line length validation.", "status": "new"}, {"timestamp": 1612866694, "pkg": "wemake-python-styleguide", "version": "0.15", "summary": "The strictest and most opinionated python linter ever", "status": "updated"}, {"timestamp": 1612953082, "pkg": "flake8-safegraph-crawl", "version": "0.4", "summary": "Flake8 plugin enforcing code requirements for SafeGraph crawlers", "status": "updated"}, {"timestamp": 1612953082, "pkg": "flake8-codes", "version": "0.1.1", "summary": "CLI tool to introspect flake8 plugins and their codes.", "status": "updated"}, {"timestamp": 1613125933, "pkg": "flake8-helper", "version": "0.1.1", "summary": "A helper library for Flake8 plugins.", "status": "new"}, {"timestamp": 1613125933, "pkg": "wemake-python-styleguide", "version": "0.15.1", "summary": "The strictest and most opinionated python linter ever", "status": "updated"}, {"timestamp": 1613298722, "pkg": "flake8-encodings", "version": "0.1", "summary": "A Flake8 plugin to identify incorrect use of encodings.", "status": "new"}, {"timestamp": 1613471547, "pkg": "flake8-adjustable-complexity", "version": "0.0.4", "summary": "A flake8 extension that checks cyclomatic complexity and calculates max complexity limit in runtime", "status": "updated"}, {"timestamp": 1613817237, "pkg": "flake8-pytest-importorskip", "version": "1.post0", "summary": "Make pycodestyle treat pytest.importorskip as an import statement (avoid E402)", "status": "new"}, {"timestamp": 1613903629, "pkg": "flake8-simplify", "version": "0.14", "summary": "flake8 plugin which checks for code that can be simpified", "status": "updated"}, {"timestamp": 1613989814, "pkg": "pyls-flake8", "version": "0.3", "summary": "A Flake8 plugin for the Python Language Server", "status": "new"}, {"timestamp": 1613989814, "pkg": "darglint", "version": "1.7", "summary": "A utility for ensuring Google-style docstrings stay up to date with the source code.", "status": "updated"}, {"timestamp": 1614076452, "pkg": "flake8-slots", "version": "0.1", "summary": "A Flake8 plugin to require __slots__ to be defined for subclasses of immutable types.", "status": "new"}, {"timestamp": 1614162882, "pkg": "flake8-typing-only-imports", "version": "0.1.1", "summary": "A flake8 plugin that flags imports exclusively used for type annotations", "status": "new"}, {"timestamp": 1614162882, "pkg": "flake8-inflammatory-jargon", "version": "1.0.1", "summary": "replace Inflammatory words like blacklist and slave with more appropriate words", "status": "new"}, {"timestamp": 1614162882, "pkg": "nitpick", "version": "0.24", "summary": "Enforce the same configuration across multiple projects", "status": "updated"}, {"timestamp": 1614249335, "pkg": "flake8-slots", "version": "0.1.1", "summary": "A Flake8 plugin to require __slots__ to be defined for subclasses of immutable types.", "status": "updated"}, {"timestamp": 1614335698, "pkg": "flake8-github-actions", "version": "0.1.1", "summary": "GitHub Actions integration for flake8.", "status": "updated"}, {"timestamp": 1614508452, "pkg": "flake8-tmbundle", "version": "0.1", "summary": "Remind Supply Chain Risks", "status": "new"}, {"timestamp": 1614508452, "pkg": "requestsflake8", "version": "0.1", "summary": "Remind Supply Chain Risks", "status": "new"}, {"timestamp": 1614508452, "pkg": "flake8-ensure-ascii", "version": "1", "summary": "Flake8 Ensure ASCII encoding plugin.", "status": "new"}, {"timestamp": 1614508452, "pkg": "codecovflake8", "version": "0.1", "summary": "Remind Supply Chain Risks", "status": "new"}, {"timestamp": 1614508452, "pkg": "wemake-python-styleguide", "version": "0.15.2", "summary": "The strictest and most opinionated python linter ever", "status": "updated"}]