[{"timestamp": 1646734803, "pkg": "flake8-cached2", "version": "0.0.3", "summary": "A wrapper around flake8's cli that uses cache at file level", "status": "new"}, {"timestamp": 1646734803, "pkg": "flake8-cached-frosty00", "version": "0.0.4", "summary": "A wrapper around flake8's cli that uses cache at file level", "status": "new"}, {"timestamp": 1646993986, "pkg": "flake8-async", "version": "22.3.10", "summary": "A flake8 plugin that checks bad async / asyncio practices", "status": "new"}, {"timestamp": 1646993986, "pkg": "flake8-debug", "version": "0.1.1", "summary": "Flake8 plugin to forbid debug function usage", "status": "new"}, {"timestamp": 1646993986, "pkg": "flake8-bandit", "version": "3", "summary": "Automated security testing with bandit and flake8.", "status": "updated"}, {"timestamp": 1647080402, "pkg": "flake8-cls-attr-order", "version": "0.2", "summary": "Flake8 plugin to check class attributes order", "status": "updated"}, {"timestamp": 1647080402, "pkg": "wemake-python-styleguide", "version": "0.16.1", "summary": "The strictest and most opinionated python linter ever", "status": "updated"}, {"timestamp": 1647166806, "pkg": "flake8-assignment-expressions", "version": "1", "summary": "A flake8 plugin that disallows assignment expressions", "status": "new"}, {"timestamp": 1647166806, "pkg": "flake8-type-checking", "version": "1.3.3", "summary": "A flake8 plugin for managing type-checking imports & forward references", "status": "updated"}, {"timestamp": 1647253203, "pkg": "flake8-cls-attr-order", "version": "0.3", "summary": "Flake8 plugin to check class attributes order", "status": "updated"}, {"timestamp": 1647339616, "pkg": "flake8-requirements", "version": "1.5.3", "summary": "Package requirements checker, plugin for flake8", "status": "updated"}, {"timestamp": 1647425989, "pkg": "flake8-assertive", "version": "2.1", "summary": "Flake8 unittest assert method checker", "status": "updated"}, {"timestamp": 1647685188, "pkg": "flake8-blind-except", "version": "0.2.1", "summary": "A flake8 extension that checks for blind except: statements", "status": "updated"}, {"timestamp": 1647685188, "pkg": "pytest-flake8", "version": "1.1.1", "summary": "pytest plugin to check FLAKE8 requirements", "status": "updated"}, {"timestamp": 1647685188, "pkg": "flake8-expression-complexity", "version": "0.0.11", "summary": "A flake8 extension that checks expressions complexity", "status": "updated"}, {"timestamp": 1647858012, "pkg": "flake8-bugbear", "version": "22.3.20", "summary": "A plugin for flake8 finding likely bugs and design problems in your program. Contains warnings that don't belong in pyflakes and pycodestyle.", "status": "updated"}, {"timestamp": 1647858012, "pkg": "autoflake8", "version": "0.3.2", "summary": "Tool to automatically fix some issues reported by flake8 (forked from autoflake).", "status": "updated"}, {"timestamp": 1647944398, "pkg": "flake8-implicit-str-concat", "version": "0.3", "summary": "Flake8 plugin to encourage correct string literal concatenation.", "status": "updated"}, {"timestamp": 1648117187, "pkg": "flake8-bugbear", "version": "22.3.23", "summary": "A plugin for flake8 finding likely bugs and design problems in your program. Contains warnings that don't belong in pyflakes and pycodestyle.", "status": "updated"}, {"timestamp": 1648376387, "pkg": "flake8-scream", "version": "0.1", "summary": "flake8 plugin which checks for code that can be simplified", "status": "new"}, {"timestamp": 1648376387, "pkg": "pyproject-flake8", "version": "0.0.1a3", "summary": "pyproject-flake8 (`pflake8`), a monkey patching wrapper to connect flake8 with pyproject.toml configuration ", "status": "updated"}, {"timestamp": 1648376387, "pkg": "flake8-simplify", "version": "0.18.2", "summary": "flake8 plugin which checks for code that can be simplified", "status": "updated"}, {"timestamp": 1648376387, "pkg": "flake8-pyi", "version": "22.3", "summary": "A plugin for flake8 to enable linting .pyi files.", "status": "updated"}, {"timestamp": 1648462796, "pkg": "nitpick", "version": "0.32", "summary": "Enforce the same settings across multiple language-independent projects", "status": "updated"}, {"timestamp": 1648462796, "pkg": "flake8-spellcheck", "version": "0.28", "summary": "Spellcheck variables, comments and docstrings", "status": "updated"}, {"timestamp": 1648549197, "pkg": "flake8-simplify", "version": "0.19.2", "summary": "flake8 plugin which checks for code that can be simplified", "status": "updated"}, {"timestamp": 1648549197, "pkg": "types-flake8-plugin-utils", "version": "1.3.4", "summary": "Typing stubs for flake8-plugin-utils", "status": "updated"}, {"timestamp": 1648549197, "pkg": "thonnyflake8", "version": "1.0.2", "summary": "A plugin that adds flake8 to the Thonny python IDE.", "status": "updated"}, {"timestamp": 1648635593, "pkg": "thonnyflake8", "version": "1.0.3", "summary": "A plugin that adds flake8 to the Thonny python IDE.", "status": "updated"}, {"timestamp": 1648722032, "pkg": "flake8-annotations", "version": "2.8", "summary": "Flake8 Type Annotation Checks", "status": "updated"}, {"timestamp": 1649067630, "pkg": "flake8-gl-codeclimate", "version": "0.1.6", "summary": "Gitlab Code Quality artifact Flake8 formatter.", "status": "updated"}, {"timestamp": 1649067630, "pkg": "flake8-type-checking", "version": "1.4", "summary": "A flake8 plugin for managing type-checking imports & forward references", "status": "updated"}, {"timestamp": 1649413210, "pkg": "flake8-docstring-checker", "version": "1.1", "summary": "A simple flake8 plugin that checks if everything has a docstring", "status": "updated"}, {"timestamp": 1649672429, "pkg": "flake8-type-checking", "version": "1.5", "summary": "A flake8 plugin for managing type-checking imports & forward references", "status": "updated"}, {"timestamp": 1649758814, "pkg": "pyproject-flake8", "version": "0.0.1a4", "summary": "pyproject-flake8 (`pflake8`), a monkey patching wrapper to connect flake8 with pyproject.toml configuration ", "status": "updated"}, {"timestamp": 1649845204, "pkg": "flake8-html", "version": "0.4.2", "summary": "Generate HTML reports of flake8 violations", "status": "updated"}, {"timestamp": 1650017986, "pkg": "flake8-for-pycharm", "version": "0.3.2", "summary": "Flake8 json formatter that produces output pycharm can recognize", "status": "new"}, {"timestamp": 1650104388, "pkg": "flake8-annotations", "version": "2.9", "summary": "Flake8 Type Annotation Checks", "status": "updated"}, {"timestamp": 1650104388, "pkg": "types-flake8-plugin-utils", "version": "1.3.5", "summary": "Typing stubs for flake8-plugin-utils", "status": "updated"}, {"timestamp": 1650190814, "pkg": "types-flake8-typing-imports", "version": "1.11.3", "summary": "Typing stubs for flake8-typing-imports", "status": "updated"}, {"timestamp": 1650190814, "pkg": "types-flake8-simplify", "version": "0.18.1", "summary": "Typing stubs for flake8-simplify", "status": "updated"}, {"timestamp": 1650190814, "pkg": "types-flake8-bugbear", "version": "21.11.29.2", "summary": "Typing stubs for flake8-bugbear", "status": "updated"}, {"timestamp": 1650190814, "pkg": "flake8-multiline-containers", "version": "0.0.19", "summary": "Ensure a consistent format for multiline containers.", "status": "updated"}, {"timestamp": 1650190814, "pkg": "types-flake8-2020", "version": "1.6.3", "summary": "Typing stubs for flake8-2020", "status": "updated"}, {"timestamp": 1650190814, "pkg": "types-flake8-rst-docstrings", "version": "0.2.1", "summary": "Typing stubs for flake8-rst-docstrings", "status": "updated"}, {"timestamp": 1650190814, "pkg": "types-flake8-plugin-utils", "version": "1.3.6", "summary": "Typing stubs for flake8-plugin-utils", "status": "updated"}, {"timestamp": 1650190814, "pkg": "flake8-pyi", "version": "22.4", "summary": "A plugin for flake8 to enable linting .pyi files.", "status": "updated"}, {"timestamp": 1650190814, "pkg": "types-flake8-builtins", "version": "1.5.4", "summary": "Typing stubs for flake8-builtins", "status": "updated"}, {"timestamp": 1650190814, "pkg": "types-flake8-docstrings", "version": "1.6.3", "summary": "Typing stubs for flake8-docstrings", "status": "updated"}, {"timestamp": 1650363626, "pkg": "flake8-pyi", "version": "22.4.1", "summary": "A plugin for flake8 to enable linting .pyi files.", "status": "updated"}, {"timestamp": 1650882041, "pkg": "flake8-unused-arguments", "version": "0.0.10", "summary": "flake8 extension to warn on unused function arguments", "status": "updated"}]