[{"timestamp": 1660731613, "pkg": "flake8-postponed-annotations", "version": "1.3", "summary": "Flake8 postponed annotations validation", "status": "updated"}, {"timestamp": 1660731613, "pkg": "flake8-nb", "version": "0.5.1", "summary": "Flake8 based checking for jupyter notebooks", "status": "updated"}, {"timestamp": 1660731613, "pkg": "flake8-tkinter", "version": "0.5.4", "summary": "Flake8 plugin to detect (too) common mistakes and bad practices in Tkinter projects", "status": "updated"}, {"timestamp": 1660818034, "pkg": "flake8-modern-annotations", "version": "1.3.3", "summary": "Flake8 modern annotations validation", "status": "new"}, {"timestamp": 1660818034, "pkg": "flake8-unused-fixtures", "version": "0.2.1", "summary": "Warn about unnecesary fixtures in tests definition.", "status": "new"}, {"timestamp": 1660818034, "pkg": "flake8-trio", "version": "22.8.7", "summary": "A highly opinionated flake8 plugin for Trio-related problems.", "status": "updated"}, {"timestamp": 1660818034, "pkg": "flake8-aggressive", "version": "1.1.6", "summary": "Flake8 aggressive plugins pack", "status": "updated"}, {"timestamp": 1660904464, "pkg": "flake8-logging-format", "version": "0.7.5", "summary": null, "status": "updated"}, {"timestamp": 1660904464, "pkg": "flake8-nb", "version": "0.5.2", "summary": "Flake8 based checking for jupyter notebooks", "status": "updated"}, {"timestamp": 1660990819, "pkg": "flake8-noqa", "version": "1.2.9", "summary": "Flake8 noqa comment validation", "status": "updated"}, {"timestamp": 1660990819, "pkg": "flake8-unused-fixtures", "version": "0.2.2", "summary": "Warn about unnecessary fixtures in tests' definition.", "status": "updated"}, {"timestamp": 1660990819, "pkg": "pep8-naming", "version": "0.13.2", "summary": "Check PEP-8 naming conventions, plugin for flake8", "status": "updated"}, {"timestamp": 1660990819, "pkg": "flake8-modern-annotations", "version": "1.4", "summary": "Flake8 modern annotations validation", "status": "updated"}, {"timestamp": 1661077194, "pkg": "flake8-unused-fixtures", "version": "0.3", "summary": "Warn about unnecessary fixtures in tests' definition.", "status": "updated"}, {"timestamp": 1661250021, "pkg": "flake8-bugbear", "version": "22.8.22", "summary": "A plugin for flake8 finding likely bugs and design problems in your program. Contains warnings that don't belong in pyflakes and pycodestyle.", "status": "updated"}, {"timestamp": 1661336424, "pkg": "autoflake8", "version": "0.4", "summary": "Tool to automatically fix some issues reported by flake8 (forked from autoflake).", "status": "updated"}, {"timestamp": 1661336424, "pkg": "flake8-bugbear", "version": "22.8.23", "summary": "A plugin for flake8 finding likely bugs and design problems in your program. Contains warnings that don't belong in pyflakes and pycodestyle.", "status": "updated"}, {"timestamp": 1661509202, "pkg": "flake8-aggressive", "version": "1.1.10", "summary": "Flake8 aggressive plugins pack", "status": "updated"}, {"timestamp": 1661509202, "pkg": "flake8-pep518", "version": "0.2", "summary": "Flake8 plugin that allows specifying config in pyproject.toml.", "status": "updated"}, {"timestamp": 1661509202, "pkg": "types-flake8-bugbear", "version": "22.8.23", "summary": "Typing stubs for flake8-bugbear", "status": "updated"}, {"timestamp": 1661682029, "pkg": "flake8-requirements-absolute-imports", "version": "1.6.0.1", "summary": "Package requirements checker, plugin for flake8", "status": "new"}, {"timestamp": 1661682029, "pkg": "flake8-trio", "version": "22.8.8", "summary": "A highly opinionated flake8 plugin for Trio-related problems.", "status": "updated"}, {"timestamp": 1661768428, "pkg": "flake8-requirements", "version": "1.6.1", "summary": "Package requirements checker, plugin for flake8", "status": "updated"}, {"timestamp": 1661854828, "pkg": "flake8-bandit", "version": "4.1.1", "summary": "Automated security testing with bandit and flake8.", "status": "updated"}, {"timestamp": 1661854828, "pkg": "flake8-unused-fixtures", "version": "0.3.1", "summary": "Warn about unnecessary fixtures in tests' definition.", "status": "updated"}, {"timestamp": 1662027628, "pkg": "flake8-ejudge", "version": "0.5.3", "summary": "\u041f\u0440\u043e\u0432\u0435\u0440\u043a\u0430 \u0441\u0442\u0438\u043b\u044f \u0438 \u0442\u0440\u0435\u0431\u043e\u0432\u0430\u043d\u0438\u0439 \u043a \u0438\u0441\u043f\u043e\u043b\u044c\u0437\u0443\u0435\u043c\u043e\u043c\u0443 \u0441\u0438\u043d\u0442\u0430\u043a\u0441\u0438\u0441\u0443 \u0432 python \u043a\u043e\u0434\u0435 \u0434\u043b\u044f ejudge", "status": "new"}, {"timestamp": 1662027628, "pkg": "flake8-forelse", "version": "1", "summary": "A Flake8 plugin which checks the use of for-else and while-else", "status": "new"}, {"timestamp": 1662027628, "pkg": "flake8-pyi", "version": "22.8.2", "summary": "A plugin for flake8 to enable linting .pyi files.", "status": "updated"}, {"timestamp": 1662114024, "pkg": "flake8-type-checking", "version": "2.1.3", "summary": "A flake8 plugin for managing type-checking imports & forward references", "status": "updated"}, {"timestamp": 1662286776, "pkg": "thonnyflake8", "version": "1.0.3.post0", "summary": "A plugin that adds flake8 to the Thonny python IDE.", "status": "updated"}, {"timestamp": 1662373218, "pkg": "flake8-requirements", "version": "1.6.2", "summary": "Package requirements checker, plugin for flake8", "status": "updated"}, {"timestamp": 1662718798, "pkg": "flake8-for-pycharm", "version": "0.4.1", "summary": "Add flake8 support to pycharm. See README for how to use.", "status": "updated"}, {"timestamp": 1662718798, "pkg": "flake8-trio", "version": "22.9.1", "summary": "A highly opinionated flake8 plugin for Trio-related problems.", "status": "updated"}, {"timestamp": 1662891628, "pkg": "flake8-junit", "version": "0.1.1", "summary": "JUnit assert statement checker plugin for flake8", "status": "new"}, {"timestamp": 1662891628, "pkg": "flake8-cached", "version": "0.1", "summary": "A wrapper around flake8's cli that uses cache at file level", "status": "updated"}, {"timestamp": 1662891628, "pkg": "pyproject-flake8", "version": "5.0.4", "summary": "pyproject-flake8 (`pflake8`), a monkey patching wrapper to connect flake8 with pyproject.toml configuration ", "status": "updated"}, {"timestamp": 1662977996, "pkg": "flake8-bugbear", "version": "22.9.11", "summary": "A plugin for flake8 finding likely bugs and design problems in your program. Contains warnings that don't belong in pyflakes and pycodestyle.", "status": "updated"}, {"timestamp": 1662977996, "pkg": "flake8-markdown", "version": "0.4", "summary": "Lints Python code blocks in Markdown files using flake8", "status": "updated"}, {"timestamp": 1662977996, "pkg": "pyproject-flake8", "version": "5.0.4.post1", "summary": "pyproject-flake8 (`pflake8`), a monkey patching wrapper to connect flake8 with pyproject.toml configuration ", "status": "updated"}, {"timestamp": 1663064429, "pkg": "flake8-trio", "version": "22.9.2", "summary": "A highly opinionated flake8 plugin for Trio-related problems.", "status": "updated"}, {"timestamp": 1663237207, "pkg": "flake8-requirements", "version": "1.7", "summary": "Package requirements checker, plugin for flake8", "status": "updated"}, {"timestamp": 1663323649, "pkg": "types-flake8-bugbear", "version": "22.9.11", "summary": "Typing stubs for flake8-bugbear", "status": "updated"}, {"timestamp": 1663323649, "pkg": "flake8-requirements", "version": "1.7.1", "summary": "Package requirements checker, plugin for flake8", "status": "updated"}, {"timestamp": 1663409989, "pkg": "flake8-hangover", "version": "0.0.1", "summary": "flake8 plugin to prevent specific hanging indentations", "status": "new"}, {"timestamp": 1663409989, "pkg": "flake8-idom-hooks", "version": "0.6", "summary": "Flake8 plugin to enforce the rules of hooks for IDOM", "status": "updated"}, {"timestamp": 1663409989, "pkg": "flake8-if-statements", "version": "1", "summary": "Flake8 linter for if statements", "status": "updated"}, {"timestamp": 1663496387, "pkg": "flake8-hangover", "version": "0.0.3", "summary": "flake8 plugin to prevent specific hanging indentations", "status": "updated"}, {"timestamp": 1663496387, "pkg": "flake8-idom-hooks", "version": "0.6.1", "summary": "Flake8 plugin to enforce the rules of hooks for IDOM", "status": "updated"}, {"timestamp": 1663669204, "pkg": "flake8-ado", "version": "0.3", "summary": "Flake8 plugin to check comments against AzureDevOps ticket references.", "status": "new"}, {"timestamp": 1663755632, "pkg": "flake8-eradicate", "version": "1.4", "summary": "Flake8 plugin to find commented out code", "status": "updated"}, {"timestamp": 1663842036, "pkg": "flake8-picky-parentheses", "version": "0.1", "summary": "flake8 plugin to nitpick about parenthesis, brackets, and braces", "status": "new"}]