[{"timestamp": 1728555632, "pkg": "flake8-in-file-ignores", "version": "0.3", "summary": "file-level per-file-ignores for flake8", "status": "updated"}, {"timestamp": 1728728409, "pkg": "flake8-kotoha", "version": "0.1", "summary": "flake8 plugin to improve your type hints", "status": "new"}, {"timestamp": 1728728409, "pkg": "flake8-stash", "version": "0.10", "summary": "A collection of flake8 checks.", "status": "updated"}, {"timestamp": 1728728409, "pkg": "flake8-max-function-length", "version": "0.9", "summary": "A configurable flake8 plugin to enforce a maximum function/method length.", "status": "updated"}, {"timestamp": 1728728409, "pkg": "flake8-typing-imports", "version": "1.16", "summary": "flake8 plugin which checks that typing imports are properly guarded", "status": "updated"}, {"timestamp": 1728814781, "pkg": "types-flake8-typing-imports", "version": "1.16.0.20241013", "summary": "Typing stubs for flake8-typing-imports", "status": "updated"}, {"timestamp": 1729333209, "pkg": "st2flake8", "version": "0.2", "summary": "UNKNOWN", "status": "updated"}, {"timestamp": 1729419594, "pkg": "types-flake8", "version": "7.1.0.20241020", "summary": "Typing stubs for flake8", "status": "updated"}, {"timestamp": 1729506047, "pkg": "flake8-implicit-str-concat", "version": "0.5", "summary": "Flake8 plugin to encourage correct string literal concatenation", "status": "updated"}, {"timestamp": 1729592436, "pkg": "flake8-async", "version": "24.10.1", "summary": "A highly opinionated flake8 plugin for Trio-related problems.", "status": "updated"}, {"timestamp": 1729765255, "pkg": "flake8-vedro", "version": "1.0.2", "summary": "flake8 based linter for vedro framework", "status": "updated"}, {"timestamp": 1729938025, "pkg": "pytest-flake8-path", "version": "1.6", "summary": "A pytest fixture for testing flake8 plugins.", "status": "updated"}, {"timestamp": 1730110887, "pkg": "flake8-logging", "version": "1.7", "summary": "A Flake8 plugin that checks for issues using the standard library logging module.", "status": "updated"}, {"timestamp": 1730110887, "pkg": "flake8-no-pep420", "version": "2.8", "summary": "A flake8 plugin to ban PEP-420 implicit namespace packages.", "status": "updated"}, {"timestamp": 1730110887, "pkg": "flake8-tidy-imports", "version": "4.11", "summary": "A flake8 plugin that helps you write tidier imports.", "status": "updated"}, {"timestamp": 1730110887, "pkg": "flake8-comprehensions", "version": "3.16", "summary": "A flake8 plugin to help you write better list/set/dict comprehensions.", "status": "updated"}, {"timestamp": 1730197243, "pkg": "flake8-async", "version": "24.10.2", "summary": "A highly opinionated flake8 plugin for Trio-related problems.", "status": "updated"}, {"timestamp": 1730283633, "pkg": "flake8-ecocode", "version": "0.1.3", "summary": "Ecocode plugin for Flask8", "status": "updated"}, {"timestamp": 1730370071, "pkg": "flake8-no-private-methods", "version": "0.0.1", "summary": "This is how python package should look like!", "status": "new"}, {"timestamp": 1730370071, "pkg": "tryceratops", "version": "2.4.1", "summary": "Prevent Exception Handling AntiPatterns", "status": "updated"}, {"timestamp": 1730456435, "pkg": "dlint", "version": "0.16", "summary": "Dlint is a tool for encouraging best coding practices and helping ensure Python code is secure.", "status": "updated"}, {"timestamp": 1730456435, "pkg": "flake8-django-migrations", "version": "1.1", "summary": "Flake8 plugin to lint for backwards incompatible database migrations", "status": "updated"}, {"timestamp": 1730456435, "pkg": "flake8-bugbear", "version": "24.10.31", "summary": "A plugin for flake8 finding likely bugs and design problems in your program. Contains warnings that don't belong in pyflakes and pycodestyle.", "status": "updated"}, {"timestamp": 1730456435, "pkg": "flake8-linenumber", "version": "0.1.13", "summary": "flake8 plugin to limit line number in a module", "status": "updated"}, {"timestamp": 1730629257, "pkg": "types-flake8-bugbear", "version": "24.10.31.20241103", "summary": "Typing stubs for flake8-bugbear", "status": "updated"}, {"timestamp": 1730715678, "pkg": "flake8-no-implicit-concat", "version": "0.3.6", "summary": "Flake8 plugin that forbids implicit str/bytes literal concatenations", "status": "updated"}, {"timestamp": 1730802049, "pkg": "flake8-no-implicit-concat", "version": "0.3.7", "summary": "Flake8 plugin that forbids implicit str/bytes literal concatenations", "status": "updated"}, {"timestamp": 1730974820, "pkg": "flake8-docstrings-complete", "version": "1.4.1", "summary": "A linter that checks docstrings are complete", "status": "updated"}, {"timestamp": 1731147612, "pkg": "pytest-flake8", "version": "1.3", "summary": "pytest plugin to check FLAKE8 requirements", "status": "updated"}, {"timestamp": 1731147612, "pkg": "flake8-typing-as-t", "version": "1", "summary": "A flake8 plugin to check typing import style", "status": "updated"}, {"timestamp": 1731233998, "pkg": "flake8-one-class", "version": "0.0.1", "summary": "flake8 plugin for check and inheritance of implementations", "status": "new"}, {"timestamp": 1731925257, "pkg": "flake8-async", "version": "24.11.1", "summary": "A highly opinionated flake8 plugin for Trio-related problems.", "status": "updated"}, {"timestamp": 1732011673, "pkg": "flake8-async", "version": "24.11.2", "summary": "A highly opinionated flake8 plugin for Trio-related problems.", "status": "updated"}, {"timestamp": 1732098039, "pkg": "flake8-async", "version": "24.11.3", "summary": "A highly opinionated flake8 plugin for Trio-related problems.", "status": "updated"}, {"timestamp": 1732357261, "pkg": "flake8-async", "version": "24.11.4", "summary": "A highly opinionated flake8 plugin for Trio-related problems.", "status": "updated"}, {"timestamp": 1732443616, "pkg": "flake8-pydocstyle", "version": "0.2.5", "summary": "flake8 plugin that integrates pydocstyle", "status": "updated"}, {"timestamp": 1732789262, "pkg": "flake8-prometheus-metrics-name", "version": "0.1.14", "summary": "Flake8 plugin for prometheus metric name validation", "status": "updated"}, {"timestamp": 1732962038, "pkg": "flake8-tensors", "version": "1.1", "summary": "flake8_tensors - flake8 plugin for deep learning codes", "status": "updated"}, {"timestamp": 1733134870, "pkg": "flake8-scout-rule", "version": "1.0.1", "summary": "A Flake8 formatter that applies '# noqa: <errors>' annotations to flake8 violations found, helping to incrementally improve code quality.", "status": "new"}, {"timestamp": 1733134870, "pkg": "flake8-tensors", "version": "1.2", "summary": "flake8_tensors - flake8 plugin for deep learning codes", "status": "updated"}, {"timestamp": 1733394038, "pkg": "flake8-markdown", "version": "0.6", "summary": "Lints Python code blocks in Markdown files using flake8", "status": "updated"}, {"timestamp": 1733826095, "pkg": "cohesion", "version": "1.2", "summary": "A tool for measuring Python class cohesion.", "status": "updated"}, {"timestamp": 1734085252, "pkg": "flake8-bugbear", "version": "24.12.12", "summary": "A plugin for flake8 finding likely bugs and design problems in your program. Contains warnings that don't belong in pyflakes and pycodestyle.", "status": "updated"}, {"timestamp": 1734171666, "pkg": "types-flake8-bugbear", "version": "24.12.12.20241214", "summary": "Typing stubs for flake8-bugbear", "status": "updated"}, {"timestamp": 1735294903, "pkg": "wemake-python-styleguide", "version": "1", "summary": "The strictest and most opinionated python linter ever", "status": "updated"}, {"timestamp": 1735294903, "pkg": "flake8-pydantic", "version": "0.4", "summary": "A flake8 plugin to check Pydantic related code.", "status": "updated"}, {"timestamp": 1735381293, "pkg": "flake8-vedro-mocks", "version": "1", "summary": "flake8 based linter for vedro framework and mocks", "status": "new"}, {"timestamp": 1736590923, "pkg": "flake8-ic", "version": "0.6", "summary": "This package provides a plugin for flake8 that checks the usage of ic() function from icecream package.", "status": "new"}, {"timestamp": 1736590923, "pkg": "flake8-spm", "version": "0.0.1", "summary": "Flake8 plugin for structural pattern matching", "status": "new"}, {"timestamp": 1736590923, "pkg": "flake8-pytest-style", "version": "2.1", "summary": "A flake8 plugin checking common style issues or inconsistencies with pytest-based tests.", "status": "updated"}, {"timestamp": 1736936516, "pkg": "flake8-pyspark-with-column", "version": "0.0.5", "summary": "A Flake8 plugin to check for PySpark withColumn usage in loops", "status": "updated"}, {"timestamp": 1736936516, "pkg": "flake8-custom-import-rules", "version": "1.1.6", "summary": "A Flake8 plugin that enforces custom import rules, allowing users to define and maintain clean and consistent import organization across their Python projects.", "status": "updated"}]