[{"timestamp": 1604053435, "pkg": "flake8-intsights", "version": "0.1.1", "summary": "Uncompromising and opinionated flake8 plugin which follows Intsights' practices", "status": "updated"}, {"timestamp": 1604139698, "pkg": "dlint", "version": "0.11", "summary": "Dlint is a tool for encouraging best coding practices and helping ensure Python code is secure.", "status": "updated"}, {"timestamp": 1604226182, "pkg": "flake8-function-order", "version": "0.0.4", "summary": "flake8 extension that checks function order within a class", "status": "updated"}, {"timestamp": 1604312666, "pkg": "flake8-peewee", "version": "0.1", "summary": "flake8 plugin which checks for peewee usage syntax error", "status": "new"}, {"timestamp": 1604399136, "pkg": "nitpick", "version": "0.23.1", "summary": "Flake8 plugin to enforce the same lint configuration (flake8, isort, mypy, pylint) across multiple Python projects", "status": "updated"}, {"timestamp": 1604571945, "pkg": "flake8-ets", "version": "1", "summary": "flake8 plugin for checking Enthought Tool Suite copyright headers.", "status": "new"}]