[{"timestamp": 1686910797, "pkg": "flake8-no-pep420", "version": "2.6", "summary": "A flake8 plugin to ban PEP-420 implicit namespace packages.", "status": "updated"}, {"timestamp": 1686997167, "pkg": "pytest-flake8-path", "version": "1.4", "summary": "A pytest fixture for testing flake8 plugins.", "status": "updated"}, {"timestamp": 1687170003, "pkg": "flake8-balanced-wrapping", "version": "0.1.4", "summary": "A flake8 plugin that helps you wrap code with visual balance.", "status": "updated"}, {"timestamp": 1687256413, "pkg": "flake8-balanced-wrapping", "version": "0.1.6", "summary": "A flake8 plugin that helps you wrap code with visual balance.", "status": "updated"}, {"timestamp": 1687342803, "pkg": "flake8-isolated-packages", "version": "2.1", "summary": "This flake8 plugin is for checking imports isolations.", "status": "updated"}, {"timestamp": 1687342803, "pkg": "flake8-noqa", "version": "1.3.2", "summary": "Flake8 noqa comment validation", "status": "updated"}, {"timestamp": 1687515626, "pkg": "flake8-variables-names", "version": "0.0.6", "summary": "A flake8 extension that helps to make more readable variables names", "status": "updated"}, {"timestamp": 1687515626, "pkg": "flake8-annotations-complexity", "version": "0.0.8", "summary": "A flake8 extension that checks for type annotations complexity", "status": "updated"}, {"timestamp": 1687861239, "pkg": "flake8-plugin-utils", "version": "1.3.3", "summary": "The package provides base classes and utils for flake8 plugin writing", "status": "updated"}, {"timestamp": 1687861239, "pkg": "flake8-isolated-packages", "version": "2.2", "summary": "This Flake8 plugin is for checking imports isolations.", "status": "updated"}, {"timestamp": 1687947624, "pkg": "types-flake8-plugin-utils", "version": "1.3.7.4", "summary": "Typing stubs for flake8-plugin-utils", "status": "updated"}, {"timestamp": 1687947624, "pkg": "flake8-django-migrations", "version": "1", "summary": "Flake8 plugin to lint for backwards incompatible database migrations", "status": "updated"}, {"timestamp": 1688034020, "pkg": "flake8-pyi", "version": "23.6", "summary": "A plugin for flake8 to enable linting .pyi stub files.", "status": "updated"}, {"timestamp": 1688206875, "pkg": "mle-flake8-plugins", "version": "0.2.2", "summary": "", "status": "updated"}, {"timestamp": 1688552441, "pkg": "flake8-json", "version": "23.7", "summary": "JSON Formatting Reporter plugin for Flake8", "status": "updated"}, {"timestamp": 1688725251, "pkg": "flake8-mock", "version": "0.4", "summary": "Provides checking for non-existent mock methods", "status": "updated"}, {"timestamp": 1689070847, "pkg": "flake8-module-docstring-import", "version": "0.0.1", "summary": "Very simple flake8 plugin checking if there is exactly one new line between module docstring and imports", "status": "new"}, {"timestamp": 1689070847, "pkg": "flake8-no-pep420", "version": "2.7", "summary": "A flake8 plugin to ban PEP-420 implicit namespace packages.", "status": "updated"}, {"timestamp": 1689070847, "pkg": "types-flake8-bugbear", "version": "23.7.10", "summary": "Typing stubs for flake8-bugbear", "status": "updated"}, {"timestamp": 1689070847, "pkg": "flake8-tidy-imports", "version": "4.10", "summary": "A flake8 plugin that helps you write tidier imports.", "status": "updated"}, {"timestamp": 1689070847, "pkg": "flake8-bugbear", "version": "23.7.10", "summary": "A plugin for flake8 finding likely bugs and design problems in your program. Contains warnings that don't belong in pyflakes and pycodestyle.", "status": "updated"}, {"timestamp": 1689070847, "pkg": "flake8-comprehensions", "version": "3.14", "summary": "A flake8 plugin to help you write better list/set/dict comprehensions.", "status": "updated"}, {"timestamp": 1689070847, "pkg": "pytest-flake8-path", "version": "1.5", "summary": "A pytest fixture for testing flake8 plugins.", "status": "updated"}, {"timestamp": 1689157221, "pkg": "flake8-docstrings-complete", "version": "1.2", "summary": "A linter that checks docstrings are complete", "status": "updated"}, {"timestamp": 1689416447, "pkg": "flake8-eol", "version": "0.0.8", "summary": "Flake8 plugin to enforce Unix/Linux EOL consistency", "status": "new"}, {"timestamp": 1689416447, "pkg": "flake8-multiline-conditionals-comprehensions", "version": "2", "summary": "A flake8 plugin to make sure complex conditional expressions and comprehension expressions are split over several lines.", "status": "updated"}, {"timestamp": 1689416447, "pkg": "flake8-typing-collections", "version": "2", "summary": "A flake8 plugin that checks the use of type alternatives from the typing module over actual run time types, especially from the collections module.", "status": "updated"}, {"timestamp": 1689416447, "pkg": "flake8-import-restrictions", "version": "2", "summary": "A flake8 plugin used to disallow certain forms of imports.", "status": "updated"}, {"timestamp": 1689416447, "pkg": "flake8-classmethod-staticmethod", "version": "2", "summary": "flake8 plugin that checks rules regarding the staticmethod and classmethod decorators.", "status": "updated"}, {"timestamp": 1689502818, "pkg": "flake8-type-checking", "version": "2.4.1", "summary": "A flake8 plugin for managing type-checking imports & forward references", "status": "updated"}, {"timestamp": 1689589261, "pkg": "flake8-aaa", "version": "0.16", "summary": "A Flake8 plugin that checks Python tests follow the Arrange-Act-Assert pattern", "status": "updated"}, {"timestamp": 1689675631, "pkg": "flake8-boolean-trap", "version": "1.0.1", "summary": "flake8 plugin which forbids boolean positional arguments", "status": "updated"}, {"timestamp": 1689848449, "pkg": "mle-flake8-plugins", "version": "0.2.3", "summary": "", "status": "updated"}, {"timestamp": 1689934858, "pkg": "types-flake8-bugbear", "version": "23.7.10.1", "summary": "Typing stubs for flake8-bugbear", "status": "updated"}, {"timestamp": 1689934858, "pkg": "types-flake8-typing-imports", "version": "1.14.0.3", "summary": "Typing stubs for flake8-typing-imports", "status": "updated"}, {"timestamp": 1689934858, "pkg": "types-flake8-builtins", "version": "2.1.0.3", "summary": "Typing stubs for flake8-builtins", "status": "updated"}, {"timestamp": 1689934858, "pkg": "types-flake8-docstrings", "version": "1.7.0.3", "summary": "Typing stubs for flake8-docstrings", "status": "updated"}, {"timestamp": 1689934858, "pkg": "types-flake8-rst-docstrings", "version": "0.3.0.3", "summary": "Typing stubs for flake8-rst-docstrings", "status": "updated"}, {"timestamp": 1689934858, "pkg": "types-flake8-plugin-utils", "version": "1.3.7.5", "summary": "Typing stubs for flake8-plugin-utils", "status": "updated"}, {"timestamp": 1689934858, "pkg": "types-flake8-simplify", "version": "0.20.0.2", "summary": "Typing stubs for flake8-simplify", "status": "updated"}, {"timestamp": 1689934858, "pkg": "types-flake8-2020", "version": "1.8.0.1", "summary": "Typing stubs for flake8-2020", "status": "updated"}, {"timestamp": 1690194004, "pkg": "flake8-staged-diff", "version": "0.1", "summary": "flake8 wrapper to run only on modified/staged code", "status": "new"}, {"timestamp": 1690453170, "pkg": "flake8-private-name-import", "version": "0.1.3", "summary": "flake8 plugin that reports imports of private names", "status": "new"}, {"timestamp": 1690539653, "pkg": "flake8-private-name-import", "version": "0.1.5", "summary": "flake8 plugin that reports imports of private names", "status": "updated"}, {"timestamp": 1690625956, "pkg": "autoflake8", "version": "0.4.1", "summary": "Tool to automatically fix some issues reported by flake8 (forked from autoflake).", "status": "updated"}, {"timestamp": 1690712423, "pkg": "flake8-staged-diff", "version": "0.3", "summary": "flake8 wrapper to run only on modified/staged code", "status": "updated"}, {"timestamp": 1690712423, "pkg": "pycodestyle", "version": "2.11", "summary": "Python style guide checker", "status": "updated"}, {"timestamp": 1690712423, "pkg": "flake8-private-name-import", "version": "1", "summary": "flake8 plugin that reports imports of private names", "status": "updated"}, {"timestamp": 1690712423, "pkg": "flake8", "version": "6.1", "summary": "the modular source code checker: pep8 pyflakes and co", "status": "updated"}, {"timestamp": 1690712423, "pkg": "pyflakes", "version": "3.1", "summary": "passive checker of Python programs", "status": "updated"}, {"timestamp": 1690798851, "pkg": "flake8-django", "version": "1.4", "summary": "Plugin to catch bad style specific to Django Projects.", "status": "updated"}]