[{"timestamp": 1706869160, "pkg": "flake8-bas", "version": "1", "summary": "Flake8 extension that checks for blank lines around (compound) statements.", "status": "updated"}, {"timestamp": 1707214770, "pkg": "flake8-requirements", "version": "2.0.2", "summary": "Package requirements checker, plugin for flake8", "status": "updated"}, {"timestamp": 1707301204, "pkg": "flake8-bugbear", "version": "24.2.6", "summary": "A plugin for flake8 finding likely bugs and design problems in your program. Contains warnings that don't belong in pyflakes and pycodestyle.", "status": "updated"}, {"timestamp": 1707473972, "pkg": "flake8-todos", "version": "0.3.1", "summary": "Python linter to check TODO comments for consistency and best practice.", "status": "updated"}, {"timestamp": 1707473972, "pkg": "types-flake8-bugbear", "version": "24.2.6.20240209", "summary": "Typing stubs for flake8-bugbear", "status": "updated"}, {"timestamp": 1707560358, "pkg": "flake8-pydocstyle", "version": "0.2.4", "summary": "flake8 plugin that integrates pydocstyle", "status": "updated"}, {"timestamp": 1707646792, "pkg": "flake8-quotes", "version": "3.4", "summary": "Flake8 lint for quotes.", "status": "updated"}, {"timestamp": 1708078802, "pkg": "flake8-qiskit-migration", "version": "0.3", "summary": "Quickly detect imports removed in the Qiskit 1.0 release", "status": "new"}, {"timestamp": 1708510803, "pkg": "flake8-requirements", "version": "2.1", "summary": "Package requirements checker, plugin for flake8", "status": "updated"}, {"timestamp": 1708510803, "pkg": "flake8-force-keyword-arguments", "version": "2", "summary": "A flake8 extension that is looking for function calls and forces to use keyword arguments if there are more than X arguments", "status": "updated"}, {"timestamp": 1708597178, "pkg": "flake8-iteritems", "version": "0.0.0.3", "summary": "flake8 plugin to warn dict.iteritems()", "status": "updated"}, {"timestamp": 1708856362, "pkg": "flake8-pydantic", "version": "0.1.post0", "summary": "A flake8 plugin to check Pydantic related code.", "status": "new"}, {"timestamp": 1709288368, "pkg": "flake8-qiskit-migration", "version": "0.4", "summary": "Quickly detect imports removed in the Qiskit 1.0 release", "status": "updated"}, {"timestamp": 1709979612, "pkg": "flake8-trio", "version": "24.3.9", "summary": "Micropackage to redirect users to flake8-async.", "status": "updated"}, {"timestamp": 1710152379, "pkg": "flake8-pyi", "version": "24.3", "summary": "A plugin for flake8 to enable linting .pyi stub files.", "status": "updated"}, {"timestamp": 1710411609, "pkg": "flake8-commas-x", "version": "3", "summary": "Flake8 lint for trailing commas.", "status": "new"}, {"timestamp": 1710929982, "pkg": "flake8-tensors", "version": "1", "summary": "flake8_tensors - flake8 plugin for deep learning codes", "status": "updated"}, {"timestamp": 1711016347, "pkg": "flake8-logging", "version": "1.6", "summary": "A Flake8 plugin that checks for issues using the standard library logging module.", "status": "updated"}, {"timestamp": 1711102776, "pkg": "flake8-max-lines", "version": "0.0.1", "summary": "flake8 plugin to check max lines per files", "status": "new"}, {"timestamp": 1711189167, "pkg": "flake8-max-lines", "version": "0.0.2", "summary": "flake8 plugin to check max lines per files", "status": "updated"}, {"timestamp": 1711189167, "pkg": "flake8-picky-parentheses", "version": "0.5.5", "summary": "flake8 plugin to nitpick about parenthesis, brackets, and braces", "status": "updated"}, {"timestamp": 1711534782, "pkg": "flake8-init-return", "version": "1.0.1", "summary": "flake8 plugin which makes sure that __init__ functions have a return type", "status": "updated"}, {"timestamp": 1711534782, "pkg": "flake8-requirements", "version": "2.1.1", "summary": "Package requirements checker, plugin for flake8", "status": "updated"}, {"timestamp": 1711707583, "pkg": "flake8-dunder-all", "version": "0.4", "summary": "A Flake8 plugin and pre-commit hook which checks to ensure modules have defined '__all__'.", "status": "updated"}, {"timestamp": 1711793987, "pkg": "flake8-builtins", "version": "2.3", "summary": "Check for python builtins being used as variables or parameters", "status": "updated"}, {"timestamp": 1711880367, "pkg": "types-flake8-builtins", "version": "2.3.0.20240331", "summary": "Typing stubs for flake8-builtins", "status": "updated"}, {"timestamp": 1711880367, "pkg": "flake8-pyi", "version": "24.3.1", "summary": "A plugin for flake8 to enable linting .pyi stub files.", "status": "updated"}, {"timestamp": 1712053183, "pkg": "flake8-pytest-style", "version": "2", "summary": "A flake8 plugin checking common style issues or inconsistencies with pytest-based tests.", "status": "updated"}, {"timestamp": 1712053183, "pkg": "flake8-builtins", "version": "2.4", "summary": "Check for python builtins being used as variables or parameters", "status": "updated"}, {"timestamp": 1712139609, "pkg": "flake8-dunder-all", "version": "0.4.1", "summary": "A Flake8 plugin and pre-commit hook which checks to ensure modules have defined '__all__'.", "status": "updated"}, {"timestamp": 1712225974, "pkg": "types-flake8-builtins", "version": "2.4.0.20240404", "summary": "Typing stubs for flake8-builtins", "status": "updated"}, {"timestamp": 1712744442, "pkg": "flake8-builtins", "version": "2.5", "summary": "Check for python builtins being used as variables or parameters", "status": "updated"}, {"timestamp": 1712744442, "pkg": "pyproject-flake8", "version": "7", "summary": "pyproject-flake8 (`pflake8`), a monkey patching wrapper to connect flake8 with pyproject.toml configuration ", "status": "updated"}, {"timestamp": 1712830793, "pkg": "types-flake8-builtins", "version": "2.5.0.20240411", "summary": "Typing stubs for flake8-builtins", "status": "updated"}, {"timestamp": 1712917187, "pkg": "flake8-pyi", "version": "24.4", "summary": "A plugin for flake8 to enable linting .pyi stub files.", "status": "updated"}, {"timestamp": 1713176353, "pkg": "flake8-no-else", "version": "0.1.3", "summary": "A flake8 plugin to enforce object calisthenics rule \"do not use ELSE\"", "status": "new"}, {"timestamp": 1713349239, "pkg": "flake8-no-nesting", "version": "0.1.1", "summary": "A flake8 plugin to enforce object calisthenics rule \"ONE level of indentation\"", "status": "new"}, {"timestamp": 1713435635, "pkg": "flake8-no-nesting", "version": "0.1.2", "summary": "A flake8 plugin to enforce object calisthenics rule \"ONE level of indentation\"", "status": "updated"}, {"timestamp": 1713608379, "pkg": "flake8-small-entities", "version": "0.1", "summary": "A flake8 plugin to enforce object calisthenics rule \"keep entities small\"", "status": "new"}, {"timestamp": 1713608379, "pkg": "flake8-pyi", "version": "24.4.1", "summary": "A plugin for flake8 to enable linting .pyi stub files.", "status": "updated"}, {"timestamp": 1713694753, "pkg": "flake8-one-dot", "version": "0.1.3", "summary": "A flake8 plugin to enforce object calisthenics rule \"one dot per line\"", "status": "new"}, {"timestamp": 1713694753, "pkg": "flake8-json", "version": "24.4", "summary": "JSON Formatting Reporter plugin for Flake8", "status": "updated"}, {"timestamp": 1713781244, "pkg": "flake8-bugbear", "version": "24.4.21", "summary": "A plugin for flake8 finding likely bugs and design problems in your program. Contains warnings that don't belong in pyflakes and pycodestyle.", "status": "updated"}, {"timestamp": 1713867567, "pkg": "types-flake8-bugbear", "version": "24.4.21.20240423", "summary": "Typing stubs for flake8-bugbear", "status": "updated"}, {"timestamp": 1714040382, "pkg": "flake8-deep-calls", "version": "0.1", "summary": "A flake8 plugin to enforce object calisthenics rule \"one level of nesting\"", "status": "new"}, {"timestamp": 1714213229, "pkg": "flake8-bugbear", "version": "24.4.26", "summary": "A plugin for flake8 finding likely bugs and design problems in your program. Contains warnings that don't belong in pyflakes and pycodestyle.", "status": "updated"}, {"timestamp": 1714299575, "pkg": "types-flake8-bugbear", "version": "24.4.26.20240428", "summary": "Typing stubs for flake8-bugbear", "status": "updated"}, {"timestamp": 1714904382, "pkg": "flake8-commas-x", "version": "3.post1", "summary": "Flake8 lint for trailing commas.", "status": "updated"}, {"timestamp": 1715077217, "pkg": "flake8-annotations", "version": "3.1", "summary": "Flake8 Type Annotation Checks", "status": "updated"}, {"timestamp": 1715250010, "pkg": "flake8-requirements", "version": "2.2", "summary": "Package requirements checker, plugin for flake8", "status": "updated"}]