[{"timestamp": 1648462796, "pkg": "nitpick", "version": "0.32", "summary": "Enforce the same settings across multiple language-independent projects", "status": "updated"}, {"timestamp": 1648462796, "pkg": "flake8-spellcheck", "version": "0.28", "summary": "Spellcheck variables, comments and docstrings", "status": "updated"}, {"timestamp": 1648549197, "pkg": "flake8-simplify", "version": "0.19.2", "summary": "flake8 plugin which checks for code that can be simplified", "status": "updated"}, {"timestamp": 1648549197, "pkg": "types-flake8-plugin-utils", "version": "1.3.4", "summary": "Typing stubs for flake8-plugin-utils", "status": "updated"}, {"timestamp": 1648549197, "pkg": "thonnyflake8", "version": "1.0.2", "summary": "A plugin that adds flake8 to the Thonny python IDE.", "status": "updated"}, {"timestamp": 1648635593, "pkg": "thonnyflake8", "version": "1.0.3", "summary": "A plugin that adds flake8 to the Thonny python IDE.", "status": "updated"}, {"timestamp": 1648722032, "pkg": "flake8-annotations", "version": "2.8", "summary": "Flake8 Type Annotation Checks", "status": "updated"}, {"timestamp": 1649067630, "pkg": "flake8-gl-codeclimate", "version": "0.1.6", "summary": "Gitlab Code Quality artifact Flake8 formatter.", "status": "updated"}, {"timestamp": 1649067630, "pkg": "flake8-type-checking", "version": "1.4", "summary": "A flake8 plugin for managing type-checking imports & forward references", "status": "updated"}, {"timestamp": 1649413210, "pkg": "flake8-docstring-checker", "version": "1.1", "summary": "A simple flake8 plugin that checks if everything has a docstring", "status": "updated"}, {"timestamp": 1649672429, "pkg": "flake8-type-checking", "version": "1.5", "summary": "A flake8 plugin for managing type-checking imports & forward references", "status": "updated"}, {"timestamp": 1649758814, "pkg": "pyproject-flake8", "version": "0.0.1a4", "summary": "pyproject-flake8 (`pflake8`), a monkey patching wrapper to connect flake8 with pyproject.toml configuration ", "status": "updated"}, {"timestamp": 1649845204, "pkg": "flake8-html", "version": "0.4.2", "summary": "Generate HTML reports of flake8 violations", "status": "updated"}, {"timestamp": 1650017986, "pkg": "flake8-for-pycharm", "version": "0.3.2", "summary": "Flake8 json formatter that produces output pycharm can recognize", "status": "new"}, {"timestamp": 1650104388, "pkg": "flake8-annotations", "version": "2.9", "summary": "Flake8 Type Annotation Checks", "status": "updated"}, {"timestamp": 1650104388, "pkg": "types-flake8-plugin-utils", "version": "1.3.5", "summary": "Typing stubs for flake8-plugin-utils", "status": "updated"}, {"timestamp": 1650190814, "pkg": "types-flake8-typing-imports", "version": "1.11.3", "summary": "Typing stubs for flake8-typing-imports", "status": "updated"}, {"timestamp": 1650190814, "pkg": "types-flake8-simplify", "version": "0.18.1", "summary": "Typing stubs for flake8-simplify", "status": "updated"}, {"timestamp": 1650190814, "pkg": "types-flake8-bugbear", "version": "21.11.29.2", "summary": "Typing stubs for flake8-bugbear", "status": "updated"}, {"timestamp": 1650190814, "pkg": "flake8-multiline-containers", "version": "0.0.19", "summary": "Ensure a consistent format for multiline containers.", "status": "updated"}, {"timestamp": 1650190814, "pkg": "types-flake8-2020", "version": "1.6.3", "summary": "Typing stubs for flake8-2020", "status": "updated"}, {"timestamp": 1650190814, "pkg": "types-flake8-rst-docstrings", "version": "0.2.1", "summary": "Typing stubs for flake8-rst-docstrings", "status": "updated"}, {"timestamp": 1650190814, "pkg": "types-flake8-plugin-utils", "version": "1.3.6", "summary": "Typing stubs for flake8-plugin-utils", "status": "updated"}, {"timestamp": 1650190814, "pkg": "flake8-pyi", "version": "22.4", "summary": "A plugin for flake8 to enable linting .pyi files.", "status": "updated"}, {"timestamp": 1650190814, "pkg": "types-flake8-builtins", "version": "1.5.4", "summary": "Typing stubs for flake8-builtins", "status": "updated"}, {"timestamp": 1650190814, "pkg": "types-flake8-docstrings", "version": "1.6.3", "summary": "Typing stubs for flake8-docstrings", "status": "updated"}, {"timestamp": 1650363626, "pkg": "flake8-pyi", "version": "22.4.1", "summary": "A plugin for flake8 to enable linting .pyi files.", "status": "updated"}, {"timestamp": 1650882041, "pkg": "flake8-unused-arguments", "version": "0.0.10", "summary": "flake8 extension to warn on unused function arguments", "status": "updated"}, {"timestamp": 1650968448, "pkg": "flake8-eradicate", "version": "1.2.1", "summary": "Flake8 plugin to find commented out code", "status": "updated"}, {"timestamp": 1650968448, "pkg": "flake8-bugbear", "version": "22.4.25", "summary": "A plugin for flake8 finding likely bugs and design problems in your program. Contains warnings that don't belong in pyflakes and pycodestyle.", "status": "updated"}, {"timestamp": 1651400432, "pkg": "flake8-print", "version": "5", "summary": "print statement checker plugin for flake8", "status": "updated"}, {"timestamp": 1651400432, "pkg": "flake8-debugger", "version": "4.1.2", "summary": "ipdb/pdb statement checker plugin for flake8", "status": "updated"}, {"timestamp": 1651400432, "pkg": "flake8-prometheus-metrics-name", "version": "0.1.7", "summary": "Flake8 plugin for prometheus metric name validation", "status": "updated"}, {"timestamp": 1651400432, "pkg": "tryceratops", "version": "1.1", "summary": "A linter to manage your exception like a PRO!", "status": "updated"}, {"timestamp": 1651659683, "pkg": "flake8-prometheus-metrics-name", "version": "0.1.8", "summary": "Flake8 plugin for prometheus metric name validation", "status": "updated"}, {"timestamp": 1651746014, "pkg": "flake8-prometheus-metrics-name", "version": "0.1.9", "summary": "Flake8 plugin for prometheus metric name validation", "status": "updated"}, {"timestamp": 1651832407, "pkg": "flake8-tidy-imports", "version": "4.7", "summary": "A flake8 plugin that helps you write tidier imports.", "status": "updated"}, {"timestamp": 1652091625, "pkg": "flake8-slots", "version": "0.1.5", "summary": "A Flake8 plugin to require __slots__ to be defined for subclasses of immutable types.", "status": "updated"}, {"timestamp": 1652091625, "pkg": "flake8-dunder-all", "version": "0.2", "summary": "A Flake8 plugin and pre-commit hook which checks to ensure modules have defined '__all__'.", "status": "updated"}, {"timestamp": 1652178017, "pkg": "flake8-pep604", "version": "0.1", "summary": "flake8 plugin to enforce use of `|` over `typing.Union`", "status": "new"}, {"timestamp": 1652264456, "pkg": "flake8-newspaper-style", "version": "0.2.3", "summary": "Check code for newspaper style", "status": "new"}, {"timestamp": 1652264456, "pkg": "flake8-comprehensions", "version": "3.9", "summary": "A flake8 plugin to help you write better list/set/dict comprehensions.", "status": "updated"}, {"timestamp": 1652264456, "pkg": "flake8-pyi", "version": "22.5", "summary": "A plugin for flake8 to enable linting .pyi files.", "status": "updated"}, {"timestamp": 1652350854, "pkg": "flake8-jungle", "version": "1", "summary": "Plugin to lint various issues in code.", "status": "new"}, {"timestamp": 1652350854, "pkg": "flake8-tidy-imports", "version": "4.8", "summary": "A flake8 plugin that helps you write tidier imports.", "status": "updated"}, {"timestamp": 1652350854, "pkg": "flake8-no-types", "version": "1.5", "summary": "A flake8 plugin to ban type hints.", "status": "updated"}, {"timestamp": 1652350854, "pkg": "flake8-no-pep420", "version": "2.3", "summary": "A flake8 plugin to ban PEP-420 implicit namespace packages.", "status": "updated"}, {"timestamp": 1652350854, "pkg": "pytest-flake8-path", "version": "1.3", "summary": "A pytest fixture for testing flake8 plugins.", "status": "updated"}, {"timestamp": 1652350854, "pkg": "flake8-dunder-all", "version": "0.2.1", "summary": "A Flake8 plugin and pre-commit hook which checks to ensure modules have defined '__all__'.", "status": "updated"}, {"timestamp": 1652437212, "pkg": "flake8-newspaper-style", "version": "0.2.6", "summary": "Check code for newspaper style", "status": "updated"}, {"timestamp": 1652523614, "pkg": "flake8-sarif", "version": "1.0.4", "summary": "SARIF Formatting Reporter plugin for Flake8", "status": "new"}, {"timestamp": 1652523614, "pkg": "flake8-future-annotations", "version": "0.0.5", "summary": "Verifies python 3.7+ files use from __future__ import annotations", "status": "updated"}, {"timestamp": 1652523614, "pkg": "flake8-newspaper-style", "version": "0.2.7", "summary": "Check code for newspaper style", "status": "updated"}]