[{"timestamp": 1678357238, "pkg": "cohesion", "version": "1.1", "summary": "A tool for measuring Python class cohesion.", "status": "updated"}, {"timestamp": 1678702836, "pkg": "types-flake8-bugbear", "version": "23.3.12", "summary": "Typing stubs for flake8-bugbear", "status": "updated"}, {"timestamp": 1678702836, "pkg": "flake8-bugbear", "version": "23.3.12", "summary": "A plugin for flake8 finding likely bugs and design problems in your program. Contains warnings that don't belong in pyflakes and pycodestyle.", "status": "updated"}, {"timestamp": 1678789282, "pkg": "flake8-noqa", "version": "1.3.1", "summary": "Flake8 noqa comment validation", "status": "updated"}, {"timestamp": 1678875658, "pkg": "flake8-pyi", "version": "23.3", "summary": "A plugin for flake8 to enable linting .pyi stub files.", "status": "updated"}, {"timestamp": 1679134784, "pkg": "flake8-comprehensions", "version": "3.11", "summary": "A flake8 plugin to help you write better list/set/dict comprehensions.", "status": "updated"}, {"timestamp": 1679394042, "pkg": "flake8-pyi", "version": "23.3.1", "summary": "A plugin for flake8 to enable linting .pyi stub files.", "status": "updated"}, {"timestamp": 1679480405, "pkg": "dbnomics-fetcher-flake8-plugins", "version": "0.0.2", "summary": "Flake8 plugins used by DBnomics fetchers", "status": "new"}, {"timestamp": 1679480405, "pkg": "flake8-comprehensions", "version": "3.11.1", "summary": "A flake8 plugin to help you write better list/set/dict comprehensions.", "status": "updated"}, {"timestamp": 1679480405, "pkg": "flake8-pyproject", "version": "1.2.3", "summary": "Flake8 plug-in loading the configuration from pyproject.toml", "status": "updated"}, {"timestamp": 1679653225, "pkg": "types-flake8-bugbear", "version": "23.3.23", "summary": "Typing stubs for flake8-bugbear", "status": "updated"}, {"timestamp": 1679653225, "pkg": "flake8-bugbear", "version": "23.3.23", "summary": "A plugin for flake8 finding likely bugs and design problems in your program. Contains warnings that don't belong in pyflakes and pycodestyle.", "status": "updated"}, {"timestamp": 1679998832, "pkg": "nitpick", "version": "0.33", "summary": "Enforce the same settings across multiple language-independent projects", "status": "updated"}, {"timestamp": 1679998832, "pkg": "types-flake8-plugin-utils", "version": "1.3.7.2", "summary": "Typing stubs for flake8-plugin-utils", "status": "updated"}, {"timestamp": 1679998832, "pkg": "flake8-type-checking", "version": "2.4", "summary": "A flake8 plugin for managing type-checking imports & forward references", "status": "updated"}, {"timestamp": 1680085206, "pkg": "flake8-nb", "version": "0.5.3", "summary": "Flake8 based checking for jupyter notebooks", "status": "updated"}, {"timestamp": 1680171640, "pkg": "nitpick", "version": "0.33.1", "summary": "Enforce the same settings across multiple language-independent projects", "status": "updated"}, {"timestamp": 1680258026, "pkg": "flake8-github-annotations", "version": "1", "summary": "A flake8 formatter that turns output into Github Annotations", "status": "new"}, {"timestamp": 1680258026, "pkg": "types-flake8-simplify", "version": "0.20", "summary": "Typing stubs for flake8-simplify", "status": "updated"}, {"timestamp": 1680258026, "pkg": "flake8-simplify", "version": "0.20", "summary": "flake8 plugin which checks for code that can be simplified", "status": "updated"}, {"timestamp": 1680430762, "pkg": "flake8-stash", "version": "0.8", "summary": "A collection of flake8 checks.", "status": "new"}, {"timestamp": 1680517224, "pkg": "flake8-alphabetize", "version": "0.0.20", "summary": "A Python style checker for alphabetizing import and __all__.", "status": "updated"}, {"timestamp": 1680690060, "pkg": "flake8-iw", "version": "0.0.17", "summary": "A plugin to show lint errors for IW", "status": "updated"}, {"timestamp": 1680690060, "pkg": "flake8-github-annotations", "version": "1.1", "summary": "A flake8 formatter that turns output into Github Annotations", "status": "updated"}, {"timestamp": 1681208447, "pkg": "flake8-picky-parentheses", "version": "0.5", "summary": "flake8 plugin to nitpick about parenthesis, brackets, and braces", "status": "updated"}, {"timestamp": 1681208447, "pkg": "flake8-functions", "version": "0.0.8", "summary": "A flake8 extension that checks functions", "status": "updated"}, {"timestamp": 1681208447, "pkg": "dlint", "version": "0.14.1", "summary": "Dlint is a tool for encouraging best coding practices and helping ensure Python code is secure.", "status": "updated"}, {"timestamp": 1681208447, "pkg": "flake8-pyi", "version": "23.4", "summary": "A plugin for flake8 to enable linting .pyi stub files.", "status": "updated"}, {"timestamp": 1681294806, "pkg": "flake8-import-order-fuzeman", "version": "1.8.1", "summary": "\"@fuzeman's import order style for flake8-import-order\"", "status": "updated"}, {"timestamp": 1681381236, "pkg": "flake8-pyi", "version": "23.4.1", "summary": "A plugin for flake8 to enable linting .pyi stub files.", "status": "updated"}, {"timestamp": 1681381236, "pkg": "flake8-comprehensions", "version": "3.12", "summary": "A flake8 plugin to help you write better list/set/dict comprehensions.", "status": "updated"}, {"timestamp": 1681467607, "pkg": "mle-flake8-plugins", "version": "0.1", "summary": "", "status": "new"}, {"timestamp": 1681467607, "pkg": "flake8-alphabetize", "version": "0.0.21", "summary": "A Python style checker for alphabetizing import and __all__.", "status": "updated"}, {"timestamp": 1681554024, "pkg": "ignore-flake8-error", "version": "0.2", "summary": "add `noqa` comments to ignore every occurrence of a flake8 error", "status": "updated"}, {"timestamp": 1681554024, "pkg": "flake8-django", "version": "1.2", "summary": "Plugin to catch bad style specific to Django Projects.", "status": "updated"}, {"timestamp": 1681554024, "pkg": "flake8-dunder-all", "version": "0.3", "summary": "A Flake8 plugin and pre-commit hook which checks to ensure modules have defined '__all__'.", "status": "updated"}, {"timestamp": 1681726814, "pkg": "flake8-sqlalchemy", "version": "0.1", "summary": "A flake8 plugin to detect issues with SQLAlchemy code", "status": "new"}, {"timestamp": 1681726814, "pkg": "flake8-keyword-params", "version": "1", "summary": "Flake8 keyword parameter validation", "status": "new"}, {"timestamp": 1681813263, "pkg": "flake8-checker", "version": "0.0.2", "summary": "Plugin to comply with my picky standards", "status": "new"}, {"timestamp": 1681813263, "pkg": "flake8-keyword-params", "version": "1.1", "summary": "Flake8 keyword parameter validation", "status": "updated"}, {"timestamp": 1681899599, "pkg": "hacking", "version": "6", "summary": "OpenStack Hacking Guideline Enforcement", "status": "updated"}, {"timestamp": 1681986062, "pkg": "flake8-keyword-params", "version": "1.1.1", "summary": "Flake8 keyword parameter validation", "status": "updated"}, {"timestamp": 1681986062, "pkg": "autohooks-plugin-flake8", "version": "23.4", "summary": "An autohooks plugin for python code linting via flake8.", "status": "updated"}, {"timestamp": 1682418074, "pkg": "flake8-bas", "version": "0.2", "summary": "Flake8 extension that checks for blank lines around (compound) statements.", "status": "updated"}, {"timestamp": 1682418074, "pkg": "mle-flake8-plugins", "version": "0.1.4", "summary": "", "status": "updated"}, {"timestamp": 1682418074, "pkg": "flake8-prometheus-metrics-name", "version": "0.1.11", "summary": "Flake8 plugin for prometheus metric name validation", "status": "updated"}, {"timestamp": 1682418074, "pkg": "flake8-import-rules", "version": "1", "summary": "", "status": "updated"}, {"timestamp": 1682504398, "pkg": "flake8-aaa", "version": "0.14.1", "summary": "A Flake8 plugin that checks Python tests follow the Arrange-Act-Assert pattern", "status": "updated"}, {"timestamp": 1682677260, "pkg": "flake8-no-pep420", "version": "2.4", "summary": "A flake8 plugin to ban PEP-420 implicit namespace packages.", "status": "updated"}, {"timestamp": 1682677260, "pkg": "hacking", "version": "6.0.1", "summary": "OpenStack Hacking Guideline Enforcement", "status": "updated"}, {"timestamp": 1682850018, "pkg": "tryceratops", "version": "2", "summary": "Prevent Exception Handling AntiPatterns", "status": "updated"}]