[{"timestamp": 1644402029, "pkg": "flake8-encodings", "version": "0.5.post1", "summary": "A Flake8 plugin to identify incorrect use of encodings.", "status": "updated"}, {"timestamp": 1644488382, "pkg": "autoflake8", "version": "0.3.1", "summary": "Tool to automatically fix some issues reported by flake8 (forked from autoflake).", "status": "updated"}, {"timestamp": 1644488382, "pkg": "flake8-simplify", "version": "0.15.2", "summary": "flake8 plugin which checks for code that can be simplified", "status": "updated"}, {"timestamp": 1644488382, "pkg": "flake8-helper", "version": "0.2.1", "summary": "A helper library for Flake8 plugins.", "status": "updated"}, {"timestamp": 1644574771, "pkg": "flake8-pydantic-skip", "version": "0.1.2", "summary": "flake8 plugin which checks for misuse of custom `Skip` annotation assignment for pydantic models", "status": "updated"}, {"timestamp": 1644747572, "pkg": "flake8-simplify", "version": "0.16", "summary": "flake8 plugin which checks for code that can be simplified", "status": "updated"}, {"timestamp": 1644834074, "pkg": "flake8-simplify", "version": "0.17", "summary": "flake8 plugin which checks for code that can be simplified", "status": "updated"}, {"timestamp": 1644920385, "pkg": "flake8-pydantic-skip", "version": "0.1.4", "summary": "flake8 plugin which checks for misuse of custom `Skip` annotation assignment for pydantic models", "status": "updated"}, {"timestamp": 1645093193, "pkg": "pytest-flake8-v2", "version": "1.2", "summary": "pytest plugin to check FLAKE8 requirements", "status": "updated"}, {"timestamp": 1645093193, "pkg": "flake8-simplify", "version": "0.17.1", "summary": "flake8 plugin which checks for code that can be simplified", "status": "updated"}, {"timestamp": 1645179586, "pkg": "flake8-warnings", "version": "0.2", "summary": "Linter (flake8, pylint, custom CLI) for finding usage of deprecated functions.", "status": "new"}, {"timestamp": 1645265980, "pkg": "flake8-warnings", "version": "0.2.1", "summary": "Linter (flake8, pylint, custom CLI) for finding usage of deprecated functions.", "status": "updated"}, {"timestamp": 1645352372, "pkg": "flake8-simplify", "version": "0.18", "summary": "flake8 plugin which checks for code that can be simplified", "status": "updated"}, {"timestamp": 1645438804, "pkg": "flake8-nb", "version": "0.4", "summary": "Flake8 based checking for jupyter notebooks", "status": "updated"}, {"timestamp": 1645438804, "pkg": "flake8-pyi", "version": "22.2", "summary": "A plugin for flake8 to enable linting .pyi files.", "status": "updated"}, {"timestamp": 1645525199, "pkg": "types-flake8-simplify", "version": "0.18", "summary": "Typing stubs for flake8-simplify", "status": "updated"}, {"timestamp": 1645784374, "pkg": "flake8-simplify", "version": "0.18.1", "summary": "flake8 plugin which checks for code that can be simplified", "status": "updated"}, {"timestamp": 1645784374, "pkg": "flake8-fine-pytest", "version": "1.0.3", "summary": "A flake8 extension that checks test extra style", "status": "updated"}, {"timestamp": 1645784374, "pkg": "flake8-class-attributes-order", "version": "0.1.3", "summary": "A flake8 extension that checks classes attributes order", "status": "updated"}, {"timestamp": 1645784374, "pkg": "flake8-expression-complexity", "version": "0.0.10", "summary": "A flake8 extension that checks expressions complexity", "status": "updated"}, {"timestamp": 1645784374, "pkg": "flake8-annotations-coverage", "version": "0.0.6", "summary": "A flake8 extension that checks for type annotations coverage", "status": "updated"}, {"timestamp": 1645784374, "pkg": "flake8-functions", "version": "0.0.7", "summary": "A flake8 extension that checks functions", "status": "updated"}, {"timestamp": 1645784374, "pkg": "pytest-flake8-v2", "version": "1.2.1", "summary": "pytest plugin to check FLAKE8 requirements", "status": "updated"}, {"timestamp": 1645784374, "pkg": "flake8-adjustable-complexity", "version": "0.0.6", "summary": "A flake8 extension that checks cyclomatic complexity and calculates max complexity limit in runtime", "status": "updated"}, {"timestamp": 1645784374, "pkg": "flake8-django-on-delete-comment", "version": "0.0.3", "summary": "A flake8 extension to validate django models ForeignKey fields on on_delete CASCADE comment", "status": "updated"}, {"timestamp": 1645784374, "pkg": "flake8-variables-names", "version": "0.0.5", "summary": "A flake8 extension that helps to make more readable variables names", "status": "updated"}, {"timestamp": 1645784374, "pkg": "flake8-annotations-complexity", "version": "0.0.7", "summary": "A flake8 extension that checks for type annotations complexity", "status": "updated"}, {"timestamp": 1645870768, "pkg": "flake8-black", "version": "0.3.2", "summary": "flake8 plugin to call black as a code style validator", "status": "updated"}, {"timestamp": 1645957208, "pkg": "flake8-pyproject", "version": "0.9", "summary": "Runs Flake8 with configuration from pyproject.toml.", "status": "new"}, {"timestamp": 1646043917, "pkg": "thonnyflake8", "version": "1.0.1", "summary": "A plugin that adds flake8 to the Thonny python IDE.", "status": "new"}, {"timestamp": 1646043917, "pkg": "flake8-type-checking", "version": "1.3.2", "summary": "A flake8 plugin for managing type-checking imports & forward references", "status": "updated"}, {"timestamp": 1646216417, "pkg": "pytest-flake8-v2", "version": "1.2.3", "summary": "pytest plugin to check FLAKE8 requirements", "status": "updated"}, {"timestamp": 1646303192, "pkg": "flake8-comma", "version": "0", "summary": "Flake8 lint for trailing commas.", "status": "new"}, {"timestamp": 1646475571, "pkg": "flake8-forbid-visual-indent", "version": "0.0.2", "summary": "Flake8 plugin that disallows visual indentation", "status": "new"}, {"timestamp": 1646475571, "pkg": "flake8-holvi", "version": "0.5.5", "summary": "PoC for dependency confusion", "status": "new"}, {"timestamp": 1646475571, "pkg": "pytest-flake8", "version": "1.1", "summary": "pytest plugin to check FLAKE8 requirements", "status": "updated"}, {"timestamp": 1646475571, "pkg": "flake8-spellcheck", "version": "0.25", "summary": "Spellcheck variables, comments and docstrings", "status": "updated"}, {"timestamp": 1646561976, "pkg": "flake8-no-print", "version": "0.1.1", "summary": "Flake8 plugin to forbid print function usage", "status": "new"}, {"timestamp": 1646648389, "pkg": "flake8-cls-attr-order", "version": "0.1", "summary": "Flake8 plugin to check class attributes order", "status": "new"}, {"timestamp": 1646734803, "pkg": "flake8-cached2", "version": "0.0.3", "summary": "A wrapper around flake8's cli that uses cache at file level", "status": "new"}, {"timestamp": 1646734803, "pkg": "flake8-cached-frosty00", "version": "0.0.4", "summary": "A wrapper around flake8's cli that uses cache at file level", "status": "new"}, {"timestamp": 1646993986, "pkg": "flake8-async", "version": "22.3.10", "summary": "A flake8 plugin that checks bad async / asyncio practices", "status": "new"}, {"timestamp": 1646993986, "pkg": "flake8-debug", "version": "0.1.1", "summary": "Flake8 plugin to forbid debug function usage", "status": "new"}, {"timestamp": 1646993986, "pkg": "flake8-bandit", "version": "3", "summary": "Automated security testing with bandit and flake8.", "status": "updated"}, {"timestamp": 1647080402, "pkg": "flake8-cls-attr-order", "version": "0.2", "summary": "Flake8 plugin to check class attributes order", "status": "updated"}, {"timestamp": 1647080402, "pkg": "wemake-python-styleguide", "version": "0.16.1", "summary": "The strictest and most opinionated python linter ever", "status": "updated"}, {"timestamp": 1647166806, "pkg": "flake8-assignment-expressions", "version": "1", "summary": "A flake8 plugin that disallows assignment expressions", "status": "new"}, {"timestamp": 1647166806, "pkg": "flake8-type-checking", "version": "1.3.3", "summary": "A flake8 plugin for managing type-checking imports & forward references", "status": "updated"}, {"timestamp": 1647253203, "pkg": "flake8-cls-attr-order", "version": "0.3", "summary": "Flake8 plugin to check class attributes order", "status": "updated"}, {"timestamp": 1647339616, "pkg": "flake8-requirements", "version": "1.5.3", "summary": "Package requirements checker, plugin for flake8", "status": "updated"}, {"timestamp": 1647425989, "pkg": "flake8-assertive", "version": "2.1", "summary": "Flake8 unittest assert method checker", "status": "updated"}]