[{"timestamp": 1669717176, "pkg": "flake8-plus", "version": "0.5.1", "summary": "Flake8 plugin adding PEP8-compliant vertical whitespacing rules", "status": "updated"}, {"timestamp": 1669803615, "pkg": "flake8-iw", "version": "0.0.6", "summary": "A plugin to show lint errors for IW", "status": "updated"}, {"timestamp": 1669976384, "pkg": "flake8-trio", "version": "22.11.5", "summary": "A highly opinionated flake8 plugin for Trio-related problems.", "status": "updated"}, {"timestamp": 1670149203, "pkg": "flake8-bas", "version": "0.1a2", "summary": "Flake8 extension that checks for blank lines around (compound) statements.", "status": "new"}, {"timestamp": 1670235586, "pkg": "flake8-pyproject", "version": "1.2.2", "summary": "Flake8 plug-in loading the configuration from pyproject.toml", "status": "updated"}, {"timestamp": 1670321989, "pkg": "flake8-bas", "version": "0.1a3", "summary": "Flake8 extension that checks for blank lines around (compound) statements.", "status": "updated"}, {"timestamp": 1670408421, "pkg": "flake8-html", "version": "0.4.3", "summary": "Generate HTML reports of flake8 violations", "status": "updated"}, {"timestamp": 1670408421, "pkg": "flake8-trio", "version": "22.12.1", "summary": "A highly opinionated flake8 plugin for Trio-related problems.", "status": "updated"}, {"timestamp": 1670408421, "pkg": "flake8-no-types", "version": "1.5.1", "summary": "A flake8 plugin to ban type hints.", "status": "updated"}, {"timestamp": 1670408421, "pkg": "types-flake8-bugbear", "version": "22.12.6", "summary": "Typing stubs for flake8-bugbear", "status": "updated"}, {"timestamp": 1670408421, "pkg": "flake8-bugbear", "version": "22.12.6", "summary": "A plugin for flake8 finding likely bugs and design problems in your program. Contains warnings that don't belong in pyflakes and pycodestyle.", "status": "updated"}, {"timestamp": 1670408421, "pkg": "flake8-bas", "version": "0.1a4", "summary": "Flake8 extension that checks for blank lines around (compound) statements.", "status": "updated"}, {"timestamp": 1670494832, "pkg": "flake8-ets", "version": "1.0.1", "summary": "flake8 plugin for checking Enthought Tool Suite copyright headers.", "status": "updated"}, {"timestamp": 1670754002, "pkg": "flake8-bas", "version": "0.1a5", "summary": "Flake8 extension that checks for blank lines around (compound) statements.", "status": "updated"}, {"timestamp": 1670840438, "pkg": "flake8-bas", "version": "0.1a6", "summary": "Flake8 extension that checks for blank lines around (compound) statements.", "status": "updated"}, {"timestamp": 1670926833, "pkg": "flake8-import-order-pep8app", "version": "0.2.1", "summary": "Flake8 Import Order's PEP 8 style with application packages enabled.", "status": "new"}, {"timestamp": 1671013196, "pkg": "flake8-iw", "version": "0.0.10", "summary": "A plugin to show lint errors for IW", "status": "updated"}, {"timestamp": 1671099625, "pkg": "flake8-iw", "version": "0.0.11", "summary": "A plugin to show lint errors for IW", "status": "updated"}, {"timestamp": 1671186021, "pkg": "flake8-bas", "version": "0.1a7", "summary": "Flake8 extension that checks for blank lines around (compound) statements.", "status": "updated"}, {"timestamp": 1671272361, "pkg": "pyproject-flake8", "version": "6.post1", "summary": "pyproject-flake8 (`pflake8`), a monkey patching wrapper to connect flake8 with pyproject.toml configuration ", "status": "updated"}, {"timestamp": 1671531623, "pkg": "flake8-flask-openapi-docstring", "version": "0.1.1", "summary": "A Flake8 plugin to enforce OpenAPI docstrings in Flask routes", "status": "updated"}, {"timestamp": 1671531623, "pkg": "pep8-naming", "version": "0.13.3", "summary": "Check PEP-8 naming conventions, plugin for flake8", "status": "updated"}, {"timestamp": 1671531623, "pkg": "flake8-quotes", "version": "3.3.2", "summary": "Flake8 lint for quotes.", "status": "updated"}, {"timestamp": 1671531623, "pkg": "flake8-black", "version": "0.3.6", "summary": "flake8 plugin to call black as a code style validator", "status": "updated"}, {"timestamp": 1671618055, "pkg": "flake8-to-ruff", "version": "0.0.189.dev0", "summary": "Convert existing Flake8 configuration to Ruff.", "status": "updated"}, {"timestamp": 1671790807, "pkg": "flake8-test-docs", "version": "1", "summary": "A linter that checks test docstrings for the arrange/act/assert structure", "status": "new"}, {"timestamp": 1671790807, "pkg": "flake8-isort", "version": "6", "summary": "flake8 plugin that integrates isort .", "status": "updated"}, {"timestamp": 1671790807, "pkg": "types-flake8-builtins", "version": "2.1", "summary": "Typing stubs for flake8-builtins", "status": "updated"}, {"timestamp": 1671790807, "pkg": "flake8-builtins", "version": "2.1", "summary": "Check for python builtins being used as variables or parameters.", "status": "updated"}, {"timestamp": 1671877195, "pkg": "flake8-error-link", "version": "1.2.2", "summary": "A linter that ensures all raised Exceptions include an error with a link to more information", "status": "new"}, {"timestamp": 1671877195, "pkg": "flake8-test-docs", "version": "1.0.5", "summary": "A linter that checks test docstrings for the arrange/act/assert structure", "status": "updated"}, {"timestamp": 1672222811, "pkg": "flake8-error-link", "version": "1.2.3", "summary": "A linter that ensures all raised Exceptions include an error with a link to more information", "status": "updated"}, {"timestamp": 1672222811, "pkg": "flake8-to-ruff", "version": "0.0.196.dev0", "summary": "Convert existing Flake8 configuration to Ruff.", "status": "updated"}, {"timestamp": 1672222811, "pkg": "flake8-test-docs", "version": "1.0.6", "summary": "A linter that checks test docstrings for the arrange/act/assert structure", "status": "updated"}, {"timestamp": 1672309212, "pkg": "flake8-test-docs", "version": "1.0.7", "summary": "A linter that checks test docstrings for the arrange/act/assert structure", "status": "updated"}, {"timestamp": 1672482037, "pkg": "flake8-iw", "version": "0.0.13", "summary": "A plugin to show lint errors for IW", "status": "updated"}, {"timestamp": 1672654828, "pkg": "flake8-bas", "version": "0.1", "summary": "Flake8 extension that checks for blank lines around (compound) statements.", "status": "updated"}, {"timestamp": 1672741202, "pkg": "flake8-docstrings-complete", "version": "1.0.1", "summary": "A linter that checks docstrings are complete", "status": "new"}, {"timestamp": 1672827649, "pkg": "flake8-iw", "version": "0.0.14", "summary": "A plugin to show lint errors for IW", "status": "updated"}, {"timestamp": 1672827649, "pkg": "flake8-to-ruff", "version": "0.0.210.dev0", "summary": "Convert existing Flake8 configuration to Ruff.", "status": "updated"}, {"timestamp": 1672827649, "pkg": "flake8-test-docs", "version": "1.0.8", "summary": "A linter that checks test docstrings for the arrange/act/assert structure", "status": "updated"}, {"timestamp": 1672827649, "pkg": "flake8-error-link", "version": "1.2.4", "summary": "A linter that ensures all raised Exceptions include an error with a link to more information", "status": "updated"}, {"timestamp": 1672827649, "pkg": "flake8-docstrings-complete", "version": "1.0.2", "summary": "A linter that checks docstrings are complete", "status": "updated"}, {"timestamp": 1672914012, "pkg": "flake8-empty-init-modules", "version": "1.0.1", "summary": "flake8 plugin that checks for code in `__init__.py` modules", "status": "new"}, {"timestamp": 1672914012, "pkg": "flake8-pydocstyle", "version": "0.2.1", "summary": "flake8 plugin that integrates pydocstyle", "status": "updated"}, {"timestamp": 1672914012, "pkg": "flake8-docstrings-complete", "version": "1.0.3", "summary": "A linter that checks docstrings are complete", "status": "updated"}, {"timestamp": 1673000412, "pkg": "flake8-iw", "version": "0.0.15", "summary": "A plugin to show lint errors for IW", "status": "updated"}, {"timestamp": 1673000412, "pkg": "autohooks-plugin-flake8", "version": "23.1", "summary": "An autohooks plugin for python code linting via flake8.", "status": "updated"}, {"timestamp": 1673173190, "pkg": "flake8-property", "version": "0.0.0.1", "summary": "flake8_property", "status": "new"}, {"timestamp": 1673346040, "pkg": "flake8-to-ruff", "version": "0.0.216.dev0", "summary": "Convert existing Flake8 configuration to Ruff.", "status": "updated"}, {"timestamp": 1673518834, "pkg": "flake8-wagtail-no-serve", "version": "0.1.2", "summary": "Flake8 plugin that enforces not creating custom serve methods in inheritors from Wagtail's Page model", "status": "new"}, {"timestamp": 1673518834, "pkg": "flake8-requirements", "version": "1.7.6", "summary": "Package requirements checker, plugin for flake8", "status": "updated"}]