[{"timestamp": 1668517628, "pkg": "flake8-async", "version": "22.11.14", "summary": "A flake8 plugin that checks bad async / asyncio practices", "status": "updated"}, {"timestamp": 1668680430, "pkg": "flake8-rst-docstrings", "version": "0.3", "summary": "Python docstring reStructuredText (RST) validator for flake8", "status": "updated"}, {"timestamp": 1668680430, "pkg": "types-flake8-rst-docstrings", "version": "0.3", "summary": "Typing stubs for flake8-rst-docstrings", "status": "updated"}, {"timestamp": 1668766826, "pkg": "flake8-pyproject", "version": "1.2", "summary": "Flake8 plug-in loading the configuration from pyproject.toml", "status": "updated"}, {"timestamp": 1668766826, "pkg": "flake8-requirements", "version": "1.7.5", "summary": "Package requirements checker, plugin for flake8", "status": "updated"}, {"timestamp": 1668766826, "pkg": "flake8-black", "version": "0.3.4", "summary": "flake8 plugin to call black as a code style validator", "status": "updated"}, {"timestamp": 1668766826, "pkg": "flake8-to-ruff", "version": "0.0.125.dev0", "summary": "Convert existing Flake8 configuration to Ruff.", "status": "updated"}, {"timestamp": 1668853214, "pkg": "flake8-isort", "version": "5.0.2", "summary": "flake8 plugin that integrates isort .", "status": "updated"}, {"timestamp": 1668939604, "pkg": "flake8-isort", "version": "5.0.3", "summary": "flake8 plugin that integrates isort .", "status": "updated"}, {"timestamp": 1668939604, "pkg": "flake8-todos", "version": "0.2.1", "summary": "Python linter to check TODO comments for consistency and best practice.", "status": "updated"}, {"timestamp": 1669025991, "pkg": "flake8-dac", "version": "0.1.1", "summary": "\"Group and format flake8's output by the rules codes\"", "status": "new"}, {"timestamp": 1669025991, "pkg": "flake8-type-checking", "version": "2.3", "summary": "A flake8 plugin for managing type-checking imports & forward references", "status": "updated"}, {"timestamp": 1669025991, "pkg": "flake8-django-migrations", "version": "0.3", "summary": "Flake8 plugin to lint for backwards incompatible database migrations", "status": "updated"}, {"timestamp": 1669025991, "pkg": "flake8-black", "version": "0.3.5", "summary": "flake8 plugin to call black as a code style validator", "status": "updated"}, {"timestamp": 1669112429, "pkg": "flake8-hangover", "version": "0.0.5", "summary": "flake8 plugin to prevent specific hanging indentations", "status": "updated"}, {"timestamp": 1669198809, "pkg": "flake8-logging-format", "version": "0.9", "summary": null, "status": "updated"}, {"timestamp": 1669198809, "pkg": "flake8-trio", "version": "22.11.2", "summary": "A highly opinionated flake8 plugin for Trio-related problems.", "status": "updated"}, {"timestamp": 1669285235, "pkg": "flake8", "version": "6", "summary": "the modular source code checker: pep8 pyflakes and co", "status": "updated"}, {"timestamp": 1669285235, "pkg": "flake8-trio", "version": "22.11.3", "summary": "A highly opinionated flake8 plugin for Trio-related problems.", "status": "updated"}, {"timestamp": 1669285235, "pkg": "pyflakes", "version": "3", "summary": "passive checker of Python programs", "status": "updated"}, {"timestamp": 1669285235, "pkg": "pycodestyle", "version": "2.10", "summary": "Python style guide checker", "status": "updated"}, {"timestamp": 1669371629, "pkg": "flake8-flask-openapi-docstring", "version": "0.1", "summary": "A Flake8 plugin to enforce OpenAPI docstrings in Flask routes", "status": "new"}, {"timestamp": 1669371629, "pkg": "flake8-plus", "version": "0.5", "summary": "Flake8 plugin adding PEP8-compliant vertical whitespacing rules", "status": "updated"}, {"timestamp": 1669371629, "pkg": "pyflakes", "version": "3.0.1", "summary": "passive checker of Python programs", "status": "updated"}, {"timestamp": 1669371629, "pkg": "flake8-alphabetize", "version": "0.0.19", "summary": "A Python style checker for alphabetizing import and __all__.", "status": "updated"}, {"timestamp": 1669371629, "pkg": "flake8-noqa", "version": "1.3", "summary": "Flake8 noqa comment validation", "status": "updated"}, {"timestamp": 1669371629, "pkg": "flake8-typing-as-t", "version": "0.0.3", "summary": "A flake8 plugin to check typing import style", "status": "updated"}, {"timestamp": 1669371629, "pkg": "flake8-ruff-wrapper", "version": "0.3", "summary": "Invoke ruff using flake8 options", "status": "updated"}, {"timestamp": 1669371629, "pkg": "flake8-modern-annotations", "version": "1.5", "summary": "Flake8 modern annotations validation", "status": "updated"}, {"timestamp": 1669371629, "pkg": "flake8-pyi", "version": "22.11", "summary": "A plugin for flake8 to enable linting .pyi files.", "status": "updated"}, {"timestamp": 1669371629, "pkg": "flake8-intsights", "version": "0.3", "summary": "Uncompromising and opinionated flake8 plugin which follows Intsights' practices", "status": "updated"}, {"timestamp": 1669371629, "pkg": "flake8-literal", "version": "1.3", "summary": "Flake8 string literal validation", "status": "updated"}, {"timestamp": 1669458011, "pkg": "flake8-pyproject", "version": "1.2.1", "summary": "Flake8 plug-in loading the configuration from pyproject.toml", "status": "updated"}, {"timestamp": 1669458011, "pkg": "flake8-trio", "version": "22.11.4", "summary": "A highly opinionated flake8 plugin for Trio-related problems.", "status": "updated"}, {"timestamp": 1669544365, "pkg": "flake8-import-order", "version": "0.18.2", "summary": "Flake8 and pylama plugin that checks the ordering of import statements.", "status": "updated"}, {"timestamp": 1669630842, "pkg": "flake8-functions-names", "version": "0.4", "summary": "An extension for flake8 that validates functions names, decomposition and conformity with annotations.", "status": "updated"}, {"timestamp": 1669630842, "pkg": "pyproject-flake8", "version": "6", "summary": "pyproject-flake8 (`pflake8`), a monkey patching wrapper to connect flake8 with pyproject.toml configuration ", "status": "updated"}, {"timestamp": 1669717176, "pkg": "flake8-global-variables", "version": "0.1.2", "summary": "Flake8 plugin to forbid global variables", "status": "new"}, {"timestamp": 1669717176, "pkg": "flake8-plus", "version": "0.5.1", "summary": "Flake8 plugin adding PEP8-compliant vertical whitespacing rules", "status": "updated"}, {"timestamp": 1669803615, "pkg": "flake8-iw", "version": "0.0.6", "summary": "A plugin to show lint errors for IW", "status": "updated"}, {"timestamp": 1669976384, "pkg": "flake8-trio", "version": "22.11.5", "summary": "A highly opinionated flake8 plugin for Trio-related problems.", "status": "updated"}, {"timestamp": 1670149203, "pkg": "flake8-bas", "version": "0.1a2", "summary": "Flake8 extension that checks for blank lines around (compound) statements.", "status": "new"}, {"timestamp": 1670235586, "pkg": "flake8-pyproject", "version": "1.2.2", "summary": "Flake8 plug-in loading the configuration from pyproject.toml", "status": "updated"}, {"timestamp": 1670321989, "pkg": "flake8-bas", "version": "0.1a3", "summary": "Flake8 extension that checks for blank lines around (compound) statements.", "status": "updated"}, {"timestamp": 1670408421, "pkg": "flake8-html", "version": "0.4.3", "summary": "Generate HTML reports of flake8 violations", "status": "updated"}, {"timestamp": 1670408421, "pkg": "flake8-trio", "version": "22.12.1", "summary": "A highly opinionated flake8 plugin for Trio-related problems.", "status": "updated"}, {"timestamp": 1670408421, "pkg": "flake8-no-types", "version": "1.5.1", "summary": "A flake8 plugin to ban type hints.", "status": "updated"}, {"timestamp": 1670408421, "pkg": "types-flake8-bugbear", "version": "22.12.6", "summary": "Typing stubs for flake8-bugbear", "status": "updated"}, {"timestamp": 1670408421, "pkg": "flake8-bugbear", "version": "22.12.6", "summary": "A plugin for flake8 finding likely bugs and design problems in your program. Contains warnings that don't belong in pyflakes and pycodestyle.", "status": "updated"}, {"timestamp": 1670408421, "pkg": "flake8-bas", "version": "0.1a4", "summary": "Flake8 extension that checks for blank lines around (compound) statements.", "status": "updated"}, {"timestamp": 1670494832, "pkg": "flake8-ets", "version": "1.0.1", "summary": "flake8 plugin for checking Enthought Tool Suite copyright headers.", "status": "updated"}, {"timestamp": 1670754002, "pkg": "flake8-bas", "version": "0.1a5", "summary": "Flake8 extension that checks for blank lines around (compound) statements.", "status": "updated"}, {"timestamp": 1670840438, "pkg": "flake8-bas", "version": "0.1a6", "summary": "Flake8 extension that checks for blank lines around (compound) statements.", "status": "updated"}, {"timestamp": 1670926833, "pkg": "flake8-import-order-pep8app", "version": "0.2.1", "summary": "Flake8 Import Order's PEP 8 style with application packages enabled.", "status": "new"}, {"timestamp": 1671013196, "pkg": "flake8-iw", "version": "0.0.10", "summary": "A plugin to show lint errors for IW", "status": "updated"}]