[{"timestamp": 1604053435, "pkg": "flake8-intsights", "version": "0.1.1", "summary": "Uncompromising and opinionated flake8 plugin which follows Intsights' practices", "status": "updated"}, {"timestamp": 1604139698, "pkg": "dlint", "version": "0.11", "summary": "Dlint is a tool for encouraging best coding practices and helping ensure Python code is secure.", "status": "updated"}, {"timestamp": 1604226182, "pkg": "flake8-function-order", "version": "0.0.4", "summary": "flake8 extension that checks function order within a class", "status": "updated"}, {"timestamp": 1604312666, "pkg": "flake8-peewee", "version": "0.1", "summary": "flake8 plugin which checks for peewee usage syntax error", "status": "new"}, {"timestamp": 1604399136, "pkg": "nitpick", "version": "0.23.1", "summary": "Flake8 plugin to enforce the same lint configuration (flake8, isort, mypy, pylint) across multiple Python projects", "status": "updated"}, {"timestamp": 1604571945, "pkg": "flake8-ets", "version": "1", "summary": "flake8 plugin for checking Enthought Tool Suite copyright headers.", "status": "new"}, {"timestamp": 1604831199, "pkg": "flake8-function-order", "version": "0.0.5", "summary": "flake8 extension that checks function order within a class", "status": "updated"}, {"timestamp": 1605090179, "pkg": "flake8-if-checker", "version": "0.3", "summary": "Flake8's IF statement complexity linter plugin", "status": "new"}, {"timestamp": 1605176639, "pkg": "flake8-django-migrations", "version": "0.1", "summary": "Flake8 plugin to lint for backwards incompatible database migrations", "status": "new"}, {"timestamp": 1605176639, "pkg": "flake8-intsights", "version": "0.1.3", "summary": "Uncompromising and opinionated flake8 plugin which follows Intsights' practices", "status": "updated"}, {"timestamp": 1605176639, "pkg": "flake8-dunder-all", "version": "0.1.2", "summary": "A Flake8 plugin and pre-commit hook which checks to ensure modules have defined '__all__'.", "status": "updated"}, {"timestamp": 1605263025, "pkg": "hacking", "version": "4", "summary": "OpenStack Hacking Guideline Enforcement", "status": "updated"}, {"timestamp": 1605349348, "pkg": "flake8-simplify", "version": "0.10", "summary": "flake8 plugin which checks for code that can be simpified", "status": "updated"}, {"timestamp": 1605522276, "pkg": "flake8-colors", "version": "0.1.9", "summary": "Error highlight plugin for Flake8.", "status": "updated"}, {"timestamp": 1605522276, "pkg": "flake8-todos", "version": "0.1.5", "summary": null, "status": "updated"}, {"timestamp": 1605522276, "pkg": "flake8-dunder-all", "version": "0.1.3", "summary": "A Flake8 plugin and pre-commit hook which checks to ensure modules have defined '__all__'.", "status": "updated"}, {"timestamp": 1605867946, "pkg": "flake8-tensors", "version": "0.2", "summary": "flake8_tensors - flake8 plugin for deep learning codes", "status": "new"}, {"timestamp": 1605867946, "pkg": "flake8-intsights", "version": "0.1.4", "summary": "Uncompromising and opinionated flake8 plugin which follows Intsights' practices", "status": "updated"}, {"timestamp": 1605867946, "pkg": "flake8-typing-imports", "version": "1.10.1", "summary": "flake8 plugin which checks that typing imports are properly guarded", "status": "updated"}, {"timestamp": 1606040694, "pkg": "flake8-simplify", "version": "0.11", "summary": "flake8 plugin which checks for code that can be simpified", "status": "updated"}, {"timestamp": 1606040694, "pkg": "darglint", "version": "1.5.6", "summary": "A utility for ensuring Google-style docstrings stay up to date with the source code.", "status": "updated"}, {"timestamp": 1606127265, "pkg": "darglint", "version": "1.5.7", "summary": "A utility for ensuring Google-style docstrings stay up to date with the source code.", "status": "updated"}, {"timestamp": 1606213665, "pkg": "flake8-bugbear", "version": "20.11.1", "summary": "A plugin for flake8 finding likely bugs and design problems in your program. Contains warnings that don't belong in pyflakes and pycodestyle.", "status": "updated"}, {"timestamp": 1606213665, "pkg": "darglint", "version": "1.5.8", "summary": "A utility for ensuring Google-style docstrings stay up to date with the source code.", "status": "updated"}, {"timestamp": 1606213665, "pkg": "flake8-tensors", "version": "0.2.2", "summary": "flake8_tensors - flake8 plugin for deep learning codes", "status": "updated"}, {"timestamp": 1606300026, "pkg": "flake8-tensors", "version": "0.2.6", "summary": "flake8_tensors - flake8 plugin for deep learning codes", "status": "updated"}, {"timestamp": 1606386434, "pkg": "flake8-implicit-str-concat", "version": "0.2", "summary": "Flake8 plugin to encourage correct string literal concatenation.", "status": "updated"}, {"timestamp": 1606472869, "pkg": "flake8-github-actions", "version": "0.1", "summary": "GitHub Actions integration for flake8.", "status": "new"}, {"timestamp": 1606472869, "pkg": "flake8-prettycount", "version": "0.1.1", "summary": "Wrapper around flake8 providing a formatted count at the end.", "status": "new"}, {"timestamp": 1606559161, "pkg": "flake8-executable", "version": "2.1", "summary": "A Flake8 plugin for checking executable permissions and shebangs.", "status": "updated"}, {"timestamp": 1606645589, "pkg": "flake8-pytestrail", "version": "0.2.1", "summary": "Flake8 plugin to check for missing or wrong TestRail test identifiers", "status": "updated"}, {"timestamp": 1606732155, "pkg": "flake8-jira-todo-checker", "version": "0.1", "summary": "Flake8 plugin to check that every TODO, FIXME, QQ etc comment has a JIRA ID next to it.", "status": "new"}, {"timestamp": 1606732155, "pkg": "flake8-debugger", "version": "4", "summary": "ipdb/pdb statement checker plugin for flake8", "status": "updated"}, {"timestamp": 1606732155, "pkg": "flake8-print", "version": "4", "summary": "print statement checker plugin for flake8", "status": "updated"}, {"timestamp": 1606818585, "pkg": "flake8-jira-todo-checker", "version": "0.2", "summary": "Flake8 plugin to check that every TODO, FIXME, QQ etc comment has a JIRA ID next to it.", "status": "updated"}]