[{"timestamp": 1664619619, "pkg": "flake8-logging-format", "version": "0.8.1", "summary": null, "status": "updated"}, {"timestamp": 1664792454, "pkg": "flake8-clean-block", "version": "0.1.2", "summary": "A flake8 plugin that enforces a blank line after if/for/while/with/try blocks", "status": "new"}, {"timestamp": 1664792454, "pkg": "flake8-broken-line", "version": "0.6", "summary": "Flake8 plugin to forbid backslashes for line breaks", "status": "updated"}, {"timestamp": 1664792454, "pkg": "flake8-future-annotations", "version": "1", "summary": "Verifies python 3.7+ files use from __future__ import annotations", "status": "updated"}, {"timestamp": 1664878851, "pkg": "flake8-indent-in-def", "version": "0.1.1", "summary": "A flake8 plugin that enforces 8-space indentation in function/class definitions", "status": "new"}, {"timestamp": 1664878851, "pkg": "flake8-picky-parentheses", "version": "0.2", "summary": "flake8 plugin to nitpick about parenthesis, brackets, and braces", "status": "updated"}, {"timestamp": 1664965214, "pkg": "flake8-junit-report-basic", "version": "3", "summary": "Simple tool that converts a flake8 file to junit format", "status": "new"}, {"timestamp": 1664965214, "pkg": "flake8-indent-in-def", "version": "0.1.2", "summary": "A flake8 plugin that enforces 8-space indentation in function/class definitions", "status": "updated"}, {"timestamp": 1665051653, "pkg": "flake8-pep585", "version": "0.1.6", "summary": "flake8 plugin to enforce new-style type hints (PEP 585)", "status": "new"}, {"timestamp": 1665051653, "pkg": "hacking", "version": "5", "summary": "OpenStack Hacking Guideline Enforcement", "status": "updated"}, {"timestamp": 1665138037, "pkg": "flake8-start", "version": "0.0.1", "summary": "A command line tool to create flake8 configuration file", "status": "new"}, {"timestamp": 1665138037, "pkg": "flake8-pyi", "version": "22.10", "summary": "A plugin for flake8 to enable linting .pyi files.", "status": "updated"}, {"timestamp": 1665138037, "pkg": "flake8-idom-hooks", "version": "0.6.4", "summary": "Flake8 plugin to enforce the rules of hooks for IDOM", "status": "updated"}, {"timestamp": 1665138037, "pkg": "flake8-too-many", "version": "0.1.5", "summary": "A flake8 plugin that prevents you from writing \"too many\" bad codes.", "status": "updated"}, {"timestamp": 1665138037, "pkg": "flake8-newspaper-style", "version": "0.4.1", "summary": "Check code for newspaper style", "status": "updated"}, {"timestamp": 1665224441, "pkg": "flake8-jungle", "version": "1.0.7", "summary": "Plugin to lint various issues in code.", "status": "updated"}, {"timestamp": 1665224441, "pkg": "flake8-picky-parentheses", "version": "0.3", "summary": "flake8 plugin to nitpick about parenthesis, brackets, and braces", "status": "updated"}, {"timestamp": 1665310849, "pkg": "flake8-isort", "version": "5", "summary": "flake8 plugin that integrates isort .", "status": "updated"}, {"timestamp": 1665310849, "pkg": "flake8-builtins", "version": "2", "summary": "Check for python builtins being used as variables or parameters.", "status": "updated"}, {"timestamp": 1665310849, "pkg": "flake8-newspaper-style", "version": "0.4.2", "summary": "Check code for newspaper style", "status": "updated"}, {"timestamp": 1665310849, "pkg": "flake8-pep3101", "version": "2", "summary": "Checks for old string formatting.", "status": "updated"}, {"timestamp": 1665397257, "pkg": "flake8-picky-parentheses", "version": "0.3.1", "summary": "flake8 plugin to nitpick about parenthesis, brackets, and braces", "status": "updated"}, {"timestamp": 1665397257, "pkg": "flake8-plone-hasattr", "version": "1", "summary": "Checks for hasattr, which is considered harmful in Plone projects.", "status": "updated"}, {"timestamp": 1665397257, "pkg": "flake8-deprecated", "version": "2", "summary": "Warns about deprecated method calls.", "status": "updated"}, {"timestamp": 1665397257, "pkg": "types-flake8-builtins", "version": "2", "summary": "Typing stubs for flake8-builtins", "status": "updated"}, {"timestamp": 1665397257, "pkg": "flake8-plone-api", "version": "1.5", "summary": "Checks for code usages that can be replaced with Plone API method calls.", "status": "updated"}, {"timestamp": 1665483638, "pkg": "flake8-deprecated", "version": "2.0.1", "summary": "Warns about deprecated method calls.", "status": "updated"}, {"timestamp": 1665570069, "pkg": "flake8-pyprojecttoml", "version": "0.0.2", "summary": "Inject pyproject.toml support into flake8.", "status": "updated"}, {"timestamp": 1665570069, "pkg": "flake8-cached", "version": "0.2", "summary": "A wrapper around flake8's cli that uses cache at file level", "status": "updated"}, {"timestamp": 1665742809, "pkg": "flake8-requirements", "version": "1.7.2", "summary": "Package requirements checker, plugin for flake8", "status": "updated"}, {"timestamp": 1665829228, "pkg": "flake8-newspaper-style", "version": "0.4.3", "summary": "Check code for newspaper style", "status": "updated"}, {"timestamp": 1665915605, "pkg": "flake8-datetime-import", "version": "0.1", "summary": "A plugin for flake8 which enforces importing `datetime as dt` and `time as tm`.", "status": "new"}, {"timestamp": 1665915605, "pkg": "flake8-ruff-wrapper", "version": "0.1.1", "summary": "Invoke ruff using flake8 options", "status": "new"}, {"timestamp": 1665915605, "pkg": "types-flake8-docstrings", "version": "1.6.3.1", "summary": "Typing stubs for flake8-docstrings", "status": "updated"}, {"timestamp": 1665915605, "pkg": "types-flake8-typing-imports", "version": "1.13.0.1", "summary": "Typing stubs for flake8-typing-imports", "status": "updated"}, {"timestamp": 1665915605, "pkg": "types-flake8-2020", "version": "1.7.0.1", "summary": "Typing stubs for flake8-2020", "status": "updated"}, {"timestamp": 1665915605, "pkg": "types-flake8-bugbear", "version": "22.9.23.1", "summary": "Typing stubs for flake8-bugbear", "status": "updated"}, {"timestamp": 1665915605, "pkg": "types-flake8-builtins", "version": "2.0.0.1", "summary": "Typing stubs for flake8-builtins", "status": "updated"}, {"timestamp": 1666004273, "pkg": "flake8-type-checking", "version": "2.2", "summary": "A flake8 plugin for managing type-checking imports & forward references", "status": "updated"}, {"timestamp": 1666088443, "pkg": "flake8-ruff-wrapper", "version": "0.1.2", "summary": "Invoke ruff using flake8 options", "status": "updated"}, {"timestamp": 1666174928, "pkg": "flake8-unfinished", "version": "1.0.1", "summary": "flake8 plugin which makes sure you don't have unfinished functions in your code", "status": "new"}, {"timestamp": 1666174928, "pkg": "flake8-typing-as-t", "version": "0.0.1", "summary": "A flake8 plugin to check typing import style", "status": "new"}, {"timestamp": 1666261252, "pkg": "flake8-import-rules", "version": "0.1.3", "summary": "", "status": "new"}, {"timestamp": 1666261252, "pkg": "flake8-unfinished", "version": "1.0.2", "summary": "flake8 plugin which makes sure you don't have unfinished functions in your code", "status": "updated"}, {"timestamp": 1666261252, "pkg": "flake8-typing-as-t", "version": "0.0.2", "summary": "A flake8 plugin to check typing import style", "status": "updated"}, {"timestamp": 1666261252, "pkg": "flake8-unused-arguments", "version": "0.0.12", "summary": "flake8 extension to warn on unused function arguments", "status": "updated"}, {"timestamp": 1666693250, "pkg": "types-flake8-bugbear", "version": "22.10.25", "summary": "Typing stubs for flake8-bugbear", "status": "updated"}, {"timestamp": 1666693250, "pkg": "types-flake8-typing-imports", "version": "1.14", "summary": "Typing stubs for flake8-typing-imports", "status": "updated"}, {"timestamp": 1666693250, "pkg": "flake8-typing-imports", "version": "1.14", "summary": "flake8 plugin which checks that typing imports are properly guarded", "status": "updated"}, {"timestamp": 1666693250, "pkg": "flake8-bugbear", "version": "22.10.25", "summary": "A plugin for flake8 finding likely bugs and design problems in your program. Contains warnings that don't belong in pyflakes and pycodestyle.", "status": "updated"}, {"timestamp": 1666693250, "pkg": "flake8-import-rules", "version": "0.2.1", "summary": "", "status": "updated"}, {"timestamp": 1666779592, "pkg": "kraken-flake8-extensions", "version": "0.1.1", "summary": "", "status": "new"}, {"timestamp": 1666779592, "pkg": "flake8-picky-parentheses", "version": "0.3.2", "summary": "flake8 plugin to nitpick about parenthesis, brackets, and braces", "status": "updated"}, {"timestamp": 1666866032, "pkg": "flake8-plus", "version": "0.2", "summary": "Flake8 plugin adding PEP8-compliant vertical whitespacing rules", "status": "new"}, {"timestamp": 1666866032, "pkg": "flake8-bugbear", "version": "22.10.27", "summary": "A plugin for flake8 finding likely bugs and design problems in your program. Contains warnings that don't belong in pyflakes and pycodestyle.", "status": "updated"}, {"timestamp": 1666866032, "pkg": "types-flake8-bugbear", "version": "22.10.27", "summary": "Typing stubs for flake8-bugbear", "status": "updated"}, {"timestamp": 1666952434, "pkg": "flake8-testcode", "version": "0.1.1", "summary": "Plugin to catch bad style specific to testcode.", "status": "new"}, {"timestamp": 1666952434, "pkg": "flake8-ruff-wrapper", "version": "0.2", "summary": "Invoke ruff using flake8 options", "status": "updated"}, {"timestamp": 1666952434, "pkg": "flake8-requirements", "version": "1.7.3", "summary": "Package requirements checker, plugin for flake8", "status": "updated"}, {"timestamp": 1666952434, "pkg": "flake8-return", "version": "1.2", "summary": "Flake8 plugin that checks return values", "status": "updated"}, {"timestamp": 1667038822, "pkg": "flake8-gettext", "version": "0.0.0.1", "summary": "flake8_gettext", "status": "new"}, {"timestamp": 1667038822, "pkg": "flake8-logger", "version": "0.0.0.2", "summary": "flake8_logger", "status": "new"}, {"timestamp": 1667125221, "pkg": "flake8-alphabetize", "version": "0.0.18", "summary": "A Python style checker for alphabetizing import and __all__.", "status": "updated"}, {"timestamp": 1667125221, "pkg": "flake8-comprehensions", "version": "3.10.1", "summary": "A flake8 plugin to help you write better list/set/dict comprehensions.", "status": "updated"}]