[{"timestamp": 1696933248, "pkg": "flake8-sarif-formatter", "version": "1.0.1", "summary": "A SARIF formatter for flake8", "status": "updated"}, {"timestamp": 1696933248, "pkg": "flake8-logging", "version": "1.4", "summary": "A Flake8 plugin that checks for issues using the standard library logging module.", "status": "updated"}, {"timestamp": 1697192451, "pkg": "flake8-pyi", "version": "23.10", "summary": "A plugin for flake8 to enable linting .pyi stub files.", "status": "updated"}, {"timestamp": 1697192451, "pkg": "pycodestyle", "version": "2.11.1", "summary": "Python style guide checker", "status": "updated"}, {"timestamp": 1697538017, "pkg": "flake8-type-checking", "version": "2.5", "summary": "A flake8 plugin for managing type-checking imports & forward references", "status": "updated"}, {"timestamp": 1697624472, "pkg": "flake8-type-checking", "version": "2.5.1", "summary": "A flake8 plugin for managing type-checking imports & forward references", "status": "updated"}, {"timestamp": 1697797248, "pkg": "flake8-multiline-function-call-equals", "version": "0.1.4", "summary": "A package that checks to ensure spaces around `=` in multiline function calls", "status": "updated"}, {"timestamp": 1697970040, "pkg": "flake8-no-implicit-concat", "version": "0.3.5", "summary": "Flake8 plugin that forbids implicit str/bytes literal concatenations", "status": "updated"}, {"timestamp": 1698315631, "pkg": "flake8-badbear", "version": "0.0.1", "summary": "flake8 plugin which checks for additional bad codes", "status": "new"}, {"timestamp": 1698747641, "pkg": "flake8-aaa", "version": "0.17", "summary": "A Flake8 plugin that checks Python tests follow the Arrange-Act-Assert pattern", "status": "updated"}, {"timestamp": 1698834080, "pkg": "flake8-pydocstyle", "version": "0.2.3", "summary": "flake8 plugin that integrates pydocstyle", "status": "updated"}, {"timestamp": 1698920448, "pkg": "flake8-sfs", "version": "1", "summary": "Python String Formatting Style (SFS) plugin for flake8", "status": "updated"}, {"timestamp": 1699006880, "pkg": "flake8-builtins", "version": "2.2", "summary": "Check for python builtins being used as variables or parameters", "status": "updated"}, {"timestamp": 1699006880, "pkg": "flake8-pep3101", "version": "2.1", "summary": "Checks for old string formatting", "status": "updated"}, {"timestamp": 1699006880, "pkg": "flake8-deprecated", "version": "2.2.1", "summary": "Warns about deprecated method calls", "status": "updated"}, {"timestamp": 1699006880, "pkg": "flake8-plone-hasattr", "version": "1.1.1", "summary": "Checks for hasattr, which is considered harmful in Plone projects", "status": "updated"}, {"timestamp": 1699006880, "pkg": "flake8-plone-api", "version": "1.6", "summary": "Checks for code usages that can be replaced with Plone API method calls", "status": "updated"}, {"timestamp": 1699093158, "pkg": "flake8-isort", "version": "6.1.1", "summary": "flake8 plugin that integrates isort", "status": "updated"}, {"timestamp": 1699093158, "pkg": "types-flake8-builtins", "version": "2.2", "summary": "Typing stubs for flake8-builtins", "status": "updated"}, {"timestamp": 1699525256, "pkg": "flake8-pyi", "version": "23.11", "summary": "A plugin for flake8 to enable linting .pyi stub files.", "status": "updated"}, {"timestamp": 1699525256, "pkg": "flake8-requirements", "version": "2.0.1", "summary": "Package requirements checker, plugin for flake8", "status": "updated"}, {"timestamp": 1699611567, "pkg": "flake8-zale", "version": "0.1.post2", "summary": "Indentation checker for flake8", "status": "new"}, {"timestamp": 1699957266, "pkg": "flake8-zale", "version": "0.1.post3", "summary": "Indentation checker for flake8", "status": "updated"}, {"timestamp": 1700043624, "pkg": "flake8-prometheus-metrics-name", "version": "0.1.12", "summary": "Flake8 plugin for prometheus metric name validation", "status": "updated"}, {"timestamp": 1700129994, "pkg": "flake8-iw", "version": "0.0.23", "summary": "A plugin to show lint errors for IW", "status": "updated"}, {"timestamp": 1700216377, "pkg": "flake8-iw", "version": "0.0.26", "summary": "A plugin to show lint errors for IW", "status": "updated"}, {"timestamp": 1700475587, "pkg": "flake8-x-quotes", "version": "0.0.2", "summary": "Flake8 lint for quotes.", "status": "new"}, {"timestamp": 1700562041, "pkg": "flake8-encodings", "version": "0.5.1", "summary": "A Flake8 plugin to identify incorrect use of encodings.", "status": "updated"}, {"timestamp": 1700734770, "pkg": "flake8-sphinx-links", "version": "0.2.2", "summary": "A Flake8 plugin to check docstrings for double backticked strings which should be links to the Python documentation.", "status": "updated"}, {"timestamp": 1700734770, "pkg": "flake8-prettycount", "version": "0.1.2", "summary": "Wrapper around flake8 providing a formatted count at the end.", "status": "updated"}, {"timestamp": 1700734770, "pkg": "flake8-strftime", "version": "0.3.4", "summary": "A flake8 plugin which checks for use of platform specific strftime codes.", "status": "updated"}, {"timestamp": 1700734770, "pkg": "flake8-helper", "version": "0.2.2", "summary": "A helper library for Flake8 plugins.", "status": "updated"}, {"timestamp": 1700734770, "pkg": "flake8-dunder-all", "version": "0.3.1", "summary": "A Flake8 plugin and pre-commit hook which checks to ensure modules have defined '__all__'.", "status": "updated"}, {"timestamp": 1700734770, "pkg": "flake8-slots", "version": "0.1.6", "summary": "A Flake8 plugin to require __slots__ to be defined for subclasses of immutable types.", "status": "updated"}, {"timestamp": 1700993967, "pkg": "flake8-type-checking", "version": "2.6", "summary": "A flake8 plugin for managing type-checking imports & forward references", "status": "updated"}, {"timestamp": 1701080391, "pkg": "flake8-bugbear", "version": "23.11.26", "summary": "A plugin for flake8 finding likely bugs and design problems in your program. Contains warnings that don't belong in pyflakes and pycodestyle.", "status": "updated"}, {"timestamp": 1701166787, "pkg": "types-flake8-bugbear", "version": "23.11.26", "summary": "Typing stubs for flake8-bugbear", "status": "updated"}, {"timestamp": 1701253188, "pkg": "flake8-docstrings-complete", "version": "1.3", "summary": "A linter that checks docstrings are complete", "status": "updated"}, {"timestamp": 1701253188, "pkg": "flake8-bugbear", "version": "23.11.28", "summary": "A plugin for flake8 finding likely bugs and design problems in your program. Contains warnings that don't belong in pyflakes and pycodestyle.", "status": "updated"}, {"timestamp": 1701339612, "pkg": "flake8-type-checking", "version": "2.7", "summary": "A flake8 plugin for managing type-checking imports & forward references", "status": "updated"}, {"timestamp": 1701339612, "pkg": "types-flake8-bugbear", "version": "23.11.28", "summary": "Typing stubs for flake8-bugbear", "status": "updated"}, {"timestamp": 1701598748, "pkg": "types-flake8-bugbear", "version": "23.12.2", "summary": "Typing stubs for flake8-bugbear", "status": "updated"}, {"timestamp": 1701598748, "pkg": "flake8-bugbear", "version": "23.12.2", "summary": "A plugin for flake8 finding likely bugs and design problems in your program. Contains warnings that don't belong in pyflakes and pycodestyle.", "status": "updated"}, {"timestamp": 1702030819, "pkg": "flake8-type-checking", "version": "2.8", "summary": "A flake8 plugin for managing type-checking imports & forward references", "status": "updated"}, {"timestamp": 1702117175, "pkg": "hacking", "version": "6.1", "summary": "OpenStack Hacking Guideline Enforcement", "status": "updated"}, {"timestamp": 1702203591, "pkg": "flake8-ejudge", "version": "0.5.5", "summary": "\u041f\u0440\u043e\u0432\u0435\u0440\u043a\u0430 \u0441\u0442\u0438\u043b\u044f \u0438 \u0442\u0440\u0435\u0431\u043e\u0432\u0430\u043d\u0438\u0439 \u043a \u0438\u0441\u043f\u043e\u043b\u044c\u0437\u0443\u0435\u043c\u043e\u043c\u0443 \u0441\u0438\u043d\u0442\u0430\u043a\u0441\u0438\u0441\u0443 \u0432 python \u043a\u043e\u0434\u0435 \u0434\u043b\u044f ejudge", "status": "updated"}, {"timestamp": 1702376398, "pkg": "flake8-balanced-wrapping", "version": "0.1.7", "summary": "A flake8 plugin that helps you wrap code with visual balance.", "status": "updated"}, {"timestamp": 1702894814, "pkg": "flake8-github", "version": "1.1", "summary": "Flake8 formatter for GitHub Actions", "status": "updated"}, {"timestamp": 1703067579, "pkg": "flake8-unused-fixtures", "version": "0.3.2", "summary": "Warn about unnecessary fixtures in tests' definition.", "status": "updated"}, {"timestamp": 1704104404, "pkg": "nitpick", "version": "0.35", "summary": "Enforce the same settings across multiple language-independent projects", "status": "updated"}]