[{"timestamp": 1662977996, "pkg": "flake8-markdown", "version": "0.4", "summary": "Lints Python code blocks in Markdown files using flake8", "status": "updated"}, {"timestamp": 1662977996, "pkg": "pyproject-flake8", "version": "5.0.4.post1", "summary": "pyproject-flake8 (`pflake8`), a monkey patching wrapper to connect flake8 with pyproject.toml configuration ", "status": "updated"}, {"timestamp": 1663064429, "pkg": "flake8-trio", "version": "22.9.2", "summary": "A highly opinionated flake8 plugin for Trio-related problems.", "status": "updated"}, {"timestamp": 1663237207, "pkg": "flake8-requirements", "version": "1.7", "summary": "Package requirements checker, plugin for flake8", "status": "updated"}, {"timestamp": 1663323649, "pkg": "types-flake8-bugbear", "version": "22.9.11", "summary": "Typing stubs for flake8-bugbear", "status": "updated"}, {"timestamp": 1663323649, "pkg": "flake8-requirements", "version": "1.7.1", "summary": "Package requirements checker, plugin for flake8", "status": "updated"}, {"timestamp": 1663409989, "pkg": "flake8-hangover", "version": "0.0.1", "summary": "flake8 plugin to prevent specific hanging indentations", "status": "new"}, {"timestamp": 1663409989, "pkg": "flake8-idom-hooks", "version": "0.6", "summary": "Flake8 plugin to enforce the rules of hooks for IDOM", "status": "updated"}, {"timestamp": 1663409989, "pkg": "flake8-if-statements", "version": "1", "summary": "Flake8 linter for if statements", "status": "updated"}, {"timestamp": 1663496387, "pkg": "flake8-hangover", "version": "0.0.3", "summary": "flake8 plugin to prevent specific hanging indentations", "status": "updated"}, {"timestamp": 1663496387, "pkg": "flake8-idom-hooks", "version": "0.6.1", "summary": "Flake8 plugin to enforce the rules of hooks for IDOM", "status": "updated"}, {"timestamp": 1663669204, "pkg": "flake8-ado", "version": "0.3", "summary": "Flake8 plugin to check comments against AzureDevOps ticket references.", "status": "new"}, {"timestamp": 1663755632, "pkg": "flake8-eradicate", "version": "1.4", "summary": "Flake8 plugin to find commented out code", "status": "updated"}, {"timestamp": 1663842036, "pkg": "flake8-picky-parentheses", "version": "0.1", "summary": "flake8 plugin to nitpick about parenthesis, brackets, and braces", "status": "new"}, {"timestamp": 1663928413, "pkg": "flake8-picky-parentheses", "version": "0.1.1", "summary": "flake8 plugin to nitpick about parenthesis, brackets, and braces", "status": "updated"}, {"timestamp": 1664014824, "pkg": "flake8-bugbear", "version": "22.9.23", "summary": "A plugin for flake8 finding likely bugs and design problems in your program. Contains warnings that don't belong in pyflakes and pycodestyle.", "status": "updated"}, {"timestamp": 1664187633, "pkg": "flake8-executable", "version": "2.1.2", "summary": "A Flake8 plugin for checking executable permissions and shebangs.", "status": "updated"}, {"timestamp": 1664274056, "pkg": "flake8-warnings", "version": "0.3", "summary": "Linter (flake8, pylint, custom CLI) for finding usage of deprecated functions.", "status": "updated"}, {"timestamp": 1664360445, "pkg": "wemake-python-styleguide", "version": "0.17", "summary": "The strictest and most opinionated python linter ever", "status": "updated"}, {"timestamp": 1664446894, "pkg": "flake8-json-shopee", "version": "1", "summary": "A small example package", "status": "new"}, {"timestamp": 1664446894, "pkg": "flake8-shopee", "version": "1", "summary": "A small example package", "status": "new"}, {"timestamp": 1664446894, "pkg": "flake8-picky-parentheses", "version": "0.1.2", "summary": "flake8 plugin to nitpick about parenthesis, brackets, and braces", "status": "updated"}, {"timestamp": 1664533215, "pkg": "types-flake8-bugbear", "version": "22.9.23", "summary": "Typing stubs for flake8-bugbear", "status": "updated"}, {"timestamp": 1664619619, "pkg": "flake8-logging-format", "version": "0.8.1", "summary": null, "status": "updated"}, {"timestamp": 1664792454, "pkg": "flake8-clean-block", "version": "0.1.2", "summary": "A flake8 plugin that enforces a blank line after if/for/while/with/try blocks", "status": "new"}, {"timestamp": 1664792454, "pkg": "flake8-broken-line", "version": "0.6", "summary": "Flake8 plugin to forbid backslashes for line breaks", "status": "updated"}, {"timestamp": 1664792454, "pkg": "flake8-future-annotations", "version": "1", "summary": "Verifies python 3.7+ files use from __future__ import annotations", "status": "updated"}, {"timestamp": 1664878851, "pkg": "flake8-indent-in-def", "version": "0.1.1", "summary": "A flake8 plugin that enforces 8-space indentation in function/class definitions", "status": "new"}, {"timestamp": 1664878851, "pkg": "flake8-picky-parentheses", "version": "0.2", "summary": "flake8 plugin to nitpick about parenthesis, brackets, and braces", "status": "updated"}, {"timestamp": 1664965214, "pkg": "flake8-junit-report-basic", "version": "3", "summary": "Simple tool that converts a flake8 file to junit format", "status": "new"}, {"timestamp": 1664965214, "pkg": "flake8-indent-in-def", "version": "0.1.2", "summary": "A flake8 plugin that enforces 8-space indentation in function/class definitions", "status": "updated"}, {"timestamp": 1665051653, "pkg": "flake8-pep585", "version": "0.1.6", "summary": "flake8 plugin to enforce new-style type hints (PEP 585)", "status": "new"}, {"timestamp": 1665051653, "pkg": "hacking", "version": "5", "summary": "OpenStack Hacking Guideline Enforcement", "status": "updated"}, {"timestamp": 1665138037, "pkg": "flake8-start", "version": "0.0.1", "summary": "A command line tool to create flake8 configuration file", "status": "new"}, {"timestamp": 1665138037, "pkg": "flake8-pyi", "version": "22.10", "summary": "A plugin for flake8 to enable linting .pyi files.", "status": "updated"}, {"timestamp": 1665138037, "pkg": "flake8-idom-hooks", "version": "0.6.4", "summary": "Flake8 plugin to enforce the rules of hooks for IDOM", "status": "updated"}, {"timestamp": 1665138037, "pkg": "flake8-too-many", "version": "0.1.5", "summary": "A flake8 plugin that prevents you from writing \"too many\" bad codes.", "status": "updated"}, {"timestamp": 1665138037, "pkg": "flake8-newspaper-style", "version": "0.4.1", "summary": "Check code for newspaper style", "status": "updated"}, {"timestamp": 1665224441, "pkg": "flake8-jungle", "version": "1.0.7", "summary": "Plugin to lint various issues in code.", "status": "updated"}, {"timestamp": 1665224441, "pkg": "flake8-picky-parentheses", "version": "0.3", "summary": "flake8 plugin to nitpick about parenthesis, brackets, and braces", "status": "updated"}, {"timestamp": 1665310849, "pkg": "flake8-isort", "version": "5", "summary": "flake8 plugin that integrates isort .", "status": "updated"}, {"timestamp": 1665310849, "pkg": "flake8-builtins", "version": "2", "summary": "Check for python builtins being used as variables or parameters.", "status": "updated"}, {"timestamp": 1665310849, "pkg": "flake8-newspaper-style", "version": "0.4.2", "summary": "Check code for newspaper style", "status": "updated"}, {"timestamp": 1665310849, "pkg": "flake8-pep3101", "version": "2", "summary": "Checks for old string formatting.", "status": "updated"}, {"timestamp": 1665397257, "pkg": "flake8-picky-parentheses", "version": "0.3.1", "summary": "flake8 plugin to nitpick about parenthesis, brackets, and braces", "status": "updated"}, {"timestamp": 1665397257, "pkg": "flake8-plone-hasattr", "version": "1", "summary": "Checks for hasattr, which is considered harmful in Plone projects.", "status": "updated"}, {"timestamp": 1665397257, "pkg": "flake8-deprecated", "version": "2", "summary": "Warns about deprecated method calls.", "status": "updated"}, {"timestamp": 1665397257, "pkg": "types-flake8-builtins", "version": "2", "summary": "Typing stubs for flake8-builtins", "status": "updated"}, {"timestamp": 1665397257, "pkg": "flake8-plone-api", "version": "1.5", "summary": "Checks for code usages that can be replaced with Plone API method calls.", "status": "updated"}, {"timestamp": 1665483638, "pkg": "flake8-deprecated", "version": "2.0.1", "summary": "Warns about deprecated method calls.", "status": "updated"}, {"timestamp": 1665570069, "pkg": "flake8-pyprojecttoml", "version": "0.0.2", "summary": "Inject pyproject.toml support into flake8.", "status": "updated"}, {"timestamp": 1665570069, "pkg": "flake8-cached", "version": "0.2", "summary": "A wrapper around flake8's cli that uses cache at file level", "status": "updated"}]