[{"timestamp": 1710152379, "pkg": "flake8-pyi", "version": "24.3", "summary": "A plugin for flake8 to enable linting .pyi stub files.", "status": "updated"}, {"timestamp": 1710411609, "pkg": "flake8-commas-x", "version": "3", "summary": "Flake8 lint for trailing commas.", "status": "new"}, {"timestamp": 1710929982, "pkg": "flake8-tensors", "version": "1", "summary": "flake8_tensors - flake8 plugin for deep learning codes", "status": "updated"}, {"timestamp": 1711016347, "pkg": "flake8-logging", "version": "1.6", "summary": "A Flake8 plugin that checks for issues using the standard library logging module.", "status": "updated"}, {"timestamp": 1711102776, "pkg": "flake8-max-lines", "version": "0.0.1", "summary": "flake8 plugin to check max lines per files", "status": "new"}, {"timestamp": 1711189167, "pkg": "flake8-max-lines", "version": "0.0.2", "summary": "flake8 plugin to check max lines per files", "status": "updated"}, {"timestamp": 1711189167, "pkg": "flake8-picky-parentheses", "version": "0.5.5", "summary": "flake8 plugin to nitpick about parenthesis, brackets, and braces", "status": "updated"}, {"timestamp": 1711534782, "pkg": "flake8-init-return", "version": "1.0.1", "summary": "flake8 plugin which makes sure that __init__ functions have a return type", "status": "updated"}, {"timestamp": 1711534782, "pkg": "flake8-requirements", "version": "2.1.1", "summary": "Package requirements checker, plugin for flake8", "status": "updated"}, {"timestamp": 1711707583, "pkg": "flake8-dunder-all", "version": "0.4", "summary": "A Flake8 plugin and pre-commit hook which checks to ensure modules have defined '__all__'.", "status": "updated"}, {"timestamp": 1711793987, "pkg": "flake8-builtins", "version": "2.3", "summary": "Check for python builtins being used as variables or parameters", "status": "updated"}, {"timestamp": 1711880367, "pkg": "types-flake8-builtins", "version": "2.3.0.20240331", "summary": "Typing stubs for flake8-builtins", "status": "updated"}, {"timestamp": 1711880367, "pkg": "flake8-pyi", "version": "24.3.1", "summary": "A plugin for flake8 to enable linting .pyi stub files.", "status": "updated"}, {"timestamp": 1712053183, "pkg": "flake8-pytest-style", "version": "2", "summary": "A flake8 plugin checking common style issues or inconsistencies with pytest-based tests.", "status": "updated"}, {"timestamp": 1712053183, "pkg": "flake8-builtins", "version": "2.4", "summary": "Check for python builtins being used as variables or parameters", "status": "updated"}, {"timestamp": 1712139609, "pkg": "flake8-dunder-all", "version": "0.4.1", "summary": "A Flake8 plugin and pre-commit hook which checks to ensure modules have defined '__all__'.", "status": "updated"}, {"timestamp": 1712225974, "pkg": "types-flake8-builtins", "version": "2.4.0.20240404", "summary": "Typing stubs for flake8-builtins", "status": "updated"}, {"timestamp": 1712744442, "pkg": "flake8-builtins", "version": "2.5", "summary": "Check for python builtins being used as variables or parameters", "status": "updated"}, {"timestamp": 1712744442, "pkg": "pyproject-flake8", "version": "7", "summary": "pyproject-flake8 (`pflake8`), a monkey patching wrapper to connect flake8 with pyproject.toml configuration ", "status": "updated"}, {"timestamp": 1712830793, "pkg": "types-flake8-builtins", "version": "2.5.0.20240411", "summary": "Typing stubs for flake8-builtins", "status": "updated"}, {"timestamp": 1712917187, "pkg": "flake8-pyi", "version": "24.4", "summary": "A plugin for flake8 to enable linting .pyi stub files.", "status": "updated"}, {"timestamp": 1713176353, "pkg": "flake8-no-else", "version": "0.1.3", "summary": "A flake8 plugin to enforce object calisthenics rule \"do not use ELSE\"", "status": "new"}, {"timestamp": 1713349239, "pkg": "flake8-no-nesting", "version": "0.1.1", "summary": "A flake8 plugin to enforce object calisthenics rule \"ONE level of indentation\"", "status": "new"}, {"timestamp": 1713435635, "pkg": "flake8-no-nesting", "version": "0.1.2", "summary": "A flake8 plugin to enforce object calisthenics rule \"ONE level of indentation\"", "status": "updated"}, {"timestamp": 1713608379, "pkg": "flake8-small-entities", "version": "0.1", "summary": "A flake8 plugin to enforce object calisthenics rule \"keep entities small\"", "status": "new"}, {"timestamp": 1713608379, "pkg": "flake8-pyi", "version": "24.4.1", "summary": "A plugin for flake8 to enable linting .pyi stub files.", "status": "updated"}, {"timestamp": 1713694753, "pkg": "flake8-one-dot", "version": "0.1.3", "summary": "A flake8 plugin to enforce object calisthenics rule \"one dot per line\"", "status": "new"}, {"timestamp": 1713694753, "pkg": "flake8-json", "version": "24.4", "summary": "JSON Formatting Reporter plugin for Flake8", "status": "updated"}, {"timestamp": 1713781244, "pkg": "flake8-bugbear", "version": "24.4.21", "summary": "A plugin for flake8 finding likely bugs and design problems in your program. Contains warnings that don't belong in pyflakes and pycodestyle.", "status": "updated"}, {"timestamp": 1713867567, "pkg": "types-flake8-bugbear", "version": "24.4.21.20240423", "summary": "Typing stubs for flake8-bugbear", "status": "updated"}, {"timestamp": 1714040382, "pkg": "flake8-deep-calls", "version": "0.1", "summary": "A flake8 plugin to enforce object calisthenics rule \"one level of nesting\"", "status": "new"}, {"timestamp": 1714213229, "pkg": "flake8-bugbear", "version": "24.4.26", "summary": "A plugin for flake8 finding likely bugs and design problems in your program. Contains warnings that don't belong in pyflakes and pycodestyle.", "status": "updated"}, {"timestamp": 1714299575, "pkg": "types-flake8-bugbear", "version": "24.4.26.20240428", "summary": "Typing stubs for flake8-bugbear", "status": "updated"}, {"timestamp": 1714904382, "pkg": "flake8-commas-x", "version": "3.post1", "summary": "Flake8 lint for trailing commas.", "status": "updated"}, {"timestamp": 1715077217, "pkg": "flake8-annotations", "version": "3.1", "summary": "Flake8 Type Annotation Checks", "status": "updated"}, {"timestamp": 1715250010, "pkg": "flake8-requirements", "version": "2.2", "summary": "Package requirements checker, plugin for flake8", "status": "updated"}, {"timestamp": 1715509204, "pkg": "types-flake8", "version": "7.0.0.20240511", "summary": "Typing stubs for flake8", "status": "new"}, {"timestamp": 1715768387, "pkg": "flake8-fill-one-line", "version": "0.4.1", "summary": "A Flake8 plugin to ensure an expression can be written in one line without exceeding the maximum length limit", "status": "updated"}, {"timestamp": 1715854770, "pkg": "flake8-fill-one-line", "version": "0.4.2", "summary": "A Flake8 plugin to ensure an expression can be written in one line without exceeding the maximum length limit", "status": "updated"}, {"timestamp": 1715941175, "pkg": "flake8-commas", "version": "4", "summary": "Flake8 lint for trailing commas.", "status": "updated"}, {"timestamp": 1715941175, "pkg": "flake8-commas-x", "version": "3.post2", "summary": "Flake8 lint for trailing commas.", "status": "updated"}, {"timestamp": 1715941175, "pkg": "pep8-naming", "version": "0.14", "summary": "Check PEP-8 naming conventions, plugin for flake8", "status": "updated"}, {"timestamp": 1716027567, "pkg": "flake8-annotations", "version": "3.1.1", "summary": "Flake8 Type Annotation Checks", "status": "updated"}, {"timestamp": 1716027567, "pkg": "pep8-naming", "version": "0.14.1", "summary": "Check PEP-8 naming conventions, plugin for flake8", "status": "updated"}, {"timestamp": 1716113993, "pkg": "types-flake8", "version": "7.0.0.20240519", "summary": "Typing stubs for flake8", "status": "updated"}, {"timestamp": 1716632425, "pkg": "flake8-django-hhupd", "version": "1.4.1", "summary": "Plugin to catch bad style specific to Django Projects.", "status": "new"}, {"timestamp": 1716805238, "pkg": "flake8-to-ruff", "version": "0.0.234", "summary": "Convert existing Flake8 configuration to Ruff.", "status": "updated"}, {"timestamp": 1716978057, "pkg": "flake8-type-checking", "version": "2.9.1", "summary": "A flake8 plugin for managing type-checking imports & forward references", "status": "updated"}, {"timestamp": 1717323656, "pkg": "flake8-typing-collections", "version": "2.1", "summary": "A flake8 plugin that checks the use of type alternatives from the typing module over actual run time types, especially from the collections module.", "status": "updated"}, {"timestamp": 1717410073, "pkg": "flake8-classmethod-staticmethod", "version": "2.1", "summary": "flake8 plugin that checks rules regarding the staticmethod and classmethod decorators.", "status": "updated"}, {"timestamp": 1718187612, "pkg": "flake8-logging-format", "version": "2024.24.12", "summary": null, "status": "updated"}]