[{"timestamp": 1654597252, "pkg": "flake8-requirements", "version": "1.5.4", "summary": "Package requirements checker, plugin for flake8", "status": "updated"}, {"timestamp": 1654597252, "pkg": "flake8-django-migrations", "version": "0.2.1", "summary": "Flake8 plugin to lint for backwards incompatible database migrations", "status": "updated"}, {"timestamp": 1654683645, "pkg": "flake8-rst-docstrings", "version": "0.2.6", "summary": "Python docstring reStructuredText (RST) validator", "status": "updated"}, {"timestamp": 1654683645, "pkg": "types-flake8-rst-docstrings", "version": "0.2.2", "summary": "Typing stubs for flake8-rst-docstrings", "status": "updated"}, {"timestamp": 1654770034, "pkg": "flake8-isolated-packages", "version": "2", "summary": "This Flake8 plugin is for checking imports isolations.", "status": "updated"}, {"timestamp": 1655029175, "pkg": "flake8-postponed-annotations", "version": "1.1", "summary": "Flake8 postponed annotations validation", "status": "new"}, {"timestamp": 1655029175, "pkg": "flake8-boolean-trap", "version": "0.1", "summary": "flake8 plugin which forbids boolean positional arguments", "status": "new"}, {"timestamp": 1655202028, "pkg": "flake8-noqa", "version": "1.2.3", "summary": "Flake8 noqa comment validation", "status": "updated"}, {"timestamp": 1655202028, "pkg": "types-flake8-simplify", "version": "0.19", "summary": "Typing stubs for flake8-simplify", "status": "updated"}, {"timestamp": 1655288427, "pkg": "types-flake8-plugin-utils", "version": "1.3.7", "summary": "Typing stubs for flake8-plugin-utils", "status": "updated"}, {"timestamp": 1655288427, "pkg": "flake8-requirements", "version": "1.5.5", "summary": "Package requirements checker, plugin for flake8", "status": "updated"}, {"timestamp": 1655288427, "pkg": "flake8-noqa", "version": "1.2.5", "summary": "Flake8 noqa comment validation", "status": "updated"}, {"timestamp": 1655288427, "pkg": "flake8-forbidden-func", "version": "0.0.4", "summary": "An extension for flake8 that forbids some functions in some modules.", "status": "updated"}, {"timestamp": 1655720431, "pkg": "flake8-type-checking", "version": "2", "summary": "A flake8 plugin for managing type-checking imports & forward references", "status": "updated"}, {"timestamp": 1655720431, "pkg": "flake8-jungle", "version": "1.0.4", "summary": "Plugin to lint various issues in code.", "status": "updated"}, {"timestamp": 1655807057, "pkg": "flake8-jungle", "version": "1.0.5", "summary": "Plugin to lint various issues in code.", "status": "updated"}, {"timestamp": 1655807057, "pkg": "flake8-type-checking", "version": "2.0.1", "summary": "A flake8 plugin for managing type-checking imports & forward references", "status": "updated"}, {"timestamp": 1655807057, "pkg": "types-flake8-bugbear", "version": "22.4.25", "summary": "Typing stubs for flake8-bugbear", "status": "updated"}, {"timestamp": 1655893249, "pkg": "flake8-tkinter", "version": "0.1.2", "summary": "Flake8 plugin for Tkinter projects", "status": "new"}, {"timestamp": 1655979610, "pkg": "flake8-pep518", "version": "0.1", "summary": "Flake8 plugin that allows specifying config in pyproject.toml.", "status": "new"}, {"timestamp": 1655979610, "pkg": "flake8-bugbear", "version": "22.6.22", "summary": "A plugin for flake8 finding likely bugs and design problems in your program. Contains warnings that don't belong in pyflakes and pycodestyle.", "status": "updated"}, {"timestamp": 1656065986, "pkg": "autohooks-plugin-flake8", "version": "22.6.1", "summary": "An autohooks plugin for python code linting via flake8.", "status": "new"}, {"timestamp": 1656065986, "pkg": "flake8-jungle", "version": "1.0.6", "summary": "Plugin to lint various issues in code.", "status": "updated"}, {"timestamp": 1656152418, "pkg": "types-flake8-bugbear", "version": "22.6.22", "summary": "Typing stubs for flake8-bugbear", "status": "updated"}, {"timestamp": 1656238779, "pkg": "flake8-fastapi", "version": "0.7", "summary": "flake8 plugin that checks FastAPI code against opiniated style rules \ud83e\udd13", "status": "updated"}, {"timestamp": 1656326141, "pkg": "types-flake8-typing-imports", "version": "1.12", "summary": "Typing stubs for flake8-typing-imports", "status": "updated"}, {"timestamp": 1656584462, "pkg": "flake8-literal", "version": "1.2.2", "summary": "Flake8 string literal validation", "status": "updated"}, {"timestamp": 1656584462, "pkg": "flake8-requirements", "version": "1.6", "summary": "Package requirements checker, plugin for flake8", "status": "updated"}, {"timestamp": 1656757216, "pkg": "types-flake8-bugbear", "version": "22.7.1", "summary": "Typing stubs for flake8-bugbear", "status": "updated"}, {"timestamp": 1656757216, "pkg": "flake8-bugbear", "version": "22.7.1", "summary": "A plugin for flake8 finding likely bugs and design problems in your program. Contains warnings that don't belong in pyflakes and pycodestyle.", "status": "updated"}, {"timestamp": 1657016722, "pkg": "flake8-in-file-ignores", "version": "0.2", "summary": "file-level per-file-ignores for flake8", "status": "new"}, {"timestamp": 1657102858, "pkg": "flake8-type-checking", "version": "2.0.2", "summary": "A flake8 plugin for managing type-checking imports & forward references", "status": "updated"}, {"timestamp": 1657448352, "pkg": "flake8-type-checking", "version": "2.0.3", "summary": "A flake8 plugin for managing type-checking imports & forward references", "status": "updated"}, {"timestamp": 1657707608, "pkg": "flake8-aggressive", "version": "1.1.2", "summary": "Flake8 aggressive plugins pack", "status": "new"}, {"timestamp": 1657794028, "pkg": "flake8-type-checking", "version": "2.0.4", "summary": "A flake8 plugin for managing type-checking imports & forward references", "status": "updated"}, {"timestamp": 1657794028, "pkg": "flake8-tensors", "version": "0.2.10", "summary": "flake8_tensors - flake8 plugin for deep learning codes", "status": "updated"}, {"timestamp": 1657880431, "pkg": "flake8-type-checking", "version": "2.0.6", "summary": "A flake8 plugin for managing type-checking imports & forward references", "status": "updated"}, {"timestamp": 1657966788, "pkg": "flake8-rst-docstrings", "version": "0.2.7", "summary": "Python docstring reStructuredText (RST) validator", "status": "updated"}, {"timestamp": 1657966788, "pkg": "flake8-pep604", "version": "1.1", "summary": "flake8 plugin to enforce use of `|` over `typing.Union`", "status": "updated"}, {"timestamp": 1657966788, "pkg": "pep8-naming", "version": "0.13.1", "summary": "Check PEP-8 naming conventions, plugin for flake8", "status": "updated"}, {"timestamp": 1658139650, "pkg": "flake8-pytest-fixtures-style", "version": "0.0.3", "summary": "A flake8 extension that checks pytest fixtures", "status": "updated"}, {"timestamp": 1658398824, "pkg": "flake8-trio", "version": "22.7.1", "summary": "A highly opinionated flake8 plugin for Trio-related problems.", "status": "new"}, {"timestamp": 1658398824, "pkg": "flake8-allure-tree", "version": "1.0.1", "summary": "Flake8 plugin to check allure decorators on test classes and methods", "status": "new"}, {"timestamp": 1658398824, "pkg": "flake8-noqa", "version": "1.2.7", "summary": "Flake8 noqa comment validation", "status": "updated"}, {"timestamp": 1658398824, "pkg": "flake8-postponed-annotations", "version": "1.1.2", "summary": "Flake8 postponed annotations validation", "status": "updated"}, {"timestamp": 1658398824, "pkg": "flake8-literal", "version": "1.2.4", "summary": "Flake8 string literal validation", "status": "updated"}, {"timestamp": 1658485231, "pkg": "flake8-trio", "version": "22.7.2", "summary": "A highly opinionated flake8 plugin for Trio-related problems.", "status": "updated"}, {"timestamp": 1658571628, "pkg": "flake8-for-pycharm", "version": "0.3.3", "summary": "Add flake8 support to pycharm. See README for how to use.", "status": "updated"}, {"timestamp": 1658744404, "pkg": "flake8-pyi", "version": "22.7", "summary": "A plugin for flake8 to enable linting .pyi files.", "status": "updated"}, {"timestamp": 1658830825, "pkg": "flake8-isort", "version": "4.1.2.post0", "summary": "flake8 plugin that integrates isort .", "status": "updated"}, {"timestamp": 1658917259, "pkg": "flake8-trio", "version": "22.7.3", "summary": "A highly opinionated flake8 plugin for Trio-related problems.", "status": "updated"}]