[{"timestamp": 1695723591, "pkg": "flake8-fill-one-line", "version": "0.4", "summary": "A Flake8 plugin to ensure an expression can be written in one line without exceeding the maximum length limit", "status": "updated"}, {"timestamp": 1695896477, "pkg": "flake8-warnings", "version": "0.4.1", "summary": "Linter (flake8, pylint, custom CLI) for finding usage of deprecated functions.", "status": "updated"}, {"timestamp": 1696155580, "pkg": "flake8-intsights", "version": "0.3.1", "summary": "Uncompromising and opinionated flake8 plugin which follows Intsights' practices", "status": "updated"}, {"timestamp": 1696328444, "pkg": "ament-lint-flake8", "version": "0.14.4", "summary": "Check Python code style using flake8.", "status": "new"}, {"timestamp": 1696328444, "pkg": "types-flake8-typing-imports", "version": "1.15", "summary": "Typing stubs for flake8-typing-imports", "status": "updated"}, {"timestamp": 1696328444, "pkg": "flake8-ruff-wrapper", "version": "0.4", "summary": "Invoke ruff using flake8 options", "status": "updated"}, {"timestamp": 1696328444, "pkg": "flake8-test-name", "version": "0.1.6", "summary": "Invalid test name checker, plugin for flake8", "status": "updated"}, {"timestamp": 1696328444, "pkg": "flake8-typing-imports", "version": "1.15", "summary": "flake8 plugin which checks that typing imports are properly guarded", "status": "updated"}, {"timestamp": 1696501241, "pkg": "flake8-picky-parentheses", "version": "0.5.3", "summary": "flake8 plugin to nitpick about parenthesis, brackets, and braces", "status": "updated"}, {"timestamp": 1696501241, "pkg": "flake8-all-not-strings", "version": "0.0.1", "summary": "flake8 plugin which checks that modules under `__all__` are defined as strings", "status": "updated"}, {"timestamp": 1696587653, "pkg": "flake8-type-checking", "version": "2.4.2", "summary": "A flake8 plugin for managing type-checking imports & forward references", "status": "updated"}, {"timestamp": 1696674008, "pkg": "flake8-stash", "version": "0.9", "summary": "A collection of flake8 checks.", "status": "updated"}, {"timestamp": 1696674008, "pkg": "flake8-max-function-length", "version": "0.8", "summary": "A configurable flake8 plugin to enforce a maximum function/method length.", "status": "updated"}, {"timestamp": 1696674008, "pkg": "flake8-pylint", "version": "0.2.1", "summary": "Flake8 plugin that runs PyLint.", "status": "updated"}, {"timestamp": 1696760432, "pkg": "flake8-sarif-formatter", "version": "0", "summary": "A SARIF formatter for flake8", "status": "new"}, {"timestamp": 1696846816, "pkg": "flake8-absolute-import", "version": "1.0.0.2", "summary": "flake8 plugin to require absolute imports", "status": "updated"}, {"timestamp": 1696933248, "pkg": "flake8-sarif-formatter", "version": "1.0.1", "summary": "A SARIF formatter for flake8", "status": "updated"}, {"timestamp": 1696933248, "pkg": "flake8-logging", "version": "1.4", "summary": "A Flake8 plugin that checks for issues using the standard library logging module.", "status": "updated"}, {"timestamp": 1697192451, "pkg": "flake8-pyi", "version": "23.10", "summary": "A plugin for flake8 to enable linting .pyi stub files.", "status": "updated"}, {"timestamp": 1697192451, "pkg": "pycodestyle", "version": "2.11.1", "summary": "Python style guide checker", "status": "updated"}, {"timestamp": 1697538017, "pkg": "flake8-type-checking", "version": "2.5", "summary": "A flake8 plugin for managing type-checking imports & forward references", "status": "updated"}, {"timestamp": 1697624472, "pkg": "flake8-type-checking", "version": "2.5.1", "summary": "A flake8 plugin for managing type-checking imports & forward references", "status": "updated"}, {"timestamp": 1697797248, "pkg": "flake8-multiline-function-call-equals", "version": "0.1.4", "summary": "A package that checks to ensure spaces around `=` in multiline function calls", "status": "updated"}, {"timestamp": 1697970040, "pkg": "flake8-no-implicit-concat", "version": "0.3.5", "summary": "Flake8 plugin that forbids implicit str/bytes literal concatenations", "status": "updated"}, {"timestamp": 1698315631, "pkg": "flake8-badbear", "version": "0.0.1", "summary": "flake8 plugin which checks for additional bad codes", "status": "new"}, {"timestamp": 1698747641, "pkg": "flake8-aaa", "version": "0.17", "summary": "A Flake8 plugin that checks Python tests follow the Arrange-Act-Assert pattern", "status": "updated"}, {"timestamp": 1698834080, "pkg": "flake8-pydocstyle", "version": "0.2.3", "summary": "flake8 plugin that integrates pydocstyle", "status": "updated"}, {"timestamp": 1698920448, "pkg": "flake8-sfs", "version": "1", "summary": "Python String Formatting Style (SFS) plugin for flake8", "status": "updated"}, {"timestamp": 1699006880, "pkg": "flake8-builtins", "version": "2.2", "summary": "Check for python builtins being used as variables or parameters", "status": "updated"}, {"timestamp": 1699006880, "pkg": "flake8-pep3101", "version": "2.1", "summary": "Checks for old string formatting", "status": "updated"}, {"timestamp": 1699006880, "pkg": "flake8-deprecated", "version": "2.2.1", "summary": "Warns about deprecated method calls", "status": "updated"}, {"timestamp": 1699006880, "pkg": "flake8-plone-hasattr", "version": "1.1.1", "summary": "Checks for hasattr, which is considered harmful in Plone projects", "status": "updated"}, {"timestamp": 1699006880, "pkg": "flake8-plone-api", "version": "1.6", "summary": "Checks for code usages that can be replaced with Plone API method calls", "status": "updated"}, {"timestamp": 1699093158, "pkg": "flake8-isort", "version": "6.1.1", "summary": "flake8 plugin that integrates isort", "status": "updated"}, {"timestamp": 1699093158, "pkg": "types-flake8-builtins", "version": "2.2", "summary": "Typing stubs for flake8-builtins", "status": "updated"}, {"timestamp": 1699525256, "pkg": "flake8-pyi", "version": "23.11", "summary": "A plugin for flake8 to enable linting .pyi stub files.", "status": "updated"}, {"timestamp": 1699525256, "pkg": "flake8-requirements", "version": "2.0.1", "summary": "Package requirements checker, plugin for flake8", "status": "updated"}, {"timestamp": 1699611567, "pkg": "flake8-zale", "version": "0.1.post2", "summary": "Indentation checker for flake8", "status": "new"}, {"timestamp": 1699957266, "pkg": "flake8-zale", "version": "0.1.post3", "summary": "Indentation checker for flake8", "status": "updated"}, {"timestamp": 1700043624, "pkg": "flake8-prometheus-metrics-name", "version": "0.1.12", "summary": "Flake8 plugin for prometheus metric name validation", "status": "updated"}, {"timestamp": 1700129994, "pkg": "flake8-iw", "version": "0.0.23", "summary": "A plugin to show lint errors for IW", "status": "updated"}, {"timestamp": 1700216377, "pkg": "flake8-iw", "version": "0.0.26", "summary": "A plugin to show lint errors for IW", "status": "updated"}, {"timestamp": 1700475587, "pkg": "flake8-x-quotes", "version": "0.0.2", "summary": "Flake8 lint for quotes.", "status": "new"}, {"timestamp": 1700562041, "pkg": "flake8-encodings", "version": "0.5.1", "summary": "A Flake8 plugin to identify incorrect use of encodings.", "status": "updated"}, {"timestamp": 1700734770, "pkg": "flake8-sphinx-links", "version": "0.2.2", "summary": "A Flake8 plugin to check docstrings for double backticked strings which should be links to the Python documentation.", "status": "updated"}, {"timestamp": 1700734770, "pkg": "flake8-prettycount", "version": "0.1.2", "summary": "Wrapper around flake8 providing a formatted count at the end.", "status": "updated"}, {"timestamp": 1700734770, "pkg": "flake8-strftime", "version": "0.3.4", "summary": "A flake8 plugin which checks for use of platform specific strftime codes.", "status": "updated"}, {"timestamp": 1700734770, "pkg": "flake8-helper", "version": "0.2.2", "summary": "A helper library for Flake8 plugins.", "status": "updated"}, {"timestamp": 1700734770, "pkg": "flake8-dunder-all", "version": "0.3.1", "summary": "A Flake8 plugin and pre-commit hook which checks to ensure modules have defined '__all__'.", "status": "updated"}, {"timestamp": 1700734770, "pkg": "flake8-slots", "version": "0.1.6", "summary": "A Flake8 plugin to require __slots__ to be defined for subclasses of immutable types.", "status": "updated"}]