[{"timestamp": 1641723597, "pkg": "types-flake8-builtins", "version": "1.5.3", "summary": "Typing stubs for flake8-builtins", "status": "updated"}, {"timestamp": 1641723597, "pkg": "types-flake8-plugin-utils", "version": "1.3.3", "summary": "Typing stubs for flake8-plugin-utils", "status": "updated"}, {"timestamp": 1641723597, "pkg": "types-flake8-simplify", "version": "0.14.3", "summary": "Typing stubs for flake8-simplify", "status": "updated"}, {"timestamp": 1641723597, "pkg": "flake8-too-many", "version": "0.1.4", "summary": "A flake8 plugin that prevents you from writing \"too many\" bad codes.", "status": "updated"}, {"timestamp": 1641810010, "pkg": "flake8-simplify", "version": "0.14.5", "summary": "flake8 plugin which checks for code that can be simplified", "status": "updated"}, {"timestamp": 1641896407, "pkg": "flake8-comprehensions", "version": "3.8", "summary": "A flake8 plugin to help you write better list/set/dict comprehensions.", "status": "updated"}, {"timestamp": 1641896407, "pkg": "flake8-no-pep420", "version": "2.1", "summary": "A flake8 plugin to ban PEP-420 implicit namespace packages.", "status": "updated"}, {"timestamp": 1641896407, "pkg": "flake8-no-types", "version": "1.4", "summary": "A flake8 plugin to ban type hints.", "status": "updated"}, {"timestamp": 1641896407, "pkg": "flake8-tidy-imports", "version": "4.6", "summary": "A flake8 plugin that helps you write tidier imports.", "status": "updated"}, {"timestamp": 1641896407, "pkg": "flake8-ls", "version": "1.7", "summary": "super fast flake8 language server", "status": "updated"}, {"timestamp": 1641896407, "pkg": "pytest-flake8-path", "version": "1.2", "summary": "A pytest fixture for testing flake8 plugins.", "status": "updated"}, {"timestamp": 1641982790, "pkg": "flake8-bugbear", "version": "22.1.11", "summary": "A plugin for flake8 finding likely bugs and design problems in your program. Contains warnings that don't belong in pyflakes and pycodestyle.", "status": "updated"}, {"timestamp": 1641982790, "pkg": "flake8-ls", "version": "1.8", "summary": "super fast flake8 language server", "status": "updated"}, {"timestamp": 1642155563, "pkg": "nitpick", "version": "0.30", "summary": "Enforce the same settings across multiple language-independent projects", "status": "updated"}, {"timestamp": 1642241986, "pkg": "nitpick", "version": "0.31", "summary": "Enforce the same settings across multiple language-independent projects", "status": "updated"}, {"timestamp": 1642414807, "pkg": "flake8-gl-codeclimate", "version": "0.1.5", "summary": "Gitlab Code Quality artifact Flake8 formatter.", "status": "updated"}, {"timestamp": 1642414807, "pkg": "flake8-dunder-all", "version": "0.1.8", "summary": "A Flake8 plugin and pre-commit hook which checks to ensure modules have defined '__all__'.", "status": "updated"}, {"timestamp": 1642501184, "pkg": "flake8-encodings", "version": "0.5", "summary": "A Flake8 plugin to identify incorrect use of encodings.", "status": "updated"}, {"timestamp": 1642501184, "pkg": "autoflake8", "version": "0.3", "summary": "Tool to automatically fix some issues reported by flake8 (forked from autoflake).", "status": "updated"}, {"timestamp": 1642587588, "pkg": "flake8-wot", "version": "0.2", "summary": "flake8 plugin which checks use of deprecated typing.List, typing.Dict, etc.", "status": "new"}, {"timestamp": 1642760359, "pkg": "flake8-force", "version": "0.0.1", "summary": "flake8 extension to force running check", "status": "new"}, {"timestamp": 1642760359, "pkg": "pytest-flake8-v2", "version": "1.1.1", "summary": "pytest plugin to check FLAKE8 requirements", "status": "updated"}, {"timestamp": 1643019573, "pkg": "flake8-simplify", "version": "0.15.1", "summary": "flake8 plugin which checks for code that can be simplified", "status": "updated"}, {"timestamp": 1643019573, "pkg": "mccabe", "version": "0.7", "summary": "McCabe checker, plugin for flake8", "status": "updated"}, {"timestamp": 1643019573, "pkg": "flake8-requirements", "version": "1.5.2", "summary": "Package requirements checker, plugin for flake8", "status": "updated"}, {"timestamp": 1643019573, "pkg": "flake8-pyi", "version": "22.1", "summary": "A plugin for flake8 to enable linting .pyi files.", "status": "updated"}, {"timestamp": 1643019573, "pkg": "flake8-type-checking", "version": "1.3.1", "summary": "A flake8 plugin for managing type-checking imports & forward references", "status": "updated"}, {"timestamp": 1643105986, "pkg": "flake8-length", "version": "0.3", "summary": "Flake8 plugin for a smart line length validation.", "status": "updated"}, {"timestamp": 1643105986, "pkg": "flake8-django-migrations", "version": "0.2", "summary": "Flake8 plugin to lint for backwards incompatible database migrations", "status": "updated"}, {"timestamp": 1643192389, "pkg": "types-flake8-rst-docstrings", "version": "0.2", "summary": "Typing stubs for flake8-rst-docstrings", "status": "new"}, {"timestamp": 1643192389, "pkg": "pytest-flake8-v2", "version": "1.1.2", "summary": "pytest plugin to check FLAKE8 requirements", "status": "updated"}, {"timestamp": 1643192389, "pkg": "flake8-no-pep420", "version": "2.2", "summary": "A flake8 plugin to ban PEP-420 implicit namespace packages.", "status": "updated"}, {"timestamp": 1643278775, "pkg": "flake8-codes", "version": "0.2", "summary": "CLI tool to introspect flake8 plugins and their codes.", "status": "updated"}, {"timestamp": 1643365194, "pkg": "flake8-ruler", "version": "0.1", "summary": "More powerful configs for flake8.", "status": "new"}, {"timestamp": 1643624407, "pkg": "flake8-black", "version": "0.2.4", "summary": "flake8 plugin to call black as a code style validator", "status": "updated"}, {"timestamp": 1643797182, "pkg": "flake8-jira-todo-checker", "version": "0.6", "summary": "Flake8 plugin to check that every TODO, FIXME, QQ etc comment has a valid JIRA ID next to it.", "status": "updated"}, {"timestamp": 1643883566, "pkg": "flake8-cached", "version": "0.0.3", "summary": "A wrapper around flake8's cli that uses cache at file level", "status": "updated"}, {"timestamp": 1644229231, "pkg": "flake8-force-keyword-arguments", "version": "1.0.4", "summary": "A flake8 extension that is looking for function calls and forces to use keyword arguments if there are more than X arguments", "status": "updated"}, {"timestamp": 1644229231, "pkg": "flake8-jira-todo-checker", "version": "0.6.1", "summary": "Flake8 plugin to check that every TODO, FIXME, QQ etc comment has a valid JIRA ID next to it.", "status": "updated"}, {"timestamp": 1644315568, "pkg": "flake8-pydantic-skip", "version": "0.1.1", "summary": "flake8 plugin which checks for misuse of custom `Skip` annotation assignment for pydantic models", "status": "new"}, {"timestamp": 1644402029, "pkg": "pandas-vet", "version": "0.2.3", "summary": "A flake8 plugin to lint pandas in an opinionated way", "status": "updated"}, {"timestamp": 1644402029, "pkg": "flake8-intsights", "version": "0.2", "summary": "Uncompromising and opinionated flake8 plugin which follows Intsights' practices", "status": "updated"}, {"timestamp": 1644402029, "pkg": "flake8-encodings", "version": "0.5.post1", "summary": "A Flake8 plugin to identify incorrect use of encodings.", "status": "updated"}, {"timestamp": 1644488382, "pkg": "autoflake8", "version": "0.3.1", "summary": "Tool to automatically fix some issues reported by flake8 (forked from autoflake).", "status": "updated"}, {"timestamp": 1644488382, "pkg": "flake8-simplify", "version": "0.15.2", "summary": "flake8 plugin which checks for code that can be simplified", "status": "updated"}, {"timestamp": 1644488382, "pkg": "flake8-helper", "version": "0.2.1", "summary": "A helper library for Flake8 plugins.", "status": "updated"}, {"timestamp": 1644574771, "pkg": "flake8-pydantic-skip", "version": "0.1.2", "summary": "flake8 plugin which checks for misuse of custom `Skip` annotation assignment for pydantic models", "status": "updated"}, {"timestamp": 1644747572, "pkg": "flake8-simplify", "version": "0.16", "summary": "flake8 plugin which checks for code that can be simplified", "status": "updated"}, {"timestamp": 1644834074, "pkg": "flake8-simplify", "version": "0.17", "summary": "flake8 plugin which checks for code that can be simplified", "status": "updated"}, {"timestamp": 1644920385, "pkg": "flake8-pydantic-skip", "version": "0.1.4", "summary": "flake8 plugin which checks for misuse of custom `Skip` annotation assignment for pydantic models", "status": "updated"}, {"timestamp": 1645093193, "pkg": "pytest-flake8-v2", "version": "1.2", "summary": "pytest plugin to check FLAKE8 requirements", "status": "updated"}, {"timestamp": 1645093193, "pkg": "flake8-simplify", "version": "0.17.1", "summary": "flake8 plugin which checks for code that can be simplified", "status": "updated"}]