[{"timestamp": 1652264456, "pkg": "flake8-comprehensions", "version": "3.9", "summary": "A flake8 plugin to help you write better list/set/dict comprehensions.", "status": "updated"}, {"timestamp": 1652264456, "pkg": "flake8-pyi", "version": "22.5", "summary": "A plugin for flake8 to enable linting .pyi files.", "status": "updated"}, {"timestamp": 1652350854, "pkg": "flake8-jungle", "version": "1", "summary": "Plugin to lint various issues in code.", "status": "new"}, {"timestamp": 1652350854, "pkg": "flake8-tidy-imports", "version": "4.8", "summary": "A flake8 plugin that helps you write tidier imports.", "status": "updated"}, {"timestamp": 1652350854, "pkg": "flake8-no-types", "version": "1.5", "summary": "A flake8 plugin to ban type hints.", "status": "updated"}, {"timestamp": 1652350854, "pkg": "flake8-no-pep420", "version": "2.3", "summary": "A flake8 plugin to ban PEP-420 implicit namespace packages.", "status": "updated"}, {"timestamp": 1652350854, "pkg": "pytest-flake8-path", "version": "1.3", "summary": "A pytest fixture for testing flake8 plugins.", "status": "updated"}, {"timestamp": 1652350854, "pkg": "flake8-dunder-all", "version": "0.2.1", "summary": "A Flake8 plugin and pre-commit hook which checks to ensure modules have defined '__all__'.", "status": "updated"}, {"timestamp": 1652437212, "pkg": "flake8-newspaper-style", "version": "0.2.6", "summary": "Check code for newspaper style", "status": "updated"}, {"timestamp": 1652523614, "pkg": "flake8-sarif", "version": "1.0.4", "summary": "SARIF Formatting Reporter plugin for Flake8", "status": "new"}, {"timestamp": 1652523614, "pkg": "flake8-future-annotations", "version": "0.0.5", "summary": "Verifies python 3.7+ files use from __future__ import annotations", "status": "updated"}, {"timestamp": 1652523614, "pkg": "flake8-newspaper-style", "version": "0.2.7", "summary": "Check code for newspaper style", "status": "updated"}, {"timestamp": 1652610043, "pkg": "flake8-literal", "version": "1.2.1", "summary": "Flake8 string literal validation", "status": "updated"}, {"timestamp": 1652610043, "pkg": "flake8-noqa", "version": "1.2.2", "summary": "Flake8 noqa comment validation", "status": "updated"}, {"timestamp": 1652610043, "pkg": "flake8-newspaper-style", "version": "0.2.10", "summary": "Check code for newspaper style", "status": "updated"}, {"timestamp": 1652696446, "pkg": "flake8-new-union-types", "version": "0.2", "summary": "Flake8 plugin to enforce the new Union and Optional annotation syntax defined in PEP 604", "status": "new"}, {"timestamp": 1652696446, "pkg": "flake8-black", "version": "0.3.3", "summary": "flake8 plugin to call black as a code style validator", "status": "updated"}, {"timestamp": 1652696446, "pkg": "flake8-newspaper-style", "version": "0.2.11", "summary": "Check code for newspaper style", "status": "updated"}, {"timestamp": 1652696446, "pkg": "flake8-sarif", "version": "1.0.13", "summary": "SARIF Formatting Reporter plugin for Flake8", "status": "updated"}, {"timestamp": 1652782796, "pkg": "flake8-pyprojecttoml", "version": "0.0.1", "summary": "Inject pyproject.toml support into flake8.", "status": "new"}, {"timestamp": 1652782796, "pkg": "flake8-new-union-types", "version": "0.4", "summary": "Flake8 plugin to enforce the new Union and Optional annotation syntax defined in PEP 604", "status": "updated"}, {"timestamp": 1652955626, "pkg": "flake8-comprehensions", "version": "3.10", "summary": "A flake8 plugin to help you write better list/set/dict comprehensions.", "status": "updated"}, {"timestamp": 1653042015, "pkg": "flake8-pyi", "version": "22.5.1", "summary": "A plugin for flake8 to enable linting .pyi files.", "status": "updated"}, {"timestamp": 1653301245, "pkg": "flake8-init-return", "version": "1", "summary": "flake8 plugin which makes sure that __init__ functions have a return type", "status": "new"}, {"timestamp": 1653301245, "pkg": "flake8-require-beartype", "version": "0.1.1", "summary": "flake8 plugin which checks for use of @beartype decorator.", "status": "new"}, {"timestamp": 1653301245, "pkg": "flake8-codes", "version": "0.2.2", "summary": "CLI tool to introspect flake8 plugins and their codes.", "status": "updated"}, {"timestamp": 1653301245, "pkg": "flake8-sarif", "version": "1.0.15", "summary": "SARIF Formatting Reporter plugin for Flake8", "status": "updated"}, {"timestamp": 1653387591, "pkg": "flake8-secure-coding-standard", "version": "1.2.2", "summary": "Flake8 plugin adding some checks to make Python code adhere to more secure coding standard", "status": "updated"}, {"timestamp": 1653474076, "pkg": "flake8-forbidden-func", "version": "0.0.1", "summary": "An extension for flake8 that forbids some functions in some modules.", "status": "new"}, {"timestamp": 1653474076, "pkg": "flake8-jungle", "version": "1.0.3", "summary": "Plugin to lint various issues in code.", "status": "updated"}, {"timestamp": 1653819597, "pkg": "flake8-newspaper-style", "version": "0.3", "summary": "Check code for newspaper style", "status": "updated"}, {"timestamp": 1653906032, "pkg": "flake8-new-union-types", "version": "0.4.1", "summary": "Flake8 plugin to enforce the new Union and Optional annotation syntax defined in PEP 604", "status": "updated"}, {"timestamp": 1654078870, "pkg": "flake8-pep604", "version": "1", "summary": "flake8 plugin to enforce use of `|` over `typing.Union`", "status": "updated"}, {"timestamp": 1654165228, "pkg": "flake8-secure-coding-standard", "version": "1.3", "summary": "Flake8 plugin adding some checks to make Python code adhere to more secure coding standard", "status": "updated"}, {"timestamp": 1654251607, "pkg": "pep8-naming", "version": "0.13", "summary": "Check PEP-8 naming conventions, plugin for flake8", "status": "updated"}, {"timestamp": 1654337977, "pkg": "flake8-forbidden-func", "version": "0.0.2", "summary": "An extension for flake8 that forbids some functions in some modules.", "status": "updated"}, {"timestamp": 1654597252, "pkg": "flake8-complicated-walrus", "version": "2", "summary": "This Flake8 plugin for checking complicated assignment expressions.", "status": "new"}, {"timestamp": 1654597252, "pkg": "flake8-requirements", "version": "1.5.4", "summary": "Package requirements checker, plugin for flake8", "status": "updated"}, {"timestamp": 1654597252, "pkg": "flake8-django-migrations", "version": "0.2.1", "summary": "Flake8 plugin to lint for backwards incompatible database migrations", "status": "updated"}, {"timestamp": 1654683645, "pkg": "flake8-rst-docstrings", "version": "0.2.6", "summary": "Python docstring reStructuredText (RST) validator", "status": "updated"}, {"timestamp": 1654683645, "pkg": "types-flake8-rst-docstrings", "version": "0.2.2", "summary": "Typing stubs for flake8-rst-docstrings", "status": "updated"}, {"timestamp": 1654770034, "pkg": "flake8-isolated-packages", "version": "2", "summary": "This Flake8 plugin is for checking imports isolations.", "status": "updated"}, {"timestamp": 1655029175, "pkg": "flake8-postponed-annotations", "version": "1.1", "summary": "Flake8 postponed annotations validation", "status": "new"}, {"timestamp": 1655029175, "pkg": "flake8-boolean-trap", "version": "0.1", "summary": "flake8 plugin which forbids boolean positional arguments", "status": "new"}, {"timestamp": 1655202028, "pkg": "flake8-noqa", "version": "1.2.3", "summary": "Flake8 noqa comment validation", "status": "updated"}, {"timestamp": 1655202028, "pkg": "types-flake8-simplify", "version": "0.19", "summary": "Typing stubs for flake8-simplify", "status": "updated"}, {"timestamp": 1655288427, "pkg": "types-flake8-plugin-utils", "version": "1.3.7", "summary": "Typing stubs for flake8-plugin-utils", "status": "updated"}, {"timestamp": 1655288427, "pkg": "flake8-requirements", "version": "1.5.5", "summary": "Package requirements checker, plugin for flake8", "status": "updated"}, {"timestamp": 1655288427, "pkg": "flake8-noqa", "version": "1.2.5", "summary": "Flake8 noqa comment validation", "status": "updated"}, {"timestamp": 1655288427, "pkg": "flake8-forbidden-func", "version": "0.0.4", "summary": "An extension for flake8 that forbids some functions in some modules.", "status": "updated"}]