[{"timestamp": 1672827649, "pkg": "flake8-error-link", "version": "1.2.4", "summary": "A linter that ensures all raised Exceptions include an error with a link to more information", "status": "updated"}, {"timestamp": 1672827649, "pkg": "flake8-docstrings-complete", "version": "1.0.2", "summary": "A linter that checks docstrings are complete", "status": "updated"}, {"timestamp": 1672914012, "pkg": "flake8-empty-init-modules", "version": "1.0.1", "summary": "flake8 plugin that checks for code in `__init__.py` modules", "status": "new"}, {"timestamp": 1672914012, "pkg": "flake8-pydocstyle", "version": "0.2.1", "summary": "flake8 plugin that integrates pydocstyle", "status": "updated"}, {"timestamp": 1672914012, "pkg": "flake8-docstrings-complete", "version": "1.0.3", "summary": "A linter that checks docstrings are complete", "status": "updated"}, {"timestamp": 1673000412, "pkg": "flake8-iw", "version": "0.0.15", "summary": "A plugin to show lint errors for IW", "status": "updated"}, {"timestamp": 1673000412, "pkg": "autohooks-plugin-flake8", "version": "23.1", "summary": "An autohooks plugin for python code linting via flake8.", "status": "updated"}, {"timestamp": 1673173190, "pkg": "flake8-property", "version": "0.0.0.1", "summary": "flake8_property", "status": "new"}, {"timestamp": 1673346040, "pkg": "flake8-to-ruff", "version": "0.0.216.dev0", "summary": "Convert existing Flake8 configuration to Ruff.", "status": "updated"}, {"timestamp": 1673518834, "pkg": "flake8-wagtail-no-serve", "version": "0.1.2", "summary": "Flake8 plugin that enforces not creating custom serve methods in inheritors from Wagtail's Page model", "status": "new"}, {"timestamp": 1673518834, "pkg": "flake8-requirements", "version": "1.7.6", "summary": "Package requirements checker, plugin for flake8", "status": "updated"}, {"timestamp": 1673691619, "pkg": "flake8-mock-spec", "version": "1.2", "summary": "A linter that checks mocks are constructed with the spec argument", "status": "new"}, {"timestamp": 1673691619, "pkg": "flake8-docstrings-complete", "version": "1.0.4", "summary": "A linter that checks docstrings are complete", "status": "updated"}, {"timestamp": 1673691619, "pkg": "flake8-bas", "version": "0.1.1", "summary": "Flake8 extension that checks for blank lines around (compound) statements.", "status": "updated"}, {"timestamp": 1673691619, "pkg": "flake8-flask-openapi-docstring", "version": "0.1.2", "summary": "A Flake8 plugin to enforce OpenAPI docstrings in Flask routes", "status": "updated"}, {"timestamp": 1673778026, "pkg": "flake8-bugbear", "version": "23.1.14", "summary": "A plugin for flake8 finding likely bugs and design problems in your program. Contains warnings that don't belong in pyflakes and pycodestyle.", "status": "updated"}, {"timestamp": 1673778026, "pkg": "flake8-mock-spec", "version": "1.4", "summary": "A linter that checks mocks are constructed with the spec argument", "status": "updated"}, {"timestamp": 1673778026, "pkg": "types-flake8-bugbear", "version": "23.1.14", "summary": "Typing stubs for flake8-bugbear", "status": "updated"}, {"timestamp": 1673950838, "pkg": "flake8-simple-string-first-arg", "version": "0.1.2", "summary": "This Flake8 plugin for checking that first param of callable is simple string.", "status": "new"}, {"timestamp": 1673950838, "pkg": "flake8-in-file-ignores", "version": "0.2.2", "summary": "file-level per-file-ignores for flake8", "status": "updated"}, {"timestamp": 1673950838, "pkg": "flake8-pyi", "version": "23.1", "summary": "A plugin for flake8 to enable linting .pyi stub files.", "status": "updated"}, {"timestamp": 1674037256, "pkg": "flake8-bugbear", "version": "23.1.17", "summary": "A plugin for flake8 finding likely bugs and design problems in your program. Contains warnings that don't belong in pyflakes and pycodestyle.", "status": "updated"}, {"timestamp": 1674123632, "pkg": "ignore-flake8-error", "version": "0.1", "summary": "add `noqa` comments to ignore every occurrence of a flake8 error", "status": "new"}, {"timestamp": 1674123632, "pkg": "types-flake8-bugbear", "version": "23.1.17", "summary": "Typing stubs for flake8-bugbear", "status": "updated"}, {"timestamp": 1674296385, "pkg": "flake8-debug", "version": "0.2", "summary": "Flake8 plugin to forbid debug function usage", "status": "updated"}, {"timestamp": 1674296385, "pkg": "flake8-bugbear", "version": "23.1.20", "summary": "A plugin for flake8 finding likely bugs and design problems in your program. Contains warnings that don't belong in pyflakes and pycodestyle.", "status": "updated"}, {"timestamp": 1674296385, "pkg": "types-flake8-bugbear", "version": "23.1.20", "summary": "Typing stubs for flake8-bugbear", "status": "updated"}, {"timestamp": 1674469219, "pkg": "flake8-future-annotations", "version": "1.1", "summary": "Verifies python 3.7+ files use from __future__ import annotations", "status": "updated"}, {"timestamp": 1674469219, "pkg": "flake8-executable", "version": "2.1.3", "summary": "A Flake8 plugin for checking executable permissions and shebangs.", "status": "updated"}, {"timestamp": 1674469219, "pkg": "flake8-annotations", "version": "3", "summary": "Flake8 Type Annotation Checks", "status": "updated"}, {"timestamp": 1674469219, "pkg": "flake8-gl-codeclimate", "version": "0.2.1", "summary": "Gitlab Code Quality artifact Flake8 formatter.", "status": "updated"}, {"timestamp": 1674555644, "pkg": "flake8-docstring-checker", "version": "1.2", "summary": "A simple flake8 plugin that checks if everything has a docstring", "status": "updated"}, {"timestamp": 1674642053, "pkg": "flake8-to-ruff", "version": "0.0.233", "summary": "Convert existing Flake8 configuration to Ruff.", "status": "updated"}, {"timestamp": 1674728407, "pkg": "flake8-docstrings-complete", "version": "1.1", "summary": "A linter that checks docstrings are complete", "status": "updated"}, {"timestamp": 1674728407, "pkg": "types-flake8-docstrings", "version": "1.7", "summary": "Typing stubs for flake8-docstrings", "status": "updated"}, {"timestamp": 1674728407, "pkg": "flake8-docstrings", "version": "1.7", "summary": "Extension for flake8 which uses pydocstyle to check docstrings", "status": "updated"}, {"timestamp": 1674814849, "pkg": "flake8-fastapi-route-case", "version": "0.1", "summary": "Flake8 extension to check FastAPI routes all use the same case", "status": "new"}, {"timestamp": 1674814849, "pkg": "flake8-bas", "version": "0.1.2", "summary": "Flake8 extension that checks for blank lines around (compound) statements.", "status": "updated"}, {"timestamp": 1674901222, "pkg": "flake8-no-debug-vars", "version": "0.1", "summary": "A flake8 plugin to ban variables test or debug to be True", "status": "new"}, {"timestamp": 1674987608, "pkg": "flake8-pyi", "version": "23.1.1", "summary": "A plugin for flake8 to enable linting .pyi stub files.", "status": "updated"}, {"timestamp": 1675160402, "pkg": "flake8-get-chaining", "version": "0.1", "summary": "A plugin for flake8 finding likely bugs when chaining dict.get calls", "status": "new"}, {"timestamp": 1675160402, "pkg": "flake8-tensors", "version": "0.3", "summary": "flake8_tensors - flake8 plugin for deep learning codes", "status": "updated"}, {"timestamp": 1675246860, "pkg": "flake8-useless-assert", "version": "0.4.4", "summary": "flake8 plugin to catch useless `assert` statements", "status": "updated"}, {"timestamp": 1675246860, "pkg": "flake8-get-chaining", "version": "0.2", "summary": "A plugin for flake8 finding likely bugs when chaining dict.get calls", "status": "updated"}, {"timestamp": 1675246860, "pkg": "flake8-pyi", "version": "23.1.2", "summary": "A plugin for flake8 to enable linting .pyi stub files.", "status": "updated"}, {"timestamp": 1675333229, "pkg": "flake8-tensors", "version": "0.3.1", "summary": "flake8_tensors - flake8 plugin for deep learning codes", "status": "updated"}, {"timestamp": 1675419663, "pkg": "flake8-pydocstyle", "version": "0.2.2", "summary": "flake8 plugin that integrates pydocstyle", "status": "updated"}, {"timestamp": 1675506002, "pkg": "flake8-import-conventions", "version": "0.0.1", "summary": "An opinionated plugin for Flake8 on how certain packages should be imported or aliased.", "status": "new"}, {"timestamp": 1675506002, "pkg": "flake8-requirements", "version": "1.7.7", "summary": "Package requirements checker, plugin for flake8", "status": "updated"}, {"timestamp": 1675592426, "pkg": "flake8-unused-arguments", "version": "0.0.13", "summary": "flake8 extension to warn on unused function arguments", "status": "updated"}]