[{"timestamp": 1638873247, "pkg": "types-flake8-simplify", "version": "0.14.1", "summary": "Typing stubs for flake8-simplify", "status": "updated"}, {"timestamp": 1639132342, "pkg": "types-flake8-bugbear", "version": "21.11.29", "summary": "Typing stubs for flake8-bugbear", "status": "new"}, {"timestamp": 1639132342, "pkg": "flake8-rst-docstrings", "version": "0.2.4", "summary": "Python docstring reStructuredText (RST) validator", "status": "updated"}, {"timestamp": 1639218660, "pkg": "flake8-rst-docstrings", "version": "0.2.5", "summary": "Python docstring reStructuredText (RST) validator", "status": "updated"}, {"timestamp": 1639305067, "pkg": "types-flake8-2020", "version": "1.6", "summary": "Typing stubs for flake8-2020", "status": "new"}, {"timestamp": 1639305067, "pkg": "types-flake8-typing-imports", "version": "1.11", "summary": "Typing stubs for flake8-typing-imports", "status": "new"}, {"timestamp": 1639391549, "pkg": "flake8-functions-names", "version": "0.3", "summary": "An extension for flake8 that validates functions names, decomposition and conformity with annotations.", "status": "updated"}, {"timestamp": 1639477936, "pkg": "types-flake8-plugin-utils", "version": "1.3", "summary": "Typing stubs for flake8-plugin-utils", "status": "new"}, {"timestamp": 1639477936, "pkg": "flake8-idom-hooks", "version": "0.5", "summary": "Flake8 plugin to enforce the rules of hooks for IDOM", "status": "updated"}, {"timestamp": 1639477936, "pkg": "wemake-python-styleguide", "version": "0.16", "summary": "The strictest and most opinionated python linter ever", "status": "updated"}, {"timestamp": 1639564323, "pkg": "flake8-useless-assert", "version": "0.4.3", "summary": "flake8 plugin to catch useless `assert` statements", "status": "updated"}, {"timestamp": 1639650634, "pkg": "flake8-no-implicit-concat", "version": "0.3.3", "summary": "Flake8 plugin that forbids implicit str/bytes literal concatenations", "status": "updated"}, {"timestamp": 1639650634, "pkg": "flake8-typing-imports", "version": "1.12", "summary": "flake8 plugin which checks that typing imports are properly guarded", "status": "updated"}, {"timestamp": 1640255554, "pkg": "flake8-isolated-packages", "version": "1.0.2", "summary": "This Flake8 plugin is for checking imports isolations.", "status": "updated"}, {"timestamp": 1640255554, "pkg": "flake8-pytest-style", "version": "1.6", "summary": "A flake8 plugin checking common style issues or inconsistencies with pytest-based tests.", "status": "updated"}, {"timestamp": 1640341187, "pkg": "flake8-ls", "version": "1.3", "summary": "super fast flake8 language server", "status": "new"}, {"timestamp": 1640341187, "pkg": "flake8-exact-pin", "version": "0.1", "summary": "A flake8 extension that checks for exact pins (e.q.: `foo==1.5.6`) in setup.py", "status": "updated"}, {"timestamp": 1640600393, "pkg": "flake8-ls", "version": "1.4", "summary": "super fast flake8 language server", "status": "updated"}, {"timestamp": 1640686786, "pkg": "flake8-ls", "version": "1.5", "summary": "super fast flake8 language server", "status": "updated"}, {"timestamp": 1640773162, "pkg": "types-flake8-plugin-utils", "version": "1.3.1", "summary": "Typing stubs for flake8-plugin-utils", "status": "updated"}, {"timestamp": 1640945985, "pkg": "flake8-assertive", "version": "2", "summary": "Flake8 unittest assert method checker", "status": "updated"}, {"timestamp": 1640945985, "pkg": "flake8-author", "version": "2", "summary": "Flake8 __author__ checker", "status": "updated"}, {"timestamp": 1641032368, "pkg": "tryceratops", "version": "1.0.1", "summary": "A linter to manage your exception like a PRO!", "status": "updated"}, {"timestamp": 1641118776, "pkg": "flake8-aaa", "version": "0.12.1", "summary": "A Flake8 plugin that checks Python tests follow the Arrange-Act-Assert pattern", "status": "updated"}, {"timestamp": 1641205198, "pkg": "flake8-aaa", "version": "0.12.2", "summary": "A Flake8 plugin that checks Python tests follow the Arrange-Act-Assert pattern", "status": "updated"}, {"timestamp": 1641205198, "pkg": "flake8-type-checking", "version": "1.1.2", "summary": "A flake8 plugin for managing type-checking imports & forward references", "status": "updated"}, {"timestamp": 1641377964, "pkg": "flake8-type-checking", "version": "1.2", "summary": "A flake8 plugin for managing type-checking imports & forward references", "status": "updated"}, {"timestamp": 1641464380, "pkg": "pytest-flake8-v2", "version": "1.1", "summary": "pytest plugin to check FLAKE8 requirements", "status": "new"}, {"timestamp": 1641637177, "pkg": "types-flake8-2020", "version": "1.6.1", "summary": "Typing stubs for flake8-2020", "status": "updated"}, {"timestamp": 1641637177, "pkg": "flake8-too-many", "version": "0.1.3", "summary": "A flake8 plugin that prevents you from writing \"too many\" bad codes.", "status": "updated"}, {"timestamp": 1641637177, "pkg": "types-flake8-docstrings", "version": "1.6.1", "summary": "Typing stubs for flake8-docstrings", "status": "updated"}, {"timestamp": 1641637177, "pkg": "types-flake8-bugbear", "version": "21.11.29.1", "summary": "Typing stubs for flake8-bugbear", "status": "updated"}, {"timestamp": 1641637177, "pkg": "types-flake8-builtins", "version": "1.5.2", "summary": "Typing stubs for flake8-builtins", "status": "updated"}, {"timestamp": 1641637177, "pkg": "types-flake8-plugin-utils", "version": "1.3.2", "summary": "Typing stubs for flake8-plugin-utils", "status": "updated"}, {"timestamp": 1641637177, "pkg": "types-flake8-typing-imports", "version": "1.11.1", "summary": "Typing stubs for flake8-typing-imports", "status": "updated"}, {"timestamp": 1641637177, "pkg": "types-flake8-simplify", "version": "0.14.2", "summary": "Typing stubs for flake8-simplify", "status": "updated"}, {"timestamp": 1641723597, "pkg": "types-flake8-docstrings", "version": "1.6.2", "summary": "Typing stubs for flake8-docstrings", "status": "updated"}, {"timestamp": 1641723597, "pkg": "types-flake8-typing-imports", "version": "1.11.2", "summary": "Typing stubs for flake8-typing-imports", "status": "updated"}, {"timestamp": 1641723597, "pkg": "types-flake8-2020", "version": "1.6.2", "summary": "Typing stubs for flake8-2020", "status": "updated"}, {"timestamp": 1641723597, "pkg": "types-flake8-builtins", "version": "1.5.3", "summary": "Typing stubs for flake8-builtins", "status": "updated"}, {"timestamp": 1641723597, "pkg": "types-flake8-plugin-utils", "version": "1.3.3", "summary": "Typing stubs for flake8-plugin-utils", "status": "updated"}, {"timestamp": 1641723597, "pkg": "types-flake8-simplify", "version": "0.14.3", "summary": "Typing stubs for flake8-simplify", "status": "updated"}, {"timestamp": 1641723597, "pkg": "flake8-too-many", "version": "0.1.4", "summary": "A flake8 plugin that prevents you from writing \"too many\" bad codes.", "status": "updated"}, {"timestamp": 1641810010, "pkg": "flake8-simplify", "version": "0.14.5", "summary": "flake8 plugin which checks for code that can be simplified", "status": "updated"}, {"timestamp": 1641896407, "pkg": "flake8-comprehensions", "version": "3.8", "summary": "A flake8 plugin to help you write better list/set/dict comprehensions.", "status": "updated"}, {"timestamp": 1641896407, "pkg": "flake8-no-pep420", "version": "2.1", "summary": "A flake8 plugin to ban PEP-420 implicit namespace packages.", "status": "updated"}, {"timestamp": 1641896407, "pkg": "flake8-no-types", "version": "1.4", "summary": "A flake8 plugin to ban type hints.", "status": "updated"}, {"timestamp": 1641896407, "pkg": "flake8-tidy-imports", "version": "4.6", "summary": "A flake8 plugin that helps you write tidier imports.", "status": "updated"}, {"timestamp": 1641896407, "pkg": "flake8-ls", "version": "1.7", "summary": "super fast flake8 language server", "status": "updated"}, {"timestamp": 1641896407, "pkg": "pytest-flake8-path", "version": "1.2", "summary": "A pytest fixture for testing flake8 plugins.", "status": "updated"}, {"timestamp": 1641982790, "pkg": "flake8-bugbear", "version": "22.1.11", "summary": "A plugin for flake8 finding likely bugs and design problems in your program. Contains warnings that don't belong in pyflakes and pycodestyle.", "status": "updated"}, {"timestamp": 1641982790, "pkg": "flake8-ls", "version": "1.8", "summary": "super fast flake8 language server", "status": "updated"}]