[{"timestamp": 1699611567, "pkg": "flake8-zale", "version": "0.1.post2", "summary": "Indentation checker for flake8", "status": "new"}, {"timestamp": 1699957266, "pkg": "flake8-zale", "version": "0.1.post3", "summary": "Indentation checker for flake8", "status": "updated"}, {"timestamp": 1700043624, "pkg": "flake8-prometheus-metrics-name", "version": "0.1.12", "summary": "Flake8 plugin for prometheus metric name validation", "status": "updated"}, {"timestamp": 1700129994, "pkg": "flake8-iw", "version": "0.0.23", "summary": "A plugin to show lint errors for IW", "status": "updated"}, {"timestamp": 1700216377, "pkg": "flake8-iw", "version": "0.0.26", "summary": "A plugin to show lint errors for IW", "status": "updated"}, {"timestamp": 1700475587, "pkg": "flake8-x-quotes", "version": "0.0.2", "summary": "Flake8 lint for quotes.", "status": "new"}, {"timestamp": 1700562041, "pkg": "flake8-encodings", "version": "0.5.1", "summary": "A Flake8 plugin to identify incorrect use of encodings.", "status": "updated"}, {"timestamp": 1700734770, "pkg": "flake8-sphinx-links", "version": "0.2.2", "summary": "A Flake8 plugin to check docstrings for double backticked strings which should be links to the Python documentation.", "status": "updated"}, {"timestamp": 1700734770, "pkg": "flake8-prettycount", "version": "0.1.2", "summary": "Wrapper around flake8 providing a formatted count at the end.", "status": "updated"}, {"timestamp": 1700734770, "pkg": "flake8-strftime", "version": "0.3.4", "summary": "A flake8 plugin which checks for use of platform specific strftime codes.", "status": "updated"}, {"timestamp": 1700734770, "pkg": "flake8-helper", "version": "0.2.2", "summary": "A helper library for Flake8 plugins.", "status": "updated"}, {"timestamp": 1700734770, "pkg": "flake8-dunder-all", "version": "0.3.1", "summary": "A Flake8 plugin and pre-commit hook which checks to ensure modules have defined '__all__'.", "status": "updated"}, {"timestamp": 1700734770, "pkg": "flake8-slots", "version": "0.1.6", "summary": "A Flake8 plugin to require __slots__ to be defined for subclasses of immutable types.", "status": "updated"}, {"timestamp": 1700993967, "pkg": "flake8-type-checking", "version": "2.6", "summary": "A flake8 plugin for managing type-checking imports & forward references", "status": "updated"}, {"timestamp": 1701080391, "pkg": "flake8-bugbear", "version": "23.11.26", "summary": "A plugin for flake8 finding likely bugs and design problems in your program. Contains warnings that don't belong in pyflakes and pycodestyle.", "status": "updated"}, {"timestamp": 1701166787, "pkg": "types-flake8-bugbear", "version": "23.11.26", "summary": "Typing stubs for flake8-bugbear", "status": "updated"}, {"timestamp": 1701253188, "pkg": "flake8-docstrings-complete", "version": "1.3", "summary": "A linter that checks docstrings are complete", "status": "updated"}, {"timestamp": 1701253188, "pkg": "flake8-bugbear", "version": "23.11.28", "summary": "A plugin for flake8 finding likely bugs and design problems in your program. Contains warnings that don't belong in pyflakes and pycodestyle.", "status": "updated"}, {"timestamp": 1701339612, "pkg": "flake8-type-checking", "version": "2.7", "summary": "A flake8 plugin for managing type-checking imports & forward references", "status": "updated"}, {"timestamp": 1701339612, "pkg": "types-flake8-bugbear", "version": "23.11.28", "summary": "Typing stubs for flake8-bugbear", "status": "updated"}, {"timestamp": 1701598748, "pkg": "types-flake8-bugbear", "version": "23.12.2", "summary": "Typing stubs for flake8-bugbear", "status": "updated"}, {"timestamp": 1701598748, "pkg": "flake8-bugbear", "version": "23.12.2", "summary": "A plugin for flake8 finding likely bugs and design problems in your program. Contains warnings that don't belong in pyflakes and pycodestyle.", "status": "updated"}, {"timestamp": 1702030819, "pkg": "flake8-type-checking", "version": "2.8", "summary": "A flake8 plugin for managing type-checking imports & forward references", "status": "updated"}, {"timestamp": 1702117175, "pkg": "hacking", "version": "6.1", "summary": "OpenStack Hacking Guideline Enforcement", "status": "updated"}, {"timestamp": 1702203591, "pkg": "flake8-ejudge", "version": "0.5.5", "summary": "\u041f\u0440\u043e\u0432\u0435\u0440\u043a\u0430 \u0441\u0442\u0438\u043b\u044f \u0438 \u0442\u0440\u0435\u0431\u043e\u0432\u0430\u043d\u0438\u0439 \u043a \u0438\u0441\u043f\u043e\u043b\u044c\u0437\u0443\u0435\u043c\u043e\u043c\u0443 \u0441\u0438\u043d\u0442\u0430\u043a\u0441\u0438\u0441\u0443 \u0432 python \u043a\u043e\u0434\u0435 \u0434\u043b\u044f ejudge", "status": "updated"}, {"timestamp": 1702376398, "pkg": "flake8-balanced-wrapping", "version": "0.1.7", "summary": "A flake8 plugin that helps you wrap code with visual balance.", "status": "updated"}, {"timestamp": 1702894814, "pkg": "flake8-github", "version": "1.1", "summary": "Flake8 formatter for GitHub Actions", "status": "updated"}, {"timestamp": 1703067579, "pkg": "flake8-unused-fixtures", "version": "0.3.2", "summary": "Warn about unnecessary fixtures in tests' definition.", "status": "updated"}, {"timestamp": 1704104404, "pkg": "nitpick", "version": "0.35", "summary": "Enforce the same settings across multiple language-independent projects", "status": "updated"}, {"timestamp": 1704449990, "pkg": "flake8", "version": "7", "summary": "the modular source code checker: pep8 pyflakes and co", "status": "updated"}, {"timestamp": 1704449990, "pkg": "pyflakes", "version": "3.2", "summary": "passive checker of Python programs", "status": "updated"}, {"timestamp": 1704536369, "pkg": "flake8-pyi", "version": "24.1", "summary": "A plugin for flake8 to enable linting .pyi stub files.", "status": "updated"}, {"timestamp": 1704536369, "pkg": "flake8-modern-annotations", "version": "1.6", "summary": "Flake8 modern annotations validation", "status": "updated"}, {"timestamp": 1704536369, "pkg": "flake8-literal", "version": "1.4", "summary": "Flake8 string literal validation", "status": "updated"}, {"timestamp": 1704536369, "pkg": "flake8-keyword-params", "version": "1.2", "summary": "Flake8 keyword parameter validation", "status": "updated"}, {"timestamp": 1704622802, "pkg": "ignore-flake8-error", "version": "0.2.1", "summary": "add `noqa` comments to ignore every occurrence of a flake8 error", "status": "updated"}, {"timestamp": 1704709243, "pkg": "flake8-noqa", "version": "1.4", "summary": "Flake8 noqa comment validation", "status": "updated"}, {"timestamp": 1704709243, "pkg": "flake8-secure-coding-standard", "version": "1.4.1", "summary": "Flake8 plugin adding some checks to make Python code adhere to more secure coding standard", "status": "updated"}, {"timestamp": 1704795585, "pkg": "flake8-picky-parentheses", "version": "0.5.4", "summary": "flake8 plugin to nitpick about parenthesis, brackets, and braces", "status": "updated"}, {"timestamp": 1704881981, "pkg": "flake8-self-documenting-f-strings", "version": "0.1.2", "summary": "flake8 plugin to run pycodecheck but ignore their incorrect self-documenting f-string errors in Python 3.12", "status": "new"}, {"timestamp": 1704968385, "pkg": "flake8-restrict-imports", "version": "0.1.1", "summary": "Flake8 plugin for restricting unwanted imports in a module.", "status": "new"}, {"timestamp": 1704968385, "pkg": "flake8-enforce-kwargs", "version": "0.1.1", "summary": "Flake8 plugin for enforcing kwargs only argument definition.", "status": "new"}, {"timestamp": 1704968385, "pkg": "flake8-enforce-type-annotations", "version": "0.1.1", "summary": "Flake8 plugin for enforcing type annotations.", "status": "new"}, {"timestamp": 1704968385, "pkg": "flake8-prometheus-metrics-name", "version": "0.1.13", "summary": "Flake8 plugin for prometheus metric name validation", "status": "updated"}, {"timestamp": 1705141184, "pkg": "flake8-zale", "version": "0.2.1", "summary": "Indentation checker for flake8", "status": "updated"}, {"timestamp": 1705400433, "pkg": "flake8-bugbear", "version": "24.1.15", "summary": "A plugin for flake8 finding likely bugs and design problems in your program. Contains warnings that don't belong in pyflakes and pycodestyle.", "status": "updated"}, {"timestamp": 1705486833, "pkg": "flake8-header-validator", "version": "0.0.3", "summary": "Check if python file contain copyright text", "status": "new"}, {"timestamp": 1705486833, "pkg": "flake8-bugbear", "version": "24.1.16", "summary": "A plugin for flake8 finding likely bugs and design problems in your program. Contains warnings that don't belong in pyflakes and pycodestyle.", "status": "updated"}, {"timestamp": 1705486833, "pkg": "flake8-profiles", "version": "0.2", "summary": "profiles for flake8", "status": "updated"}, {"timestamp": 1705573199, "pkg": "flake8-bugbear", "version": "24.1.17", "summary": "A plugin for flake8 finding likely bugs and design problems in your program. Contains warnings that don't belong in pyflakes and pycodestyle.", "status": "updated"}, {"timestamp": 1706091594, "pkg": "flake8-logging", "version": "1.5", "summary": "A Flake8 plugin that checks for issues using the standard library logging module.", "status": "updated"}]