[{"timestamp": 1628937027, "pkg": "flake8-comprehensions", "version": "3.6", "summary": "A flake8 plugin to help you write better list/set/dict comprehensions.", "status": "updated"}, {"timestamp": 1629109906, "pkg": "flake8-too-many", "version": "0.1.1", "summary": "A flake8 plugin that prevents you from writing \"too many\" bad codes.", "status": "updated"}, {"timestamp": 1629109906, "pkg": "flake8-comprehensions", "version": "3.6.1", "summary": "A flake8 plugin to help you write better list/set/dict comprehensions.", "status": "updated"}, {"timestamp": 1629282673, "pkg": "flake8-no-pep420", "version": "1.1.1", "summary": "A flake8 plugin to ban PEP-420 implicit namespace packages.", "status": "updated"}, {"timestamp": 1629282673, "pkg": "sentry-flake8", "version": "2", "summary": "Sentry's custom flake8 checker plugin.", "status": "updated"}, {"timestamp": 1629628199, "pkg": "flake8-required-keyword-arguments", "version": "0.1", "summary": "flake8 plugin to check for for the presense of missing required keyword arguments", "status": "new"}, {"timestamp": 1629714686, "pkg": "flake8-quotes", "version": "3.3", "summary": "Flake8 lint for quotes.", "status": "updated"}, {"timestamp": 1630492285, "pkg": "flake8-length", "version": "0.2", "summary": "Flake8 plugin for a smart line length validation.", "status": "updated"}, {"timestamp": 1630578695, "pkg": "flake8-pie", "version": "0.15", "summary": "A flake8 extension that implements misc. lints", "status": "updated"}, {"timestamp": 1630837800, "pkg": "autoflake8", "version": "0.1.1", "summary": "Tool to automatically fix some issues reported by flake8 (forked from autoflake).", "status": "new"}, {"timestamp": 1630924340, "pkg": "autoflake8", "version": "0.2", "summary": "Tool to automatically fix some issues reported by flake8 (forked from autoflake).", "status": "updated"}, {"timestamp": 1631010681, "pkg": "autoflake8", "version": "0.2.1", "summary": "Tool to automatically fix some issues reported by flake8 (forked from autoflake).", "status": "updated"}, {"timestamp": 1631529092, "pkg": "flake8-bugbear", "version": "21.9.1", "summary": "A plugin for flake8 finding likely bugs and design problems in your program. Contains warnings that don't belong in pyflakes and pycodestyle.", "status": "updated"}, {"timestamp": 1631529092, "pkg": "tryceratops", "version": "0.6", "summary": "A linter to manage your exception like a PRO!", "status": "updated"}, {"timestamp": 1631961010, "pkg": "jupyterlab-flake8", "version": "0.7.1", "summary": "jupyterlab extension to lint python code in the notebook and text editor", "status": "new"}, {"timestamp": 1631961010, "pkg": "flake8-too-many", "version": "0.1.2", "summary": "A flake8 plugin that prevents you from writing \"too many\" bad codes.", "status": "updated"}, {"timestamp": 1632133876, "pkg": "flake8-no-implicit-concat", "version": "0.1.5", "summary": "Flake8 plugin that forbids implicit string literal concatenations", "status": "updated"}, {"timestamp": 1632133876, "pkg": "flake8-simplify", "version": "0.14.2", "summary": "flake8 plugin which checks for code that can be simplified", "status": "updated"}, {"timestamp": 1632306626, "pkg": "flake8-formatter-vscode", "version": "0.0.1", "summary": "Flake8 formatter.", "status": "new"}, {"timestamp": 1632997855, "pkg": "flake8-bugbear", "version": "21.9.2", "summary": "A plugin for flake8 finding likely bugs and design problems in your program. Contains warnings that don't belong in pyflakes and pycodestyle.", "status": "updated"}, {"timestamp": 1633084250, "pkg": "flake8-no-implicit-concat", "version": "0.2", "summary": "Flake8 plugin that forbids implicit string literal concatenations", "status": "updated"}, {"timestamp": 1633257024, "pkg": "flake8-type-ignore", "version": "0.1.post2", "summary": "flake8-type-ignore allows you to disallow type: ignore comments in your typed Python code.", "status": "new"}, {"timestamp": 1633429871, "pkg": "flake8-typing-imports", "version": "1.11", "summary": "flake8 plugin which checks that typing imports are properly guarded", "status": "updated"}, {"timestamp": 1633602680, "pkg": "pyflakes", "version": "2.4", "summary": "passive checker of Python programs", "status": "updated"}, {"timestamp": 1633602680, "pkg": "flake8-no-implicit-concat", "version": "0.2.1", "summary": "Flake8 plugin that forbids implicit string literal concatenations", "status": "updated"}, {"timestamp": 1633602680, "pkg": "autoflake8", "version": "0.2.2", "summary": "Tool to automatically fix some issues reported by flake8 (forked from autoflake).", "status": "updated"}, {"timestamp": 1633689046, "pkg": "flake8-qgis", "version": "1", "summary": "Flake8 plugin for QGIS python plugins.", "status": "updated"}, {"timestamp": 1633948295, "pkg": "flake8-no-implicit-concat", "version": "0.3", "summary": "Flake8 plugin that forbids implicit str/bytes literal concatenations", "status": "updated"}, {"timestamp": 1633948295, "pkg": "flake8", "version": "4", "summary": "the modular source code checker: pep8 pyflakes and co", "status": "updated"}, {"timestamp": 1633948295, "pkg": "pycodestyle", "version": "2.8", "summary": "Python style guide checker", "status": "updated"}, {"timestamp": 1634034664, "pkg": "flake8-comprehensions", "version": "3.7", "summary": "A flake8 plugin to help you write better list/set/dict comprehensions.", "status": "updated"}, {"timestamp": 1634034664, "pkg": "flake8-tidy-imports", "version": "4.5", "summary": "A flake8 plugin that helps you write tidier imports.", "status": "updated"}, {"timestamp": 1634034664, "pkg": "flake8-annotations", "version": "2.7", "summary": "Flake8 Type Annotation Checks", "status": "updated"}, {"timestamp": 1634034664, "pkg": "flake8", "version": "4.0.1", "summary": "the modular source code checker: pep8 pyflakes and co", "status": "updated"}, {"timestamp": 1634034664, "pkg": "flake8-noqa", "version": "1.2", "summary": "Flake8 noqa comment validation", "status": "updated"}, {"timestamp": 1634034664, "pkg": "flake8-no-pep420", "version": "1.2", "summary": "A flake8 plugin to ban PEP-420 implicit namespace packages.", "status": "updated"}, {"timestamp": 1634034664, "pkg": "flake8-literal", "version": "1.2", "summary": "Flake8 string literal validation", "status": "updated"}, {"timestamp": 1634034664, "pkg": "flake8-no-types", "version": "1.3", "summary": "A flake8 plugin to ban type hints.", "status": "updated"}, {"timestamp": 1634121055, "pkg": "flake8-tuple-trailing-commas", "version": "0.1.4", "summary": "flake8 plugin for enforcing few rules", "status": "updated"}, {"timestamp": 1634207477, "pkg": "flake8-docstring-checker", "version": "1", "summary": "A simple flake8 plugin that checks if everything has a docstring", "status": "new"}, {"timestamp": 1634207477, "pkg": "flake8-commas", "version": "2.1", "summary": "Flake8 lint for trailing commas.", "status": "updated"}, {"timestamp": 1634293855, "pkg": "flake8-no-implicit-concat", "version": "0.3.1", "summary": "Flake8 plugin that forbids implicit str/bytes literal concatenations", "status": "updated"}, {"timestamp": 1634293855, "pkg": "flake8-isort", "version": "4.1.1", "summary": "flake8 plugin that integrates isort .", "status": "updated"}, {"timestamp": 1634553102, "pkg": "darglint", "version": "1.8.1", "summary": "A utility for ensuring Google-style docstrings stay up to date with the source code.", "status": "updated"}, {"timestamp": 1634553102, "pkg": "flake8-nb", "version": "0.3.1", "summary": "Flake8 based checking for jupyter notebooks", "status": "updated"}, {"timestamp": 1634639488, "pkg": "flake8-quotes", "version": "3.3.1", "summary": "Flake8 lint for quotes.", "status": "updated"}, {"timestamp": 1634725868, "pkg": "flake8-broken-line", "version": "0.4", "summary": "Flake8 plugin to forbid backslashes for line breaks", "status": "updated"}, {"timestamp": 1634725868, "pkg": "flake8-use-fstring", "version": "1.2", "summary": "Flake8 plugin for string formatting style.", "status": "updated"}, {"timestamp": 1634725868, "pkg": "flake8-markdown", "version": "0.3", "summary": "Lints Python code blocks in Markdown files using flake8", "status": "updated"}, {"timestamp": 1634725868, "pkg": "flake8-eradicate", "version": "1.2", "summary": "Flake8 plugin to find commented out code", "status": "updated"}, {"timestamp": 1634812322, "pkg": "flake8-use-fstring", "version": "1.2.1", "summary": "Flake8 plugin for string formatting style.", "status": "updated"}]