[{"timestamp": 1635934769, "pkg": "flake8-unused-arguments", "version": "0.0.8", "summary": "flake8 extension to warn on unused function arguments", "status": "updated"}, {"timestamp": 1636021879, "pkg": "flake8-helper", "version": "0.2", "summary": "A helper library for Flake8 plugins.", "status": "updated"}, {"timestamp": 1636021879, "pkg": "flake8-functions-names", "version": "0.2", "summary": "An extension for flake8 that validates functions names, decomposition and conformity with annotations.", "status": "updated"}, {"timestamp": 1636194659, "pkg": "flake8-timeout", "version": "0.3", "summary": "flake8 plugin which checks that a timeout is set to all requests and urllib.request.open calls", "status": "updated"}, {"timestamp": 1636194659, "pkg": "flake8-pytest-style", "version": "1.5.1", "summary": "A flake8 plugin checking common style issues or inconsistencies with pytest-based tests.", "status": "updated"}, {"timestamp": 1636367532, "pkg": "nitpick", "version": "0.29", "summary": "Enforce the same settings across multiple language-independent projects", "status": "updated"}, {"timestamp": 1636626673, "pkg": "flake8-use-pathlib", "version": "0.2.1", "summary": "A plugin for flake8 finding use of functions that can be replaced by pathlib module.", "status": "updated"}, {"timestamp": 1637058692, "pkg": "flake8-no-implicit-concat", "version": "0.3.2", "summary": "Flake8 plugin that forbids implicit str/bytes literal concatenations", "status": "updated"}, {"timestamp": 1637231508, "pkg": "flake8-type-checking", "version": "1.1", "summary": "A flake8 plugin for managing type-checking imports & forward references", "status": "updated"}, {"timestamp": 1637231508, "pkg": "flake8-no-pep420", "version": "2", "summary": "A flake8 plugin to ban PEP-420 implicit namespace packages.", "status": "updated"}, {"timestamp": 1637231508, "pkg": "flake8-alphabetize", "version": "0.0.17", "summary": "A Python style checker for alphabetizing import and __all__.", "status": "updated"}, {"timestamp": 1637231508, "pkg": "flake8-noqa", "version": "1.2.1", "summary": "Flake8 noqa comment validation", "status": "updated"}, {"timestamp": 1637231508, "pkg": "tryceratops", "version": "0.6.1", "summary": "A linter to manage your exception like a PRO!", "status": "updated"}, {"timestamp": 1637404254, "pkg": "flake8-unused-arguments", "version": "0.0.9", "summary": "flake8 extension to warn on unused function arguments", "status": "updated"}, {"timestamp": 1637577161, "pkg": "tryceratops", "version": "1", "summary": "A linter to manage your exception like a PRO!", "status": "updated"}, {"timestamp": 1637836304, "pkg": "flake8-useless-assert", "version": "0.4.1", "summary": "flake8 plugin to catch useless `assert` statements", "status": "new"}, {"timestamp": 1637922739, "pkg": "flake8-useless-assert", "version": "0.4.2", "summary": "flake8 plugin to catch useless `assert` statements", "status": "updated"}, {"timestamp": 1638009059, "pkg": "flake8-sleep", "version": "0.0.1", "summary": "flake8 plugin which checks that there is no use of sleep in the code.", "status": "new"}, {"timestamp": 1638181927, "pkg": "flake8-pydocstyle", "version": "0.2", "summary": "flake8 plugin that integrates pydocstyle", "status": "new"}, {"timestamp": 1638181927, "pkg": "flake8-type-checking", "version": "1.1.1", "summary": "A flake8 plugin for managing type-checking imports & forward references", "status": "updated"}, {"timestamp": 1638181927, "pkg": "flake8-bugbear", "version": "21.11.28", "summary": "A plugin for flake8 finding likely bugs and design problems in your program. Contains warnings that don't belong in pyflakes and pycodestyle.", "status": "updated"}, {"timestamp": 1638268011, "pkg": "flake8-2020", "version": "1.6.1", "summary": "flake8 plugin which checks for misuse of `sys.version` or `sys.version_info`", "status": "updated"}, {"timestamp": 1638268011, "pkg": "flake8-bugbear", "version": "21.11.29", "summary": "A plugin for flake8 finding likely bugs and design problems in your program. Contains warnings that don't belong in pyflakes and pycodestyle.", "status": "updated"}, {"timestamp": 1638354706, "pkg": "flake8-length", "version": "0.2.2", "summary": "Flake8 plugin for a smart line length validation.", "status": "updated"}, {"timestamp": 1638441104, "pkg": "flake8-class-constants", "version": "0.1.2", "summary": "Check PEP-8 class constants naming conventions, plugin for flake8", "status": "new"}, {"timestamp": 1638613892, "pkg": "types-flake8-simplify", "version": "0.14", "summary": "Typing stubs for flake8-simplify", "status": "new"}, {"timestamp": 1638700252, "pkg": "types-flake8-builtins", "version": "1.5", "summary": "Typing stubs for flake8-builtins", "status": "new"}, {"timestamp": 1638700252, "pkg": "flake8-absolute-import", "version": "1.0.0.1", "summary": "flake8 plugin to require absolute imports", "status": "updated"}, {"timestamp": 1638873247, "pkg": "types-flake8-docstrings", "version": "1.6", "summary": "Typing stubs for flake8-docstrings", "status": "new"}, {"timestamp": 1638873247, "pkg": "types-flake8-builtins", "version": "1.5.1", "summary": "Typing stubs for flake8-builtins", "status": "updated"}, {"timestamp": 1638873247, "pkg": "types-flake8-simplify", "version": "0.14.1", "summary": "Typing stubs for flake8-simplify", "status": "updated"}, {"timestamp": 1639132342, "pkg": "types-flake8-bugbear", "version": "21.11.29", "summary": "Typing stubs for flake8-bugbear", "status": "new"}, {"timestamp": 1639132342, "pkg": "flake8-rst-docstrings", "version": "0.2.4", "summary": "Python docstring reStructuredText (RST) validator", "status": "updated"}, {"timestamp": 1639218660, "pkg": "flake8-rst-docstrings", "version": "0.2.5", "summary": "Python docstring reStructuredText (RST) validator", "status": "updated"}, {"timestamp": 1639305067, "pkg": "types-flake8-2020", "version": "1.6", "summary": "Typing stubs for flake8-2020", "status": "new"}, {"timestamp": 1639305067, "pkg": "types-flake8-typing-imports", "version": "1.11", "summary": "Typing stubs for flake8-typing-imports", "status": "new"}, {"timestamp": 1639391549, "pkg": "flake8-functions-names", "version": "0.3", "summary": "An extension for flake8 that validates functions names, decomposition and conformity with annotations.", "status": "updated"}, {"timestamp": 1639477936, "pkg": "types-flake8-plugin-utils", "version": "1.3", "summary": "Typing stubs for flake8-plugin-utils", "status": "new"}, {"timestamp": 1639477936, "pkg": "flake8-idom-hooks", "version": "0.5", "summary": "Flake8 plugin to enforce the rules of hooks for IDOM", "status": "updated"}, {"timestamp": 1639477936, "pkg": "wemake-python-styleguide", "version": "0.16", "summary": "The strictest and most opinionated python linter ever", "status": "updated"}, {"timestamp": 1639564323, "pkg": "flake8-useless-assert", "version": "0.4.3", "summary": "flake8 plugin to catch useless `assert` statements", "status": "updated"}, {"timestamp": 1639650634, "pkg": "flake8-no-implicit-concat", "version": "0.3.3", "summary": "Flake8 plugin that forbids implicit str/bytes literal concatenations", "status": "updated"}, {"timestamp": 1639650634, "pkg": "flake8-typing-imports", "version": "1.12", "summary": "flake8 plugin which checks that typing imports are properly guarded", "status": "updated"}, {"timestamp": 1640255554, "pkg": "flake8-isolated-packages", "version": "1.0.2", "summary": "This Flake8 plugin is for checking imports isolations.", "status": "updated"}, {"timestamp": 1640255554, "pkg": "flake8-pytest-style", "version": "1.6", "summary": "A flake8 plugin checking common style issues or inconsistencies with pytest-based tests.", "status": "updated"}, {"timestamp": 1640341187, "pkg": "flake8-ls", "version": "1.3", "summary": "super fast flake8 language server", "status": "new"}, {"timestamp": 1640341187, "pkg": "flake8-exact-pin", "version": "0.1", "summary": "A flake8 extension that checks for exact pins (e.q.: `foo==1.5.6`) in setup.py", "status": "updated"}, {"timestamp": 1640600393, "pkg": "flake8-ls", "version": "1.4", "summary": "super fast flake8 language server", "status": "updated"}, {"timestamp": 1640686786, "pkg": "flake8-ls", "version": "1.5", "summary": "super fast flake8 language server", "status": "updated"}, {"timestamp": 1640773162, "pkg": "types-flake8-plugin-utils", "version": "1.3.1", "summary": "Typing stubs for flake8-plugin-utils", "status": "updated"}, {"timestamp": 1640945985, "pkg": "flake8-assertive", "version": "2", "summary": "Flake8 unittest assert method checker", "status": "updated"}, {"timestamp": 1640945985, "pkg": "flake8-author", "version": "2", "summary": "Flake8 __author__ checker", "status": "updated"}]