[{"timestamp": 1657102858, "pkg": "flake8-type-checking", "version": "2.0.2", "summary": "A flake8 plugin for managing type-checking imports & forward references", "status": "updated"}, {"timestamp": 1657448352, "pkg": "flake8-type-checking", "version": "2.0.3", "summary": "A flake8 plugin for managing type-checking imports & forward references", "status": "updated"}, {"timestamp": 1657707608, "pkg": "flake8-aggressive", "version": "1.1.2", "summary": "Flake8 aggressive plugins pack", "status": "new"}, {"timestamp": 1657794028, "pkg": "flake8-type-checking", "version": "2.0.4", "summary": "A flake8 plugin for managing type-checking imports & forward references", "status": "updated"}, {"timestamp": 1657794028, "pkg": "flake8-tensors", "version": "0.2.10", "summary": "flake8_tensors - flake8 plugin for deep learning codes", "status": "updated"}, {"timestamp": 1657880431, "pkg": "flake8-type-checking", "version": "2.0.6", "summary": "A flake8 plugin for managing type-checking imports & forward references", "status": "updated"}, {"timestamp": 1657966788, "pkg": "flake8-rst-docstrings", "version": "0.2.7", "summary": "Python docstring reStructuredText (RST) validator", "status": "updated"}, {"timestamp": 1657966788, "pkg": "flake8-pep604", "version": "1.1", "summary": "flake8 plugin to enforce use of `|` over `typing.Union`", "status": "updated"}, {"timestamp": 1657966788, "pkg": "pep8-naming", "version": "0.13.1", "summary": "Check PEP-8 naming conventions, plugin for flake8", "status": "updated"}, {"timestamp": 1658139650, "pkg": "flake8-pytest-fixtures-style", "version": "0.0.3", "summary": "A flake8 extension that checks pytest fixtures", "status": "updated"}, {"timestamp": 1658398824, "pkg": "flake8-trio", "version": "22.7.1", "summary": "A highly opinionated flake8 plugin for Trio-related problems.", "status": "new"}, {"timestamp": 1658398824, "pkg": "flake8-allure-tree", "version": "1.0.1", "summary": "Flake8 plugin to check allure decorators on test classes and methods", "status": "new"}, {"timestamp": 1658398824, "pkg": "flake8-noqa", "version": "1.2.7", "summary": "Flake8 noqa comment validation", "status": "updated"}, {"timestamp": 1658398824, "pkg": "flake8-postponed-annotations", "version": "1.1.2", "summary": "Flake8 postponed annotations validation", "status": "updated"}, {"timestamp": 1658398824, "pkg": "flake8-literal", "version": "1.2.4", "summary": "Flake8 string literal validation", "status": "updated"}, {"timestamp": 1658485231, "pkg": "flake8-trio", "version": "22.7.2", "summary": "A highly opinionated flake8 plugin for Trio-related problems.", "status": "updated"}, {"timestamp": 1658571628, "pkg": "flake8-for-pycharm", "version": "0.3.3", "summary": "Add flake8 support to pycharm. See README for how to use.", "status": "updated"}, {"timestamp": 1658744404, "pkg": "flake8-pyi", "version": "22.7", "summary": "A plugin for flake8 to enable linting .pyi files.", "status": "updated"}, {"timestamp": 1658830825, "pkg": "flake8-isort", "version": "4.1.2.post0", "summary": "flake8 plugin that integrates isort .", "status": "updated"}, {"timestamp": 1658917259, "pkg": "flake8-trio", "version": "22.7.3", "summary": "A highly opinionated flake8 plugin for Trio-related problems.", "status": "updated"}, {"timestamp": 1659003622, "pkg": "flake8-use-fstring", "version": "1.4", "summary": "Flake8 plugin for string formatting style.", "status": "updated"}, {"timestamp": 1659003622, "pkg": "flake8-type-checking", "version": "2.0.7", "summary": "A flake8 plugin for managing type-checking imports & forward references", "status": "updated"}, {"timestamp": 1659090024, "pkg": "flake8-simplify", "version": "0.19.3", "summary": "flake8 plugin which checks for code that can be simplified", "status": "updated"}, {"timestamp": 1659090024, "pkg": "flake8-type-checking", "version": "2.1", "summary": "A flake8 plugin for managing type-checking imports & forward references", "status": "updated"}, {"timestamp": 1659090024, "pkg": "flake8-trio", "version": "22.7.4", "summary": "A highly opinionated flake8 plugin for Trio-related problems.", "status": "updated"}, {"timestamp": 1659262797, "pkg": "pyflakes", "version": "2.5", "summary": "passive checker of Python programs", "status": "updated"}, {"timestamp": 1659262797, "pkg": "pycodestyle", "version": "2.9", "summary": "Python style guide checker", "status": "updated"}, {"timestamp": 1659262797, "pkg": "flake8-unused-arguments", "version": "0.0.11", "summary": "flake8 extension to warn on unused function arguments", "status": "updated"}, {"timestamp": 1659262797, "pkg": "flake8-trio", "version": "22.7.5", "summary": "A highly opinionated flake8 plugin for Trio-related problems.", "status": "updated"}, {"timestamp": 1659262797, "pkg": "flake8", "version": "5", "summary": "the modular source code checker: pep8 pyflakes and co", "status": "updated"}, {"timestamp": 1659349234, "pkg": "flake8", "version": "5.0.1", "summary": "the modular source code checker: pep8 pyflakes and co", "status": "updated"}, {"timestamp": 1659349234, "pkg": "flake8-pyproject", "version": "0.9.1", "summary": "Runs Flake8 with configuration from pyproject.toml.", "status": "updated"}, {"timestamp": 1659349234, "pkg": "flake8-dunder-all", "version": "0.2.2", "summary": "A Flake8 plugin and pre-commit hook which checks to ensure modules have defined '__all__'.", "status": "updated"}, {"timestamp": 1659435668, "pkg": "flake8-noqa", "version": "1.2.8", "summary": "Flake8 noqa comment validation", "status": "updated"}, {"timestamp": 1659435668, "pkg": "flake8-typing-imports", "version": "1.13", "summary": "flake8 plugin which checks that typing imports are properly guarded", "status": "updated"}, {"timestamp": 1659435668, "pkg": "flake8-walrus", "version": "1.2", "summary": "flake8 plugin which forbids assignment expressions (the walrus operator)", "status": "updated"}, {"timestamp": 1659435668, "pkg": "flake8-pyi", "version": "22.8", "summary": "A plugin for flake8 to enable linting .pyi files.", "status": "updated"}, {"timestamp": 1659435668, "pkg": "flake8", "version": "5.0.3", "summary": "the modular source code checker: pep8 pyflakes and co", "status": "updated"}, {"timestamp": 1659435668, "pkg": "flake8-literal", "version": "1.2.5", "summary": "Flake8 string literal validation", "status": "updated"}, {"timestamp": 1659435668, "pkg": "flake8-postponed-annotations", "version": "1.1.3", "summary": "Flake8 postponed annotations validation", "status": "updated"}, {"timestamp": 1659435668, "pkg": "flake8-annotations", "version": "2.9.1", "summary": "Flake8 Type Annotation Checks", "status": "updated"}, {"timestamp": 1659435668, "pkg": "flake8-pyproject", "version": "1", "summary": "Runs Flake8 with configuration from pyproject.toml.", "status": "updated"}, {"timestamp": 1659435668, "pkg": "flake8-2020", "version": "1.7", "summary": "flake8 plugin which checks for misuse of `sys.version` or `sys.version_info`", "status": "updated"}, {"timestamp": 1659522031, "pkg": "flake8-copyright", "version": "0.2.3", "summary": "Adds copyright checks to flake8", "status": "updated"}, {"timestamp": 1659522031, "pkg": "flake8-literal", "version": "1.2.6", "summary": "Flake8 string literal validation", "status": "updated"}, {"timestamp": 1659522031, "pkg": "flake8-future-import", "version": "0.4.7", "summary": "__future__ import checker, plugin for flake8", "status": "updated"}, {"timestamp": 1659522031, "pkg": "flake8-pyi", "version": "22.8.1", "summary": "A plugin for flake8 to enable linting .pyi files.", "status": "updated"}, {"timestamp": 1659522031, "pkg": "flake8-trio", "version": "22.7.6", "summary": "A highly opinionated flake8 plugin for Trio-related problems.", "status": "updated"}, {"timestamp": 1659608393, "pkg": "flake8", "version": "5.0.4", "summary": "the modular source code checker: pep8 pyflakes and co", "status": "updated"}, {"timestamp": 1659608393, "pkg": "flake8-force", "version": "0.0.2", "summary": "flake8 extension to force running check", "status": "updated"}, {"timestamp": 1659608393, "pkg": "pycodestyle", "version": "2.9.1", "summary": "Python style guide checker", "status": "updated"}, {"timestamp": 1659694828, "pkg": "flake8-isort", "version": "4.2", "summary": "flake8 plugin that integrates isort .", "status": "updated"}, {"timestamp": 1659694828, "pkg": "flake8-django", "version": "1.1.4", "summary": "Plugin to catch bad style specific to Django Projects.", "status": "updated"}, {"timestamp": 1659694828, "pkg": "types-flake8-2020", "version": "1.7", "summary": "Typing stubs for flake8-2020", "status": "updated"}, {"timestamp": 1659694828, "pkg": "flake8-type-checking", "version": "2.1.2", "summary": "A flake8 plugin for managing type-checking imports & forward references", "status": "updated"}, {"timestamp": 1659694828, "pkg": "types-flake8-typing-imports", "version": "1.13", "summary": "Typing stubs for flake8-typing-imports", "status": "updated"}]