[{"timestamp": 1613817237, "pkg": "flake8-pytest-importorskip", "version": "1.post0", "summary": "Make pycodestyle treat pytest.importorskip as an import statement (avoid E402)", "status": "new"}, {"timestamp": 1613903629, "pkg": "flake8-simplify", "version": "0.14", "summary": "flake8 plugin which checks for code that can be simpified", "status": "updated"}, {"timestamp": 1613989814, "pkg": "pyls-flake8", "version": "0.3", "summary": "A Flake8 plugin for the Python Language Server", "status": "new"}, {"timestamp": 1613989814, "pkg": "darglint", "version": "1.7", "summary": "A utility for ensuring Google-style docstrings stay up to date with the source code.", "status": "updated"}, {"timestamp": 1614076452, "pkg": "flake8-slots", "version": "0.1", "summary": "A Flake8 plugin to require __slots__ to be defined for subclasses of immutable types.", "status": "new"}, {"timestamp": 1614162882, "pkg": "flake8-typing-only-imports", "version": "0.1.1", "summary": "A flake8 plugin that flags imports exclusively used for type annotations", "status": "new"}, {"timestamp": 1614162882, "pkg": "flake8-inflammatory-jargon", "version": "1.0.1", "summary": "replace Inflammatory words like blacklist and slave with more appropriate words", "status": "new"}, {"timestamp": 1614162882, "pkg": "nitpick", "version": "0.24", "summary": "Enforce the same configuration across multiple projects", "status": "updated"}, {"timestamp": 1614249335, "pkg": "flake8-slots", "version": "0.1.1", "summary": "A Flake8 plugin to require __slots__ to be defined for subclasses of immutable types.", "status": "updated"}, {"timestamp": 1614335698, "pkg": "flake8-github-actions", "version": "0.1.1", "summary": "GitHub Actions integration for flake8.", "status": "updated"}, {"timestamp": 1614508452, "pkg": "flake8-tmbundle", "version": "0.1", "summary": "Remind Supply Chain Risks", "status": "new"}, {"timestamp": 1614508452, "pkg": "requestsflake8", "version": "0.1", "summary": "Remind Supply Chain Risks", "status": "new"}, {"timestamp": 1614508452, "pkg": "flake8-ensure-ascii", "version": "1", "summary": "Flake8 Ensure ASCII encoding plugin.", "status": "new"}, {"timestamp": 1614508452, "pkg": "codecovflake8", "version": "0.1", "summary": "Remind Supply Chain Risks", "status": "new"}, {"timestamp": 1614508452, "pkg": "wemake-python-styleguide", "version": "0.15.2", "summary": "The strictest and most opinionated python linter ever", "status": "updated"}, {"timestamp": 1614596374, "pkg": "flake8-typing-only-imports", "version": "0.1.5", "summary": "A flake8 plugin that flags imports exclusively used for type annotations", "status": "updated"}, {"timestamp": 1614596374, "pkg": "nitpick", "version": "0.24.1", "summary": "Enforce the same configuration across multiple projects", "status": "updated"}, {"timestamp": 1614680992, "pkg": "flake8-isolated-packages", "version": "0.1.3", "summary": "This flake8 plugin is for checking imports isolations.", "status": "new"}, {"timestamp": 1614680992, "pkg": "flake8-pytest-importorskip", "version": "1.1", "summary": "Make pycodestyle treat pytest.importorskip as an import statement (avoid E402)", "status": "updated"}, {"timestamp": 1614680992, "pkg": "flake8-typing-only-imports", "version": "0.1.6", "summary": "A flake8 plugin that flags imports exclusively used for type annotations", "status": "updated"}, {"timestamp": 1614768873, "pkg": "flake8-isolated-packages", "version": "0.2.1", "summary": "This flake8 plugin is for checking imports isolations.", "status": "updated"}, {"timestamp": 1614853976, "pkg": "flake8-bugbear", "version": "21.3.1", "summary": "A plugin for flake8 finding likely bugs and design problems in your program. Contains warnings that don't belong in pyflakes and pycodestyle.", "status": "updated"}, {"timestamp": 1614940400, "pkg": "flake8-spellcheck", "version": "0.24", "summary": "Spellcheck variables, comments and docstrings", "status": "updated"}, {"timestamp": 1615026788, "pkg": "flake8-annotations", "version": "2.6", "summary": "Flake8 Type Annotation Checks", "status": "updated"}, {"timestamp": 1615199603, "pkg": "flake8-typing-only-imports", "version": "0.1.9", "summary": "A flake8 plugin that flags imports exclusively used for type annotations", "status": "updated"}, {"timestamp": 1615285995, "pkg": "flake8-typing-only-imports", "version": "0.1.10", "summary": "A flake8 plugin that flags imports exclusively used for type annotations", "status": "updated"}, {"timestamp": 1615285995, "pkg": "flake8-bugbear", "version": "21.3.2", "summary": "A plugin for flake8 finding likely bugs and design problems in your program. Contains warnings that don't belong in pyflakes and pycodestyle.", "status": "updated"}, {"timestamp": 1615372387, "pkg": "flake8-typing-only-imports", "version": "0.1.11", "summary": "A flake8 plugin that flags imports exclusively used for type annotations", "status": "updated"}, {"timestamp": 1615372387, "pkg": "nitpick", "version": "0.25", "summary": "Enforce the same configuration across multiple projects", "status": "updated"}, {"timestamp": 1615631583, "pkg": "flake8-typing-only-imports", "version": "0.1.12", "summary": "A flake8 plugin that flags imports exclusively used for type annotations", "status": "updated"}, {"timestamp": 1615717972, "pkg": "flake8-pytest-style", "version": "1.4", "summary": "A flake8 plugin checking common style issues or inconsistencies with pytest-based tests.", "status": "updated"}, {"timestamp": 1615804383, "pkg": "pyflakes", "version": "2.3", "summary": "passive checker of Python programs", "status": "updated"}, {"timestamp": 1615804383, "pkg": "flake8-typing-only-imports", "version": "0.2.2", "summary": "A flake8 plugin to flag imports exclusively used for type annotations", "status": "updated"}, {"timestamp": 1615804383, "pkg": "pycodestyle", "version": "2.7", "summary": "Python style guide checker", "status": "updated"}, {"timestamp": 1615804383, "pkg": "flake8", "version": "3.9", "summary": "the modular source code checker: pep8 pyflakes and co", "status": "updated"}, {"timestamp": 1615977230, "pkg": "flake8-sphinx-links", "version": "0.2", "summary": "A Flake8 plugin to check docstrings for double backticked strings which should be links to the Python documentation.", "status": "updated"}, {"timestamp": 1615977230, "pkg": "flake8-slots", "version": "0.1.3", "summary": "A Flake8 plugin to require __slots__ to be defined for subclasses of immutable types.", "status": "updated"}, {"timestamp": 1615977230, "pkg": "flake8-encodings", "version": "0.1.1", "summary": "A Flake8 plugin to identify incorrect use of encodings.", "status": "updated"}, {"timestamp": 1615977230, "pkg": "flake8-dunder-all", "version": "0.1.6", "summary": "A Flake8 plugin and pre-commit hook which checks to ensure modules have defined '__all__'.", "status": "updated"}, {"timestamp": 1615977230, "pkg": "flake8-strftime", "version": "0.3", "summary": "A flake8 plugin which checks for use of platform specific strftime codes.", "status": "updated"}, {"timestamp": 1615977230, "pkg": "flake8-annotations", "version": "2.6.1", "summary": "Flake8 Type Annotation Checks", "status": "updated"}, {"timestamp": 1615977230, "pkg": "nitpick", "version": "0.26", "summary": "Enforce the same configuration across multiple projects", "status": "updated"}, {"timestamp": 1616063630, "pkg": "flake8-nb", "version": "0.2.6", "summary": "Flake8 based checking for jupyter notebooks", "status": "updated"}, {"timestamp": 1616063630, "pkg": "flake8-dunder-all", "version": "0.1.7", "summary": "A Flake8 plugin and pre-commit hook which checks to ensure modules have defined '__all__'.", "status": "updated"}, {"timestamp": 1616150016, "pkg": "pytest-flake8dir", "version": "2.3.1", "summary": "A pytest fixture for testing flake8 plugins.", "status": "updated"}, {"timestamp": 1616150016, "pkg": "flake8-docstrings", "version": "1.6", "summary": "Extension for flake8 which uses pydocstyle to check docstrings", "status": "updated"}, {"timestamp": 1616150016, "pkg": "flake8-sphinx-links", "version": "0.2.1", "summary": "A Flake8 plugin to check docstrings for double backticked strings which should be links to the Python documentation.", "status": "updated"}, {"timestamp": 1616150016, "pkg": "flake8-slots", "version": "0.1.4", "summary": "A Flake8 plugin to require __slots__ to be defined for subclasses of immutable types.", "status": "updated"}, {"timestamp": 1616150016, "pkg": "flake8-comprehensions", "version": "3.4", "summary": "A flake8 plugin to help you write better list/set/dict comprehensions.", "status": "updated"}, {"timestamp": 1616150016, "pkg": "flake8-strftime", "version": "0.3.1", "summary": "A flake8 plugin which checks for use of platform specific strftime codes.", "status": "updated"}, {"timestamp": 1616236462, "pkg": "flake8-test-name", "version": "0.1.1", "summary": "Invalid test name checker, plugin for flake8", "status": "new"}]