[{"timestamp": 1718792472, "pkg": "flake8-import-relative-two", "version": "0.2", "summary": "Flake8 plugin that checks for relative imports up to a maximum of level two", "status": "new"}, {"timestamp": 1718792472, "pkg": "flake8-errmsg", "version": "0.5", "summary": "Flake8 checker for raw literals inside raises.", "status": "new"}, {"timestamp": 1718792472, "pkg": "flake8-qchecker", "version": "1a1", "summary": "Flake8 plugin for qChecker", "status": "new"}, {"timestamp": 1718792472, "pkg": "flake8-cohesion", "version": "1.0.1", "summary": "A flake8 extension for measuring Python class cohesion.", "status": "new"}, {"timestamp": 1718792472, "pkg": "flake8-less-than", "version": "0.1", "summary": "", "status": "new"}, {"timestamp": 1718792472, "pkg": "flake8-ruff", "version": "0.3", "summary": "A Flake8 plugin that implements miscellaneous checks from Ruff.", "status": "new"}, {"timestamp": 1718792472, "pkg": "flake8-logging-arg-count", "version": "0.3", "summary": "A flake8 plugin for detecting logging statements with mismatched argument counts", "status": "new"}, {"timestamp": 1718792472, "pkg": "flake8-match", "version": "1.1", "summary": "flake8 plugin which forbids match statements (PEP 634)", "status": "new"}, {"timestamp": 1718792472, "pkg": "flake8-isolated-packages", "version": "2.3", "summary": "This Flake8 plugin is for checking imports isolations.", "status": "updated"}, {"timestamp": 1718792472, "pkg": "autohooks-plugin-flake8", "version": "23.10", "summary": "An autohooks plugin for python code linting via flake8.", "status": "updated"}, {"timestamp": 1718792472, "pkg": "flufl-flake8", "version": "0.10", "summary": "A flake8 plugin for GNU Mailman import order", "status": "updated"}, {"timestamp": 1718792472, "pkg": "wemake-python-styleguide", "version": "0.19.2", "summary": "The strictest and most opinionated python linter ever", "status": "updated"}, {"timestamp": 1718792472, "pkg": "flake8-async", "version": "24.6.1", "summary": "A highly opinionated flake8 plugin for Trio-related problems.", "status": "updated"}, {"timestamp": 1718792472, "pkg": "cg-flake8-reporter", "version": "1!1.0.1", "summary": "", "status": "updated"}, {"timestamp": 1718792472, "pkg": "flake8-pydantic", "version": "0.3.1", "summary": "A flake8 plugin to check Pydantic related code.", "status": "updated"}, {"timestamp": 1718792472, "pkg": "flake8-complicated-walrus", "version": "2.1", "summary": "This Flake8 plugin for checking complicated assignment expressions.", "status": "updated"}, {"timestamp": 1718792472, "pkg": "flake8-simple-string-first-arg", "version": "0.2", "summary": "This Flake8 plugin for checking that first param of callable is simple string.", "status": "updated"}, {"timestamp": 1718965217, "pkg": "flake8-thoughtful", "version": "0.1", "summary": "Pre Commit hook for all Thoughtful checks.", "status": "new"}, {"timestamp": 1719310809, "pkg": "flake8-requirements", "version": "2.2.1", "summary": "Package requirements checker, plugin for flake8", "status": "updated"}, {"timestamp": 1719742772, "pkg": "flake8-comprehensions", "version": "3.15", "summary": "A flake8 plugin to help you write better list/set/dict comprehensions.", "status": "updated"}, {"timestamp": 1720520404, "pkg": "tryceratops", "version": "2.3.3", "summary": "Prevent Exception Handling AntiPatterns", "status": "updated"}, {"timestamp": 1720606814, "pkg": "flake8-numpydtype", "version": "0.0.0.1", "summary": "flake8 plugin to warn deprecated numpy dtype", "status": "new"}, {"timestamp": 1720606814, "pkg": "flake8-py2builtins", "version": "0.0.0.1", "summary": "flake8 plugin to warn Python2 builtins", "status": "new"}, {"timestamp": 1720693186, "pkg": "types-flake8", "version": "7.1.0.20240711", "summary": "Typing stubs for flake8", "status": "updated"}, {"timestamp": 1721384445, "pkg": "pytest-flake8", "version": "1.1.3", "summary": "pytest plugin to check FLAKE8 requirements", "status": "updated"}, {"timestamp": 1721470770, "pkg": "pytest-flake8", "version": "1.2", "summary": "pytest plugin to check FLAKE8 requirements", "status": "updated"}, {"timestamp": 1721557232, "pkg": "flake8-final", "version": "0.0.2", "summary": "flake8 plugin for check and inheritance of implementations", "status": "new"}, {"timestamp": 1721643623, "pkg": "pytest-flake8", "version": "1.2.2", "summary": "pytest plugin to check FLAKE8 requirements", "status": "updated"}, {"timestamp": 1721730000, "pkg": "flake8-final", "version": "0.0.3", "summary": "flake8 plugin for check and inheritance of implementations", "status": "updated"}, {"timestamp": 1721816435, "pkg": "flake8-override", "version": "0.0.1", "summary": "This is how python package should look like!", "status": "new"}, {"timestamp": 1721902805, "pkg": "flake8-override", "version": "0.0.4", "summary": "This is how python package should look like!", "status": "updated"}, {"timestamp": 1722421159, "pkg": "flake8-import-guard", "version": "0.1.6", "summary": "Flake8 plugin to enforce import restrictions in Python projects.", "status": "new"}, {"timestamp": 1722766800, "pkg": "flake8-intsights", "version": "0.4", "summary": "Uncompromising and opinionated flake8 plugin which follows Intsights' practices", "status": "updated"}, {"timestamp": 1722853212, "pkg": "flake8", "version": "7.1.1", "summary": "the modular source code checker: pep8 pyflakes and co", "status": "updated"}, {"timestamp": 1722853212, "pkg": "pycodestyle", "version": "2.12.1", "summary": "Python style guide checker", "status": "updated"}, {"timestamp": 1723112400, "pkg": "flake8-async", "version": "24.8.1", "summary": "A highly opinionated flake8 plugin for Trio-related problems.", "status": "updated"}, {"timestamp": 1723544421, "pkg": "flake8-import-guard", "version": "1", "summary": "Flake8 plugin to enforce import restrictions in Python projects.", "status": "updated"}, {"timestamp": 1723890000, "pkg": "hacking", "version": "7", "summary": "OpenStack Hacking Guideline Enforcement", "status": "updated"}, {"timestamp": 1723976383, "pkg": "types-flake8-2020", "version": "1.8.0.20240818", "summary": "Typing stubs for flake8-2020", "status": "updated"}, {"timestamp": 1724149220, "pkg": "tryceratops", "version": "2.4", "summary": "Prevent Exception Handling AntiPatterns", "status": "updated"}, {"timestamp": 1724149220, "pkg": "flake8-bugbear", "version": "24.8.19", "summary": "A plugin for flake8 finding likely bugs and design problems in your program. Contains warnings that don't belong in pyflakes and pycodestyle.", "status": "updated"}, {"timestamp": 1724235601, "pkg": "flake8-no-json", "version": "0.0.2", "summary": "flake8 plugin for using json from stdlib", "status": "new"}, {"timestamp": 1724322015, "pkg": "types-flake8-bugbear", "version": "24.8.19.20240822", "summary": "Typing stubs for flake8-bugbear", "status": "updated"}, {"timestamp": 1725013233, "pkg": "flake8-import-restrictions", "version": "2.1", "summary": "A flake8 plugin used to disallow certain forms of imports.", "status": "updated"}, {"timestamp": 1725099588, "pkg": "aind-flake8-extensions", "version": "0.4", "summary": "Generated from aind-library-template", "status": "new"}, {"timestamp": 1725099588, "pkg": "flake8-github-annotations", "version": "1.1.2", "summary": "A flake8 formatter that turns output into Github Annotations", "status": "updated"}, {"timestamp": 1725618037, "pkg": "flake8-async", "version": "24.9.1", "summary": "A highly opinionated flake8 plugin for Trio-related problems.", "status": "updated"}, {"timestamp": 1725963618, "pkg": "flake8-async", "version": "24.9.2", "summary": "A highly opinionated flake8 plugin for Trio-related problems.", "status": "updated"}, {"timestamp": 1726136435, "pkg": "flake8-async", "version": "24.9.3", "summary": "A highly opinionated flake8 plugin for Trio-related problems.", "status": "updated"}, {"timestamp": 1726136435, "pkg": "aind-flake8-extensions", "version": "0.5.2", "summary": "Generated from aind-library-template", "status": "updated"}, {"timestamp": 1726568445, "pkg": "flake8-all-not-strings", "version": "0.0.2", "summary": "flake8 plugin which checks that modules under `__all__` are defined as strings", "status": "updated"}]