[{"timestamp": 1619174096, "pkg": "flake8-tabs", "version": "2.3.2", "summary": "Tab (or Spaces) indentation style checker for flake", "status": "updated"}, {"timestamp": 1619260526, "pkg": "flake8-rst-docstrings", "version": "0.2.1", "summary": "Python docstring reStructuredText (RST) validator", "status": "updated"}, {"timestamp": 1619346906, "pkg": "flake8-timeout", "version": "0.2", "summary": "flake8 plugin which checks that a timeout is set to all requests calls", "status": "new"}, {"timestamp": 1619346906, "pkg": "flake8-pie", "version": "0.7.3", "summary": "A flake8 extension that implements misc. lints", "status": "updated"}, {"timestamp": 1619433371, "pkg": "flake8-pie", "version": "0.7.4", "summary": "A flake8 extension that implements misc. lints", "status": "updated"}, {"timestamp": 1619519713, "pkg": "flake8-pie", "version": "0.8", "summary": "A flake8 extension that implements misc. lints", "status": "updated"}, {"timestamp": 1619865275, "pkg": "flake8-import-order-tridge", "version": "1.0.5", "summary": "Tridge's import order style for flake8-import-order", "status": "new"}, {"timestamp": 1619865275, "pkg": "flake8-rst-docstrings", "version": "0.2.2", "summary": "Python docstring reStructuredText (RST) validator", "status": "updated"}, {"timestamp": 1619951655, "pkg": "flake8-pie", "version": "0.8.1", "summary": "A flake8 extension that implements misc. lints", "status": "updated"}, {"timestamp": 1620124423, "pkg": "flake8-rst-docstrings", "version": "0.2.3", "summary": "Python docstring reStructuredText (RST) validator", "status": "updated"}, {"timestamp": 1620124423, "pkg": "flake8-aaa", "version": "0.12", "summary": "A Flake8 plugin that checks Python tests follow the Arrange-Act-Assert pattern", "status": "updated"}, {"timestamp": 1620124423, "pkg": "flake8-type-checking", "version": "1.0.1", "summary": "A flake8 plugin for managing type-checking imports & forward references", "status": "updated"}, {"timestamp": 1620210814, "pkg": "flake8-plugin-utils", "version": "1.3.2", "summary": "The package provides base classes and utils for flake8 plugin writing", "status": "updated"}, {"timestamp": 1620210814, "pkg": "flake8-return", "version": "1.1.3", "summary": "Flake8 plugin that checks return values", "status": "updated"}, {"timestamp": 1620210814, "pkg": "flake8-isolated-packages", "version": "0.2.2", "summary": "This flake8 plugin is for checking imports isolations.", "status": "updated"}, {"timestamp": 1620210814, "pkg": "flake8-type-checking", "version": "1.0.2", "summary": "A flake8 plugin for managing type-checking imports & forward references", "status": "updated"}, {"timestamp": 1620297233, "pkg": "flake8-pie", "version": "0.9", "summary": "A flake8 extension that implements misc. lints", "status": "updated"}, {"timestamp": 1620383636, "pkg": "flake8-efm", "version": "1", "summary": "Plugin for EFM-compatible output.", "status": "new"}, {"timestamp": 1620383636, "pkg": "flake8-pie", "version": "0.11", "summary": "A flake8 extension that implements misc. lints", "status": "updated"}, {"timestamp": 1620470035, "pkg": "flake8-efm", "version": "1.0.2", "summary": "Plugin for EFM-compatible output.", "status": "updated"}, {"timestamp": 1620556397, "pkg": "flake8", "version": "3.9.2", "summary": "the modular source code checker: pep8 pyflakes and co", "status": "updated"}, {"timestamp": 1620642898, "pkg": "flake8-pie", "version": "0.12", "summary": "A flake8 extension that implements misc. lints", "status": "updated"}, {"timestamp": 1620729245, "pkg": "pytest-flake8dir", "version": "2.5", "summary": "A pytest fixture for testing flake8 plugins.", "status": "updated"}, {"timestamp": 1620729245, "pkg": "flake8-no-types", "version": "1.2", "summary": "A flake8 plugin to ban type hints.", "status": "updated"}, {"timestamp": 1620729245, "pkg": "flake8-no-pep420", "version": "1.1", "summary": "A flake8 plugin to ban PEP-420 implicit namespace packages.", "status": "updated"}, {"timestamp": 1620729245, "pkg": "flake8-comprehensions", "version": "3.5", "summary": "A flake8 plugin to help you write better list/set/dict comprehensions.", "status": "updated"}, {"timestamp": 1620729245, "pkg": "flake8-tidy-imports", "version": "4.3", "summary": "A flake8 plugin that helps you write tidier imports.", "status": "updated"}, {"timestamp": 1620815737, "pkg": "flake8-pytest-fixtures", "version": "0.0.1", "summary": "A flake extension that checks pytest fixtures", "status": "new"}, {"timestamp": 1620815737, "pkg": "flake8-django", "version": "1.1.2", "summary": "Plugin to catch bad style specific to Django Projects.", "status": "updated"}, {"timestamp": 1620902135, "pkg": "flake82", "version": "3.9.2", "summary": "the modular source code checker: pep8 pyflakes and co with pyproject.toml support", "status": "new"}, {"timestamp": 1620988596, "pkg": "flake8-pie", "version": "0.13", "summary": "A flake8 extension that implements misc. lints", "status": "updated"}, {"timestamp": 1620988596, "pkg": "flake8-simplify", "version": "0.14.1", "summary": "flake8 plugin which checks for code that can be simplified", "status": "updated"}, {"timestamp": 1621247870, "pkg": "flake8-nb", "version": "0.3", "summary": "Flake8 based checking for jupyter notebooks", "status": "updated"}, {"timestamp": 1621247870, "pkg": "flake8-cached", "version": "0.0.2", "summary": "A wrapper around flake8's cli that uses cache at file level", "status": "updated"}, {"timestamp": 1621334188, "pkg": "flake8-pytest-fixtures-style", "version": "0.0.2", "summary": "A flake extension that checks pytest fixtures", "status": "new"}, {"timestamp": 1621334188, "pkg": "flake8-strftime", "version": "0.3.2", "summary": "A flake8 plugin which checks for use of platform specific strftime codes.", "status": "updated"}, {"timestamp": 1621420523, "pkg": "flake8-adjustable-complexity", "version": "0.0.5", "summary": "A flake8 extension that checks cyclomatic complexity and calculates max complexity limit in runtime", "status": "updated"}, {"timestamp": 1621507048, "pkg": "pyls-flake8", "version": "0.4", "summary": "A Flake8 plugin for the Python Language Server", "status": "updated"}, {"timestamp": 1621852913, "pkg": "flake8-pytest-style", "version": "1.4.2", "summary": "A flake8 plugin checking common style issues or inconsistencies with pytest-based tests.", "status": "updated"}, {"timestamp": 1622026235, "pkg": "flake8-pylint", "version": "0.1.3", "summary": "Flake8 plugin that runs PyLint.", "status": "updated"}, {"timestamp": 1622459944, "pkg": "flake8-loopy", "version": "1", "summary": "flake8 plugin to check code quality in loops", "status": "new"}, {"timestamp": 1622459944, "pkg": "flake8-local-import", "version": "1.0.6", "summary": "Python 3 check local import for flake8", "status": "updated"}, {"timestamp": 1622459944, "pkg": "flake8-super", "version": "0.1.3", "summary": "Python 3 super() check for flake8", "status": "updated"}, {"timestamp": 1622634297, "pkg": "flake8-fastapi", "version": "0.2", "summary": "flake8 plugin that checks FastAPI code against opiniated style rules \ud83e\udd13", "status": "new"}, {"timestamp": 1622719158, "pkg": "flake8-comments", "version": "0.1.1", "summary": "Find redundant comments in Python code", "status": "new"}, {"timestamp": 1622891345, "pkg": "flake8-dunder-class-obj", "version": "0.1.1", "summary": "A flake8 plugin to report on double underscore class objects", "status": "new"}, {"timestamp": 1622891345, "pkg": "flake8-loopy", "version": "1.0.1", "summary": "flake8 plugin to check code quality in loops", "status": "updated"}, {"timestamp": 1622891345, "pkg": "flake8-encodings", "version": "0.3.5", "summary": "A Flake8 plugin to identify incorrect use of encodings.", "status": "updated"}, {"timestamp": 1623065340, "pkg": "flake8-encodings", "version": "0.4", "summary": "A Flake8 plugin to identify incorrect use of encodings.", "status": "updated"}, {"timestamp": 1623235041, "pkg": "flake8-comments", "version": "0.1.2", "summary": "Find redundant comments in Python code", "status": "updated"}, {"timestamp": 1623407676, "pkg": "flake8-typechecking-import", "version": "0.5", "summary": "A flake plugin that checks for typing.TYPE_CHECKING-able imports", "status": "new"}]