[{"timestamp": 1666261252, "pkg": "flake8-import-rules", "version": "0.1.3", "summary": "", "status": "new"}, {"timestamp": 1666261252, "pkg": "flake8-unfinished", "version": "1.0.2", "summary": "flake8 plugin which makes sure you don't have unfinished functions in your code", "status": "updated"}, {"timestamp": 1666261252, "pkg": "flake8-typing-as-t", "version": "0.0.2", "summary": "A flake8 plugin to check typing import style", "status": "updated"}, {"timestamp": 1666261252, "pkg": "flake8-unused-arguments", "version": "0.0.12", "summary": "flake8 extension to warn on unused function arguments", "status": "updated"}, {"timestamp": 1666693250, "pkg": "types-flake8-bugbear", "version": "22.10.25", "summary": "Typing stubs for flake8-bugbear", "status": "updated"}, {"timestamp": 1666693250, "pkg": "types-flake8-typing-imports", "version": "1.14", "summary": "Typing stubs for flake8-typing-imports", "status": "updated"}, {"timestamp": 1666693250, "pkg": "flake8-typing-imports", "version": "1.14", "summary": "flake8 plugin which checks that typing imports are properly guarded", "status": "updated"}, {"timestamp": 1666693250, "pkg": "flake8-bugbear", "version": "22.10.25", "summary": "A plugin for flake8 finding likely bugs and design problems in your program. Contains warnings that don't belong in pyflakes and pycodestyle.", "status": "updated"}, {"timestamp": 1666693250, "pkg": "flake8-import-rules", "version": "0.2.1", "summary": "", "status": "updated"}, {"timestamp": 1666779592, "pkg": "kraken-flake8-extensions", "version": "0.1.1", "summary": "", "status": "new"}, {"timestamp": 1666779592, "pkg": "flake8-picky-parentheses", "version": "0.3.2", "summary": "flake8 plugin to nitpick about parenthesis, brackets, and braces", "status": "updated"}, {"timestamp": 1666866032, "pkg": "flake8-plus", "version": "0.2", "summary": "Flake8 plugin adding PEP8-compliant vertical whitespacing rules", "status": "new"}, {"timestamp": 1666866032, "pkg": "flake8-bugbear", "version": "22.10.27", "summary": "A plugin for flake8 finding likely bugs and design problems in your program. Contains warnings that don't belong in pyflakes and pycodestyle.", "status": "updated"}, {"timestamp": 1666866032, "pkg": "types-flake8-bugbear", "version": "22.10.27", "summary": "Typing stubs for flake8-bugbear", "status": "updated"}, {"timestamp": 1666952434, "pkg": "flake8-testcode", "version": "0.1.1", "summary": "Plugin to catch bad style specific to testcode.", "status": "new"}, {"timestamp": 1666952434, "pkg": "flake8-ruff-wrapper", "version": "0.2", "summary": "Invoke ruff using flake8 options", "status": "updated"}, {"timestamp": 1666952434, "pkg": "flake8-requirements", "version": "1.7.3", "summary": "Package requirements checker, plugin for flake8", "status": "updated"}, {"timestamp": 1666952434, "pkg": "flake8-return", "version": "1.2", "summary": "Flake8 plugin that checks return values", "status": "updated"}, {"timestamp": 1667038822, "pkg": "flake8-gettext", "version": "0.0.0.1", "summary": "flake8_gettext", "status": "new"}, {"timestamp": 1667038822, "pkg": "flake8-logger", "version": "0.0.0.2", "summary": "flake8_logger", "status": "new"}, {"timestamp": 1667125221, "pkg": "flake8-alphabetize", "version": "0.0.18", "summary": "A Python style checker for alphabetizing import and __all__.", "status": "updated"}, {"timestamp": 1667125221, "pkg": "flake8-comprehensions", "version": "3.10.1", "summary": "A flake8 plugin to help you write better list/set/dict comprehensions.", "status": "updated"}, {"timestamp": 1667211634, "pkg": "flake8-no-implicit-concat", "version": "0.3.4", "summary": "Flake8 plugin that forbids implicit str/bytes literal concatenations", "status": "updated"}, {"timestamp": 1667211634, "pkg": "flake8-length", "version": "0.3.1", "summary": "Flake8 plugin for a smart line length validation.", "status": "updated"}, {"timestamp": 1667298052, "pkg": "flake8-plus", "version": "0.4", "summary": "Flake8 plugin adding PEP8-compliant vertical whitespacing rules", "status": "updated"}, {"timestamp": 1667384410, "pkg": "flake8-to-ruff", "version": "0.0.94.dev1", "summary": "Convert existing Flake8 configuration to Ruff.", "status": "new"}, {"timestamp": 1667384410, "pkg": "flake8-sfs", "version": "0.0.4", "summary": "Python String Formatting Style (SFS) plugin for flake8", "status": "updated"}, {"timestamp": 1667384410, "pkg": "flake8-builtins", "version": "2.0.1", "summary": "Check for python builtins being used as variables or parameters.", "status": "updated"}, {"timestamp": 1667384410, "pkg": "flake8-plus", "version": "0.4.1", "summary": "Flake8 plugin adding PEP8-compliant vertical whitespacing rules", "status": "updated"}, {"timestamp": 1667470830, "pkg": "flake8-prometheus-metrics-name", "version": "0.1.10", "summary": "Flake8 plugin for prometheus metric name validation", "status": "updated"}, {"timestamp": 1667470830, "pkg": "flake8-ruff-wrapper", "version": "0.2.1", "summary": "Invoke ruff using flake8 options", "status": "updated"}, {"timestamp": 1667470830, "pkg": "flake8-picky-parentheses", "version": "0.4", "summary": "flake8 plugin to nitpick about parenthesis, brackets, and braces", "status": "updated"}, {"timestamp": 1667557222, "pkg": "flake8-unfinished", "version": "1.0.3", "summary": "flake8 plugin which makes sure you don't have unfinished functions in your code", "status": "updated"}, {"timestamp": 1667557222, "pkg": "flake8-to-ruff", "version": "0.0.99.dev0", "summary": "Convert existing Flake8 configuration to Ruff.", "status": "updated"}, {"timestamp": 1667557222, "pkg": "flake8-warnings", "version": "0.4", "summary": "Linter (flake8, pylint, custom CLI) for finding usage of deprecated functions.", "status": "updated"}, {"timestamp": 1667643598, "pkg": "flake8-iw", "version": "0.0.5", "summary": "A plugin to show lint errors for IW", "status": "new"}, {"timestamp": 1667643598, "pkg": "flake8-noreturn", "version": "1.0.1", "summary": "A flake8 plugin to detect return None (-> None) type hints.", "status": "new"}, {"timestamp": 1667816436, "pkg": "flake8-trio", "version": "22.11.1", "summary": "A highly opinionated flake8 plugin for Trio-related problems.", "status": "updated"}, {"timestamp": 1667816436, "pkg": "flake8-async", "version": "22.11.6", "summary": "A flake8 plugin that checks bad async / asyncio practices", "status": "updated"}, {"timestamp": 1667902804, "pkg": "flake8-bbs", "version": "0.1a2", "summary": "A flake8 extension that checks blank lines before statements", "status": "new"}, {"timestamp": 1667902804, "pkg": "flake8-to-ruff", "version": "0.0.105.dev0", "summary": "Convert existing Flake8 configuration to Ruff.", "status": "updated"}, {"timestamp": 1667902804, "pkg": "flake8-unfinished", "version": "1.1", "summary": "flake8 plugin which makes sure you don't have unfinished functions in your code", "status": "updated"}, {"timestamp": 1668075620, "pkg": "flake8-unfinished", "version": "1.2", "summary": "flake8 plugin which makes sure you don't have unfinished functions in your code", "status": "updated"}, {"timestamp": 1668075620, "pkg": "flake8-bbs", "version": "0.1a3", "summary": "A flake8 extension that checks blank lines before statements", "status": "updated"}, {"timestamp": 1668075620, "pkg": "flake8-forbidden-func", "version": "0.1", "summary": "An extension for flake8 that forbids some functions in some modules.", "status": "updated"}, {"timestamp": 1668075620, "pkg": "flake8-todos", "version": "0.2", "summary": "Python linter to check TODO comments for consistency and best practice.", "status": "updated"}, {"timestamp": 1668075620, "pkg": "flake8-requirements", "version": "1.7.4", "summary": "Package requirements checker, plugin for flake8", "status": "updated"}, {"timestamp": 1668248379, "pkg": "flake8-mock-x2", "version": "0.4.1", "summary": "Provides checking for non-existent mock methods and properties", "status": "new"}, {"timestamp": 1668248379, "pkg": "flake8-copyright-validator", "version": "0.0.1", "summary": "Check if python file contain copyright text", "status": "new"}, {"timestamp": 1668334833, "pkg": "flake8-to-ruff", "version": "0.0.115.dev0", "summary": "Convert existing Flake8 configuration to Ruff.", "status": "updated"}, {"timestamp": 1668517628, "pkg": "flake8-async", "version": "22.11.14", "summary": "A flake8 plugin that checks bad async / asyncio practices", "status": "updated"}, {"timestamp": 1668680430, "pkg": "flake8-rst-docstrings", "version": "0.3", "summary": "Python docstring reStructuredText (RST) validator for flake8", "status": "updated"}, {"timestamp": 1668680430, "pkg": "types-flake8-rst-docstrings", "version": "0.3", "summary": "Typing stubs for flake8-rst-docstrings", "status": "updated"}, {"timestamp": 1668766826, "pkg": "flake8-pyproject", "version": "1.2", "summary": "Flake8 plug-in loading the configuration from pyproject.toml", "status": "updated"}, {"timestamp": 1668766826, "pkg": "flake8-requirements", "version": "1.7.5", "summary": "Package requirements checker, plugin for flake8", "status": "updated"}, {"timestamp": 1668766826, "pkg": "flake8-black", "version": "0.3.4", "summary": "flake8 plugin to call black as a code style validator", "status": "updated"}, {"timestamp": 1668766826, "pkg": "flake8-to-ruff", "version": "0.0.125.dev0", "summary": "Convert existing Flake8 configuration to Ruff.", "status": "updated"}, {"timestamp": 1668853214, "pkg": "flake8-isort", "version": "5.0.2", "summary": "flake8 plugin that integrates isort .", "status": "updated"}]