[{"timestamp": 1704968385, "pkg": "flake8-restrict-imports", "version": "0.1.1", "summary": "Flake8 plugin for restricting unwanted imports in a module.", "status": "new"}, {"timestamp": 1704968385, "pkg": "flake8-enforce-kwargs", "version": "0.1.1", "summary": "Flake8 plugin for enforcing kwargs only argument definition.", "status": "new"}, {"timestamp": 1704968385, "pkg": "flake8-enforce-type-annotations", "version": "0.1.1", "summary": "Flake8 plugin for enforcing type annotations.", "status": "new"}, {"timestamp": 1704968385, "pkg": "flake8-prometheus-metrics-name", "version": "0.1.13", "summary": "Flake8 plugin for prometheus metric name validation", "status": "updated"}, {"timestamp": 1705141184, "pkg": "flake8-zale", "version": "0.2.1", "summary": "Indentation checker for flake8", "status": "updated"}, {"timestamp": 1705400433, "pkg": "flake8-bugbear", "version": "24.1.15", "summary": "A plugin for flake8 finding likely bugs and design problems in your program. Contains warnings that don't belong in pyflakes and pycodestyle.", "status": "updated"}, {"timestamp": 1705486833, "pkg": "flake8-header-validator", "version": "0.0.3", "summary": "Check if python file contain copyright text", "status": "new"}, {"timestamp": 1705486833, "pkg": "flake8-bugbear", "version": "24.1.16", "summary": "A plugin for flake8 finding likely bugs and design problems in your program. Contains warnings that don't belong in pyflakes and pycodestyle.", "status": "updated"}, {"timestamp": 1705486833, "pkg": "flake8-profiles", "version": "0.2", "summary": "profiles for flake8", "status": "updated"}, {"timestamp": 1705573199, "pkg": "flake8-bugbear", "version": "24.1.17", "summary": "A plugin for flake8 finding likely bugs and design problems in your program. Contains warnings that don't belong in pyflakes and pycodestyle.", "status": "updated"}, {"timestamp": 1706091594, "pkg": "flake8-logging", "version": "1.5", "summary": "A Flake8 plugin that checks for issues using the standard library logging module.", "status": "updated"}, {"timestamp": 1706523568, "pkg": "flake8-type-checking", "version": "2.9", "summary": "A flake8 plugin for managing type-checking imports & forward references", "status": "updated"}, {"timestamp": 1706610001, "pkg": "flake8-iteritems", "version": "0.0.0.1", "summary": "flake8 plugin to warn dict.iteritems()", "status": "new"}, {"timestamp": 1706610001, "pkg": "flake8-sortcmp", "version": "0.0.0.1", "summary": "flake8 plugin to warn sort(cmp=)", "status": "new"}, {"timestamp": 1706610001, "pkg": "flake8-logger", "version": "0.0.1", "summary": "flake8 plugin to warn the wrong arguments for log.*", "status": "updated"}, {"timestamp": 1706782774, "pkg": "types-flake8-bugbear", "version": "24.1.17.20240201", "summary": "Typing stubs for flake8-bugbear", "status": "updated"}, {"timestamp": 1706869160, "pkg": "flake8-bas", "version": "1", "summary": "Flake8 extension that checks for blank lines around (compound) statements.", "status": "updated"}, {"timestamp": 1707214770, "pkg": "flake8-requirements", "version": "2.0.2", "summary": "Package requirements checker, plugin for flake8", "status": "updated"}, {"timestamp": 1707301204, "pkg": "flake8-bugbear", "version": "24.2.6", "summary": "A plugin for flake8 finding likely bugs and design problems in your program. Contains warnings that don't belong in pyflakes and pycodestyle.", "status": "updated"}, {"timestamp": 1707473972, "pkg": "flake8-todos", "version": "0.3.1", "summary": "Python linter to check TODO comments for consistency and best practice.", "status": "updated"}, {"timestamp": 1707473972, "pkg": "types-flake8-bugbear", "version": "24.2.6.20240209", "summary": "Typing stubs for flake8-bugbear", "status": "updated"}, {"timestamp": 1707560358, "pkg": "flake8-pydocstyle", "version": "0.2.4", "summary": "flake8 plugin that integrates pydocstyle", "status": "updated"}, {"timestamp": 1707646792, "pkg": "flake8-quotes", "version": "3.4", "summary": "Flake8 lint for quotes.", "status": "updated"}, {"timestamp": 1708078802, "pkg": "flake8-qiskit-migration", "version": "0.3", "summary": "Quickly detect imports removed in the Qiskit 1.0 release", "status": "new"}, {"timestamp": 1708510803, "pkg": "flake8-requirements", "version": "2.1", "summary": "Package requirements checker, plugin for flake8", "status": "updated"}, {"timestamp": 1708510803, "pkg": "flake8-force-keyword-arguments", "version": "2", "summary": "A flake8 extension that is looking for function calls and forces to use keyword arguments if there are more than X arguments", "status": "updated"}, {"timestamp": 1708597178, "pkg": "flake8-iteritems", "version": "0.0.0.3", "summary": "flake8 plugin to warn dict.iteritems()", "status": "updated"}, {"timestamp": 1708856362, "pkg": "flake8-pydantic", "version": "0.1.post0", "summary": "A flake8 plugin to check Pydantic related code.", "status": "new"}, {"timestamp": 1709288368, "pkg": "flake8-qiskit-migration", "version": "0.4", "summary": "Quickly detect imports removed in the Qiskit 1.0 release", "status": "updated"}, {"timestamp": 1709979612, "pkg": "flake8-trio", "version": "24.3.9", "summary": "Micropackage to redirect users to flake8-async.", "status": "updated"}, {"timestamp": 1710152379, "pkg": "flake8-pyi", "version": "24.3", "summary": "A plugin for flake8 to enable linting .pyi stub files.", "status": "updated"}, {"timestamp": 1710411609, "pkg": "flake8-commas-x", "version": "3", "summary": "Flake8 lint for trailing commas.", "status": "new"}, {"timestamp": 1710929982, "pkg": "flake8-tensors", "version": "1", "summary": "flake8_tensors - flake8 plugin for deep learning codes", "status": "updated"}, {"timestamp": 1711016347, "pkg": "flake8-logging", "version": "1.6", "summary": "A Flake8 plugin that checks for issues using the standard library logging module.", "status": "updated"}, {"timestamp": 1711102776, "pkg": "flake8-max-lines", "version": "0.0.1", "summary": "flake8 plugin to check max lines per files", "status": "new"}, {"timestamp": 1711189167, "pkg": "flake8-max-lines", "version": "0.0.2", "summary": "flake8 plugin to check max lines per files", "status": "updated"}, {"timestamp": 1711189167, "pkg": "flake8-picky-parentheses", "version": "0.5.5", "summary": "flake8 plugin to nitpick about parenthesis, brackets, and braces", "status": "updated"}, {"timestamp": 1711534782, "pkg": "flake8-init-return", "version": "1.0.1", "summary": "flake8 plugin which makes sure that __init__ functions have a return type", "status": "updated"}, {"timestamp": 1711534782, "pkg": "flake8-requirements", "version": "2.1.1", "summary": "Package requirements checker, plugin for flake8", "status": "updated"}, {"timestamp": 1711707583, "pkg": "flake8-dunder-all", "version": "0.4", "summary": "A Flake8 plugin and pre-commit hook which checks to ensure modules have defined '__all__'.", "status": "updated"}, {"timestamp": 1711793987, "pkg": "flake8-builtins", "version": "2.3", "summary": "Check for python builtins being used as variables or parameters", "status": "updated"}, {"timestamp": 1711880367, "pkg": "types-flake8-builtins", "version": "2.3.0.20240331", "summary": "Typing stubs for flake8-builtins", "status": "updated"}, {"timestamp": 1711880367, "pkg": "flake8-pyi", "version": "24.3.1", "summary": "A plugin for flake8 to enable linting .pyi stub files.", "status": "updated"}, {"timestamp": 1712053183, "pkg": "flake8-pytest-style", "version": "2", "summary": "A flake8 plugin checking common style issues or inconsistencies with pytest-based tests.", "status": "updated"}, {"timestamp": 1712053183, "pkg": "flake8-builtins", "version": "2.4", "summary": "Check for python builtins being used as variables or parameters", "status": "updated"}, {"timestamp": 1712139609, "pkg": "flake8-dunder-all", "version": "0.4.1", "summary": "A Flake8 plugin and pre-commit hook which checks to ensure modules have defined '__all__'.", "status": "updated"}, {"timestamp": 1712225974, "pkg": "types-flake8-builtins", "version": "2.4.0.20240404", "summary": "Typing stubs for flake8-builtins", "status": "updated"}, {"timestamp": 1712744442, "pkg": "flake8-builtins", "version": "2.5", "summary": "Check for python builtins being used as variables or parameters", "status": "updated"}, {"timestamp": 1712744442, "pkg": "pyproject-flake8", "version": "7", "summary": "pyproject-flake8 (`pflake8`), a monkey patching wrapper to connect flake8 with pyproject.toml configuration ", "status": "updated"}, {"timestamp": 1712830793, "pkg": "types-flake8-builtins", "version": "2.5.0.20240411", "summary": "Typing stubs for flake8-builtins", "status": "updated"}, {"timestamp": 1712917187, "pkg": "flake8-pyi", "version": "24.4", "summary": "A plugin for flake8 to enable linting .pyi stub files.", "status": "updated"}]