[{"timestamp": 1681381236, "pkg": "flake8-comprehensions", "version": "3.12", "summary": "A flake8 plugin to help you write better list/set/dict comprehensions.", "status": "updated"}, {"timestamp": 1681467607, "pkg": "mle-flake8-plugins", "version": "0.1", "summary": "", "status": "new"}, {"timestamp": 1681467607, "pkg": "flake8-alphabetize", "version": "0.0.21", "summary": "A Python style checker for alphabetizing import and __all__.", "status": "updated"}, {"timestamp": 1681554024, "pkg": "ignore-flake8-error", "version": "0.2", "summary": "add `noqa` comments to ignore every occurrence of a flake8 error", "status": "updated"}, {"timestamp": 1681554024, "pkg": "flake8-django", "version": "1.2", "summary": "Plugin to catch bad style specific to Django Projects.", "status": "updated"}, {"timestamp": 1681554024, "pkg": "flake8-dunder-all", "version": "0.3", "summary": "A Flake8 plugin and pre-commit hook which checks to ensure modules have defined '__all__'.", "status": "updated"}, {"timestamp": 1681726814, "pkg": "flake8-sqlalchemy", "version": "0.1", "summary": "A flake8 plugin to detect issues with SQLAlchemy code", "status": "new"}, {"timestamp": 1681726814, "pkg": "flake8-keyword-params", "version": "1", "summary": "Flake8 keyword parameter validation", "status": "new"}, {"timestamp": 1681813263, "pkg": "flake8-checker", "version": "0.0.2", "summary": "Plugin to comply with my picky standards", "status": "new"}, {"timestamp": 1681813263, "pkg": "flake8-keyword-params", "version": "1.1", "summary": "Flake8 keyword parameter validation", "status": "updated"}, {"timestamp": 1681899599, "pkg": "hacking", "version": "6", "summary": "OpenStack Hacking Guideline Enforcement", "status": "updated"}, {"timestamp": 1681986062, "pkg": "flake8-keyword-params", "version": "1.1.1", "summary": "Flake8 keyword parameter validation", "status": "updated"}, {"timestamp": 1681986062, "pkg": "autohooks-plugin-flake8", "version": "23.4", "summary": "An autohooks plugin for python code linting via flake8.", "status": "updated"}, {"timestamp": 1682418074, "pkg": "flake8-bas", "version": "0.2", "summary": "Flake8 extension that checks for blank lines around (compound) statements.", "status": "updated"}, {"timestamp": 1682418074, "pkg": "mle-flake8-plugins", "version": "0.1.4", "summary": "", "status": "updated"}, {"timestamp": 1682418074, "pkg": "flake8-prometheus-metrics-name", "version": "0.1.11", "summary": "Flake8 plugin for prometheus metric name validation", "status": "updated"}, {"timestamp": 1682418074, "pkg": "flake8-import-rules", "version": "1", "summary": "", "status": "updated"}, {"timestamp": 1682504398, "pkg": "flake8-aaa", "version": "0.14.1", "summary": "A Flake8 plugin that checks Python tests follow the Arrange-Act-Assert pattern", "status": "updated"}, {"timestamp": 1682677260, "pkg": "flake8-no-pep420", "version": "2.4", "summary": "A flake8 plugin to ban PEP-420 implicit namespace packages.", "status": "updated"}, {"timestamp": 1682677260, "pkg": "hacking", "version": "6.0.1", "summary": "OpenStack Hacking Guideline Enforcement", "status": "updated"}, {"timestamp": 1682850018, "pkg": "tryceratops", "version": "2", "summary": "Prevent Exception Handling AntiPatterns", "status": "updated"}, {"timestamp": 1682936410, "pkg": "reactpy-flake8", "version": "0.7", "summary": "Flake8 plugin to enforce the rules of hooks for ReactPy", "status": "new"}, {"timestamp": 1683022831, "pkg": "flake8-linenumber", "version": "0.1.9", "summary": "flake8 plugin to limit line number in a module", "status": "updated"}, {"timestamp": 1683022831, "pkg": "flake8-pyi", "version": "23.5", "summary": "A plugin for flake8 to enable linting .pyi stub files.", "status": "updated"}, {"timestamp": 1683109201, "pkg": "flake8-annotations", "version": "3.0.1", "summary": "Flake8 Type Annotation Checks", "status": "updated"}, {"timestamp": 1683368376, "pkg": "flake8-iw", "version": "0.0.21", "summary": "A plugin to show lint errors for IW", "status": "updated"}, {"timestamp": 1683454779, "pkg": "types-flake8-2020", "version": "1.8", "summary": "Typing stubs for flake8-2020", "status": "updated"}, {"timestamp": 1683454779, "pkg": "flake8-2020", "version": "1.8", "summary": "flake8 plugin which checks for misuse of `sys.version` or `sys.version_info`", "status": "updated"}, {"timestamp": 1683713994, "pkg": "flake8-bugbear", "version": "23.5.9", "summary": "A plugin for flake8 finding likely bugs and design problems in your program. Contains warnings that don't belong in pyflakes and pycodestyle.", "status": "updated"}, {"timestamp": 1683713994, "pkg": "types-flake8-bugbear", "version": "23.5.9", "summary": "Typing stubs for flake8-bugbear", "status": "updated"}, {"timestamp": 1683800440, "pkg": "flake8-ban-utcnow-36", "version": "0.2", "summary": "flake8 plugin which bans the usage of datetime.datetime.utcnow. Forked to support 3.6.", "status": "new"}, {"timestamp": 1683800440, "pkg": "types-flake8-docstrings", "version": "1.7.0.2", "summary": "Typing stubs for flake8-docstrings", "status": "updated"}, {"timestamp": 1683800440, "pkg": "types-flake8-bugbear", "version": "23.5.9.1", "summary": "Typing stubs for flake8-bugbear", "status": "updated"}, {"timestamp": 1683800440, "pkg": "types-flake8-typing-imports", "version": "1.14.0.2", "summary": "Typing stubs for flake8-typing-imports", "status": "updated"}, {"timestamp": 1683800440, "pkg": "types-flake8-rst-docstrings", "version": "0.3.0.2", "summary": "Typing stubs for flake8-rst-docstrings", "status": "updated"}, {"timestamp": 1683800440, "pkg": "flake8-aaa", "version": "0.15", "summary": "A Flake8 plugin that checks Python tests follow the Arrange-Act-Assert pattern", "status": "updated"}, {"timestamp": 1683800440, "pkg": "types-flake8-simplify", "version": "0.20.0.1", "summary": "Typing stubs for flake8-simplify", "status": "updated"}, {"timestamp": 1683800440, "pkg": "types-flake8-builtins", "version": "2.1.0.2", "summary": "Typing stubs for flake8-builtins", "status": "updated"}, {"timestamp": 1683800440, "pkg": "types-flake8-plugin-utils", "version": "1.3.7.3", "summary": "Typing stubs for flake8-plugin-utils", "status": "updated"}, {"timestamp": 1684059581, "pkg": "tryceratops", "version": "2.1", "summary": "Prevent Exception Handling AntiPatterns", "status": "updated"}, {"timestamp": 1684146045, "pkg": "flake8-ban-utcnow", "version": "0.2", "summary": "flake8 plugin which bans the usage of datetime.datetime.utcnow and datetime.datetime.utcfromtimestamp", "status": "updated"}, {"timestamp": 1684232454, "pkg": "autohooks-plugin-flake8", "version": "23.5", "summary": "An autohooks plugin for python code linting via flake8.", "status": "updated"}, {"timestamp": 1684232454, "pkg": "flake8-requirements", "version": "1.7.8", "summary": "Package requirements checker, plugin for flake8", "status": "updated"}, {"timestamp": 1684405193, "pkg": "tryceratops", "version": "2.1.1", "summary": "Prevent Exception Handling AntiPatterns", "status": "updated"}, {"timestamp": 1684577986, "pkg": "tryceratops", "version": "2.2", "summary": "Prevent Exception Handling AntiPatterns", "status": "updated"}, {"timestamp": 1684664373, "pkg": "tryceratops", "version": "2.3.1", "summary": "Prevent Exception Handling AntiPatterns", "status": "updated"}, {"timestamp": 1684750836, "pkg": "flake8-django", "version": "1.3", "summary": "Plugin to catch bad style specific to Django Projects.", "status": "updated"}, {"timestamp": 1684837206, "pkg": "flake8-balanced-wrapping", "version": "0.1.2", "summary": "A flake8 plugin that helps you wrap code with visual balance.", "status": "updated"}, {"timestamp": 1684837206, "pkg": "flake8-github-annotations", "version": "1.1.1", "summary": "A flake8 formatter that turns output into Github Annotations", "status": "updated"}, {"timestamp": 1684923597, "pkg": "tryceratops", "version": "2.3.2", "summary": "Prevent Exception Handling AntiPatterns", "status": "updated"}, {"timestamp": 1685096397, "pkg": "flake8-tkinter", "version": "0.6", "summary": "A flake8 plugin that helps you write better Tkinter code", "status": "updated"}]