[{"timestamp": 1616668955, "pkg": "pyflakes", "version": "2.3.1", "summary": "passive checker of Python programs", "status": "updated"}, {"timestamp": 1616754953, "pkg": "flake8-multiline-containers", "version": "0.0.18", "summary": "Ensure a consistent format for multiline containers.", "status": "updated"}, {"timestamp": 1616754953, "pkg": "flake8-encodings", "version": "0.2.2", "summary": "A Flake8 plugin to identify incorrect use of encodings.", "status": "updated"}, {"timestamp": 1616754953, "pkg": "flake8-tabs", "version": "2.3", "summary": "Tab (or Spaces) indentation style checker for flake", "status": "updated"}, {"timestamp": 1616841336, "pkg": "flake8-tabs", "version": "2.3.1", "summary": "Tab (or Spaces) indentation style checker for flake", "status": "updated"}, {"timestamp": 1616841336, "pkg": "good-smell", "version": "0.18", "summary": "A linter/refactoring tool to make your code smell better!", "status": "updated"}, {"timestamp": 1616927714, "pkg": "flake8-requirements", "version": "1.4", "summary": "Package requirements checker, plugin for flake8", "status": "updated"}, {"timestamp": 1616927714, "pkg": "flake8-encodings", "version": "0.3.2", "summary": "A Flake8 plugin to identify incorrect use of encodings.", "status": "updated"}, {"timestamp": 1617014205, "pkg": "flake8-name-migrations", "version": "0.1", "summary": "Flake8 hook for reminding you to give your Django migrations human readable names", "status": "new"}, {"timestamp": 1617186974, "pkg": "flake8-encodings", "version": "0.3.4", "summary": "A Flake8 plugin to identify incorrect use of encodings.", "status": "updated"}, {"timestamp": 1617273389, "pkg": "flake8-tuple-trailing-commas", "version": "0.1.1", "summary": "flake8 plugin for enforcing trailing commas in tuples", "status": "new"}, {"timestamp": 1617359743, "pkg": "flake8-pytest-style", "version": "1.4.1", "summary": "A flake8 plugin checking common style issues or inconsistencies with pytest-based tests.", "status": "updated"}, {"timestamp": 1617359743, "pkg": "flake8-annotations", "version": "2.6.2", "summary": "Flake8 Type Annotation Checks", "status": "updated"}, {"timestamp": 1617359743, "pkg": "flake8-bugbear", "version": "21.4.3", "summary": "A plugin for flake8 finding likely bugs and design problems in your program. Contains warnings that don't belong in pyflakes and pycodestyle.", "status": "updated"}, {"timestamp": 1617446089, "pkg": "flake8-type-checking", "version": "0.1.1", "summary": "A flake8 plugin for managing type-checking imports & forward references", "status": "new"}, {"timestamp": 1617532498, "pkg": "flake8-type-checking", "version": "0.1.2", "summary": "A flake8 plugin for managing type-checking imports & forward references", "status": "updated"}, {"timestamp": 1617618940, "pkg": "flake8-type-checking", "version": "1", "summary": "A flake8 plugin for managing type-checking imports & forward references", "status": "updated"}, {"timestamp": 1617618940, "pkg": "darglint", "version": "1.8", "summary": "A utility for ensuring Google-style docstrings stay up to date with the source code.", "status": "updated"}, {"timestamp": 1617791630, "pkg": "flake8-use-pathlib", "version": "0.2", "summary": "A plugin for flake8 finding use of functions that can be replaced by pathlib module.", "status": "new"}, {"timestamp": 1617791630, "pkg": "flake8-pathlib", "version": "0.1.4", "summary": "flake8-pathlib is now flake8-use-pathlib", "status": "updated"}, {"timestamp": 1617791630, "pkg": "pyproject-flake8", "version": "0.0.1a2", "summary": "pyproject-flake8 (`pflake8`), a monkey patching wrapper to connect flake8 with pyproject.toml configuration ", "status": "updated"}, {"timestamp": 1617791630, "pkg": "flake8-django-migrations", "version": "0.1.1", "summary": "Flake8 plugin to lint for backwards incompatible database migrations", "status": "updated"}, {"timestamp": 1618050888, "pkg": "flake8-alphabetize", "version": "0.0.3", "summary": "A Python style checker for alphabetizing import and __all__.", "status": "new"}, {"timestamp": 1618137280, "pkg": "flake8-alphabetize", "version": "0.0.8", "summary": "A Python style checker for alphabetizing import and __all__.", "status": "updated"}, {"timestamp": 1618223726, "pkg": "flake8-numpy-random", "version": "0.1", "summary": "Plugin for Flake8 that forbids usage of numpy.random()", "status": "new"}, {"timestamp": 1618223726, "pkg": "flake8-pie", "version": "0.7", "summary": "A flake8 extension that implements misc. lints", "status": "updated"}, {"timestamp": 1618223726, "pkg": "flake8-alphabetize", "version": "0.0.11", "summary": "A Python style checker for alphabetizing import and __all__.", "status": "updated"}, {"timestamp": 1618310096, "pkg": "flake8-pie", "version": "0.7.1", "summary": "A flake8 extension that implements misc. lints", "status": "updated"}, {"timestamp": 1618310096, "pkg": "flake8-alphabetize", "version": "0.0.12", "summary": "A Python style checker for alphabetizing import and __all__.", "status": "updated"}, {"timestamp": 1618482836, "pkg": "flake8-complex-f-strings", "version": "0.1", "summary": "Flake8 plugin for too complex f-strings.", "status": "new"}, {"timestamp": 1618482836, "pkg": "flake8-cached", "version": "0.0.1", "summary": "A wrapper around flake8's cli that uses cache at file level", "status": "new"}, {"timestamp": 1618569221, "pkg": "flake8", "version": "3.9.1", "summary": "the modular source code checker: pep8 pyflakes and co", "status": "updated"}, {"timestamp": 1618569221, "pkg": "flake8-rst-docstrings", "version": "0.1.1", "summary": "Python docstring reStructuredText (RST) validator", "status": "updated"}, {"timestamp": 1618655606, "pkg": "flake8-nb", "version": "0.2.7", "summary": "Flake8 based checking for jupyter notebooks", "status": "updated"}, {"timestamp": 1618655606, "pkg": "flake8-rst-docstrings", "version": "0.1.2", "summary": "Python docstring reStructuredText (RST) validator", "status": "updated"}, {"timestamp": 1618828455, "pkg": "flake8-pie", "version": "0.7.2", "summary": "A flake8 extension that implements misc. lints", "status": "updated"}, {"timestamp": 1619001263, "pkg": "flake8-alphabetize", "version": "0.0.14", "summary": "A Python style checker for alphabetizing import and __all__.", "status": "updated"}, {"timestamp": 1619087731, "pkg": "hacking", "version": "4.1", "summary": "OpenStack Hacking Guideline Enforcement", "status": "updated"}, {"timestamp": 1619087731, "pkg": "flake8-idom-hooks", "version": "0.4.1", "summary": "Flake8 plugin to enforce the rules of hooks for IDOM", "status": "updated"}, {"timestamp": 1619174096, "pkg": "flake8-tuple-trailing-commas", "version": "0.1.3", "summary": "flake8 plugin for enforcing few rules", "status": "updated"}, {"timestamp": 1619174096, "pkg": "flake8-functions", "version": "0.0.6", "summary": "A flake8 extension that checks functions", "status": "updated"}, {"timestamp": 1619174096, "pkg": "flake8-aaa", "version": "0.11.2", "summary": "A Flake8 plugin that checks Python tests follow the Arrange-Act-Assert pattern", "status": "updated"}, {"timestamp": 1619174096, "pkg": "flake8-tabs", "version": "2.3.2", "summary": "Tab (or Spaces) indentation style checker for flake", "status": "updated"}, {"timestamp": 1619260526, "pkg": "flake8-rst-docstrings", "version": "0.2.1", "summary": "Python docstring reStructuredText (RST) validator", "status": "updated"}, {"timestamp": 1619346906, "pkg": "flake8-timeout", "version": "0.2", "summary": "flake8 plugin which checks that a timeout is set to all requests calls", "status": "new"}, {"timestamp": 1619346906, "pkg": "flake8-pie", "version": "0.7.3", "summary": "A flake8 extension that implements misc. lints", "status": "updated"}, {"timestamp": 1619433371, "pkg": "flake8-pie", "version": "0.7.4", "summary": "A flake8 extension that implements misc. lints", "status": "updated"}, {"timestamp": 1619519713, "pkg": "flake8-pie", "version": "0.8", "summary": "A flake8 extension that implements misc. lints", "status": "updated"}, {"timestamp": 1619865275, "pkg": "flake8-import-order-tridge", "version": "1.0.5", "summary": "Tridge's import order style for flake8-import-order", "status": "new"}, {"timestamp": 1619865275, "pkg": "flake8-rst-docstrings", "version": "0.2.2", "summary": "Python docstring reStructuredText (RST) validator", "status": "updated"}, {"timestamp": 1619951655, "pkg": "flake8-pie", "version": "0.8.1", "summary": "A flake8 extension that implements misc. lints", "status": "updated"}]