[{"timestamp": 1691749239, "pkg": "flake8-internal-name-import", "version": "1.0.1", "summary": "flake8 plugin that reports imports of internal names", "status": "updated"}, {"timestamp": 1691749239, "pkg": "pandas-vet", "version": "2023.8.1", "summary": "A flake8 plugin to lint pandas in an opinionated way.", "status": "updated"}, {"timestamp": 1691835558, "pkg": "pandas-vet", "version": "2023.8.2", "summary": "A flake8 plugin to lint pandas in an opinionated way.", "status": "updated"}, {"timestamp": 1692008415, "pkg": "flake8-github", "version": "1.0.1", "summary": "Flake8 formatter for GitHub Actions", "status": "new"}, {"timestamp": 1692440401, "pkg": "nitpick", "version": "0.34", "summary": "Enforce the same settings across multiple language-independent projects", "status": "updated"}, {"timestamp": 1692785976, "pkg": "flake8-all-not-strings", "version": "0", "summary": "flake8 plugin which checks that modules under `__all__` are defined as strings", "status": "new"}, {"timestamp": 1693045173, "pkg": "flake8-logging", "version": "1.1", "summary": "A Flake8 plugin that checks for issues using the standard library logging module.", "status": "new"}, {"timestamp": 1693045173, "pkg": "flake8-import-restrictions", "version": "2.0.1", "summary": "A flake8 plugin used to disallow certain forms of imports.", "status": "updated"}, {"timestamp": 1693649972, "pkg": "flake8-import-linter", "version": "0.1.11", "summary": "Flake8 plugin that checks for forbidden imports in your code", "status": "new"}, {"timestamp": 1693822806, "pkg": "flake8-sqlalchemy", "version": "0.2", "summary": "A flake8 plugin to detect issues with SQLAlchemy code", "status": "updated"}, {"timestamp": 1693909185, "pkg": "flake8-logging", "version": "1.2", "summary": "A Flake8 plugin that checks for issues using the standard library logging module.", "status": "updated"}, {"timestamp": 1693909185, "pkg": "flake8-markdown", "version": "0.5", "summary": "Lints Python code blocks in Markdown files using flake8", "status": "updated"}, {"timestamp": 1694168391, "pkg": "flake8-no-pytest-mark-only", "version": "1", "summary": "Flake8 plugin to disallow the use of the pytest.mark.only decorator.", "status": "new"}, {"timestamp": 1694254821, "pkg": "flake8-ejudge", "version": "0.5.4", "summary": "\u041f\u0440\u043e\u0432\u0435\u0440\u043a\u0430 \u0441\u0442\u0438\u043b\u044f \u0438 \u0442\u0440\u0435\u0431\u043e\u0432\u0430\u043d\u0438\u0439 \u043a \u0438\u0441\u043f\u043e\u043b\u044c\u0437\u0443\u0435\u043c\u043e\u043c\u0443 \u0441\u0438\u043d\u0442\u0430\u043a\u0441\u0438\u0441\u0443 \u0432 python \u043a\u043e\u0434\u0435 \u0434\u043b\u044f ejudge", "status": "updated"}, {"timestamp": 1694514011, "pkg": "flake8-pgp", "version": "1.1.16", "summary": "flake8 plugin which checks for various bad python practises", "status": "new"}, {"timestamp": 1694686840, "pkg": "flake8-pbp", "version": "1.0.12", "summary": "flake8 plugin which checks for various bad python practises", "status": "new"}, {"timestamp": 1694859584, "pkg": "flake8-isort", "version": "6.1", "summary": "flake8 plugin that integrates isort .", "status": "updated"}, {"timestamp": 1694945956, "pkg": "flake8-bugbear", "version": "23.9.16", "summary": "A plugin for flake8 finding likely bugs and design problems in your program. Contains warnings that don't belong in pyflakes and pycodestyle.", "status": "updated"}, {"timestamp": 1694945956, "pkg": "types-flake8-bugbear", "version": "23.9.16", "summary": "Typing stubs for flake8-bugbear", "status": "updated"}, {"timestamp": 1694945956, "pkg": "flake8-deprecated", "version": "2.1", "summary": "Warns about deprecated method calls.", "status": "updated"}, {"timestamp": 1695032413, "pkg": "flake8-logging", "version": "1.3.1", "summary": "A Flake8 plugin that checks for issues using the standard library logging module.", "status": "updated"}, {"timestamp": 1695032413, "pkg": "flake8-author", "version": "2.1", "summary": "Flake8 __author__ checker", "status": "updated"}, {"timestamp": 1695118857, "pkg": "flake8-picky-parentheses", "version": "0.5.1", "summary": "flake8 plugin to nitpick about parenthesis, brackets, and braces", "status": "updated"}, {"timestamp": 1695205238, "pkg": "flake8-picky-parentheses", "version": "0.5.2", "summary": "flake8 plugin to nitpick about parenthesis, brackets, and braces", "status": "updated"}, {"timestamp": 1695550810, "pkg": "flake8-simplify", "version": "0.21", "summary": "flake8 plugin which checks for code that can be simplified", "status": "updated"}, {"timestamp": 1695550810, "pkg": "types-flake8-simplify", "version": "0.21", "summary": "Typing stubs for flake8-simplify", "status": "updated"}, {"timestamp": 1695550810, "pkg": "pyproject-flake8", "version": "6.1", "summary": "pyproject-flake8 (`pflake8`), a monkey patching wrapper to connect flake8 with pyproject.toml configuration ", "status": "updated"}, {"timestamp": 1695637199, "pkg": "flake8-fill-one-line", "version": "0.3.3", "summary": "A Flake8 plugin to ensure an expression can be written in one line without exceeding the maximum length limit", "status": "new"}, {"timestamp": 1695637199, "pkg": "flake8-rst-docparams", "version": "1.0.7", "summary": "Check for reStructuredText function parameter documentation", "status": "updated"}, {"timestamp": 1695723591, "pkg": "flake8-pbp", "version": "1.0.13", "summary": "flake8 plugin which checks for various bad python practises", "status": "updated"}, {"timestamp": 1695723591, "pkg": "flake8-fill-one-line", "version": "0.4", "summary": "A Flake8 plugin to ensure an expression can be written in one line without exceeding the maximum length limit", "status": "updated"}, {"timestamp": 1695896477, "pkg": "flake8-warnings", "version": "0.4.1", "summary": "Linter (flake8, pylint, custom CLI) for finding usage of deprecated functions.", "status": "updated"}, {"timestamp": 1696155580, "pkg": "flake8-intsights", "version": "0.3.1", "summary": "Uncompromising and opinionated flake8 plugin which follows Intsights' practices", "status": "updated"}, {"timestamp": 1696328444, "pkg": "ament-lint-flake8", "version": "0.14.4", "summary": "Check Python code style using flake8.", "status": "new"}, {"timestamp": 1696328444, "pkg": "types-flake8-typing-imports", "version": "1.15", "summary": "Typing stubs for flake8-typing-imports", "status": "updated"}, {"timestamp": 1696328444, "pkg": "flake8-ruff-wrapper", "version": "0.4", "summary": "Invoke ruff using flake8 options", "status": "updated"}, {"timestamp": 1696328444, "pkg": "flake8-test-name", "version": "0.1.6", "summary": "Invalid test name checker, plugin for flake8", "status": "updated"}, {"timestamp": 1696328444, "pkg": "flake8-typing-imports", "version": "1.15", "summary": "flake8 plugin which checks that typing imports are properly guarded", "status": "updated"}, {"timestamp": 1696501241, "pkg": "flake8-picky-parentheses", "version": "0.5.3", "summary": "flake8 plugin to nitpick about parenthesis, brackets, and braces", "status": "updated"}, {"timestamp": 1696501241, "pkg": "flake8-all-not-strings", "version": "0.0.1", "summary": "flake8 plugin which checks that modules under `__all__` are defined as strings", "status": "updated"}, {"timestamp": 1696587653, "pkg": "flake8-type-checking", "version": "2.4.2", "summary": "A flake8 plugin for managing type-checking imports & forward references", "status": "updated"}, {"timestamp": 1696674008, "pkg": "flake8-stash", "version": "0.9", "summary": "A collection of flake8 checks.", "status": "updated"}, {"timestamp": 1696674008, "pkg": "flake8-max-function-length", "version": "0.8", "summary": "A configurable flake8 plugin to enforce a maximum function/method length.", "status": "updated"}, {"timestamp": 1696674008, "pkg": "flake8-pylint", "version": "0.2.1", "summary": "Flake8 plugin that runs PyLint.", "status": "updated"}, {"timestamp": 1696760432, "pkg": "flake8-sarif-formatter", "version": "0", "summary": "A SARIF formatter for flake8", "status": "new"}, {"timestamp": 1696846816, "pkg": "flake8-absolute-import", "version": "1.0.0.2", "summary": "flake8 plugin to require absolute imports", "status": "updated"}, {"timestamp": 1696933248, "pkg": "flake8-sarif-formatter", "version": "1.0.1", "summary": "A SARIF formatter for flake8", "status": "updated"}, {"timestamp": 1696933248, "pkg": "flake8-logging", "version": "1.4", "summary": "A Flake8 plugin that checks for issues using the standard library logging module.", "status": "updated"}, {"timestamp": 1697192451, "pkg": "flake8-pyi", "version": "23.10", "summary": "A plugin for flake8 to enable linting .pyi stub files.", "status": "updated"}, {"timestamp": 1697192451, "pkg": "pycodestyle", "version": "2.11.1", "summary": "Python style guide checker", "status": "updated"}, {"timestamp": 1697538017, "pkg": "flake8-type-checking", "version": "2.5", "summary": "A flake8 plugin for managing type-checking imports & forward references", "status": "updated"}]