[{"timestamp": 1719310809, "pkg": "flake8-requirements", "version": "2.2.1", "summary": "Package requirements checker, plugin for flake8", "status": "updated"}, {"timestamp": 1719742772, "pkg": "flake8-comprehensions", "version": "3.15", "summary": "A flake8 plugin to help you write better list/set/dict comprehensions.", "status": "updated"}, {"timestamp": 1720520404, "pkg": "tryceratops", "version": "2.3.3", "summary": "Prevent Exception Handling AntiPatterns", "status": "updated"}, {"timestamp": 1720606814, "pkg": "flake8-numpydtype", "version": "0.0.0.1", "summary": "flake8 plugin to warn deprecated numpy dtype", "status": "new"}, {"timestamp": 1720606814, "pkg": "flake8-py2builtins", "version": "0.0.0.1", "summary": "flake8 plugin to warn Python2 builtins", "status": "new"}, {"timestamp": 1720693186, "pkg": "types-flake8", "version": "7.1.0.20240711", "summary": "Typing stubs for flake8", "status": "updated"}, {"timestamp": 1721384445, "pkg": "pytest-flake8", "version": "1.1.3", "summary": "pytest plugin to check FLAKE8 requirements", "status": "updated"}, {"timestamp": 1721470770, "pkg": "pytest-flake8", "version": "1.2", "summary": "pytest plugin to check FLAKE8 requirements", "status": "updated"}, {"timestamp": 1721557232, "pkg": "flake8-final", "version": "0.0.2", "summary": "flake8 plugin for check and inheritance of implementations", "status": "new"}, {"timestamp": 1721643623, "pkg": "pytest-flake8", "version": "1.2.2", "summary": "pytest plugin to check FLAKE8 requirements", "status": "updated"}, {"timestamp": 1721730000, "pkg": "flake8-final", "version": "0.0.3", "summary": "flake8 plugin for check and inheritance of implementations", "status": "updated"}, {"timestamp": 1721816435, "pkg": "flake8-override", "version": "0.0.1", "summary": "This is how python package should look like!", "status": "new"}, {"timestamp": 1721902805, "pkg": "flake8-override", "version": "0.0.4", "summary": "This is how python package should look like!", "status": "updated"}, {"timestamp": 1722421159, "pkg": "flake8-import-guard", "version": "0.1.6", "summary": "Flake8 plugin to enforce import restrictions in Python projects.", "status": "new"}, {"timestamp": 1722766800, "pkg": "flake8-intsights", "version": "0.4", "summary": "Uncompromising and opinionated flake8 plugin which follows Intsights' practices", "status": "updated"}, {"timestamp": 1722853212, "pkg": "flake8", "version": "7.1.1", "summary": "the modular source code checker: pep8 pyflakes and co", "status": "updated"}, {"timestamp": 1722853212, "pkg": "pycodestyle", "version": "2.12.1", "summary": "Python style guide checker", "status": "updated"}, {"timestamp": 1723112400, "pkg": "flake8-async", "version": "24.8.1", "summary": "A highly opinionated flake8 plugin for Trio-related problems.", "status": "updated"}, {"timestamp": 1723544421, "pkg": "flake8-import-guard", "version": "1", "summary": "Flake8 plugin to enforce import restrictions in Python projects.", "status": "updated"}, {"timestamp": 1723890000, "pkg": "hacking", "version": "7", "summary": "OpenStack Hacking Guideline Enforcement", "status": "updated"}, {"timestamp": 1723976383, "pkg": "types-flake8-2020", "version": "1.8.0.20240818", "summary": "Typing stubs for flake8-2020", "status": "updated"}, {"timestamp": 1724149220, "pkg": "tryceratops", "version": "2.4", "summary": "Prevent Exception Handling AntiPatterns", "status": "updated"}, {"timestamp": 1724149220, "pkg": "flake8-bugbear", "version": "24.8.19", "summary": "A plugin for flake8 finding likely bugs and design problems in your program. Contains warnings that don't belong in pyflakes and pycodestyle.", "status": "updated"}, {"timestamp": 1724235601, "pkg": "flake8-no-json", "version": "0.0.2", "summary": "flake8 plugin for using json from stdlib", "status": "new"}, {"timestamp": 1724322015, "pkg": "types-flake8-bugbear", "version": "24.8.19.20240822", "summary": "Typing stubs for flake8-bugbear", "status": "updated"}, {"timestamp": 1725013233, "pkg": "flake8-import-restrictions", "version": "2.1", "summary": "A flake8 plugin used to disallow certain forms of imports.", "status": "updated"}, {"timestamp": 1725099588, "pkg": "aind-flake8-extensions", "version": "0.4", "summary": "Generated from aind-library-template", "status": "new"}, {"timestamp": 1725099588, "pkg": "flake8-github-annotations", "version": "1.1.2", "summary": "A flake8 formatter that turns output into Github Annotations", "status": "updated"}, {"timestamp": 1725618037, "pkg": "flake8-async", "version": "24.9.1", "summary": "A highly opinionated flake8 plugin for Trio-related problems.", "status": "updated"}, {"timestamp": 1725963618, "pkg": "flake8-async", "version": "24.9.2", "summary": "A highly opinionated flake8 plugin for Trio-related problems.", "status": "updated"}, {"timestamp": 1726136435, "pkg": "flake8-async", "version": "24.9.3", "summary": "A highly opinionated flake8 plugin for Trio-related problems.", "status": "updated"}, {"timestamp": 1726136435, "pkg": "aind-flake8-extensions", "version": "0.5.2", "summary": "Generated from aind-library-template", "status": "updated"}, {"timestamp": 1726568445, "pkg": "flake8-all-not-strings", "version": "0.0.2", "summary": "flake8 plugin which checks that modules under `__all__` are defined as strings", "status": "updated"}, {"timestamp": 1726741200, "pkg": "flake8-async", "version": "24.9.4", "summary": "A highly opinionated flake8 plugin for Trio-related problems.", "status": "updated"}, {"timestamp": 1727173249, "pkg": "flake8-pyspark-with-column", "version": "0.0.4", "summary": "A Flake8 plugin to check for PySpark withColumn usage in loops", "status": "new"}, {"timestamp": 1727173249, "pkg": "flake8-pyi", "version": "24.9", "summary": "A plugin for flake8 to enable linting .pyi stub files.", "status": "updated"}, {"timestamp": 1727346032, "pkg": "flake8-async", "version": "24.9.5", "summary": "A highly opinionated flake8 plugin for Trio-related problems.", "status": "updated"}, {"timestamp": 1727346032, "pkg": "aind-flake8-extensions", "version": "0.6", "summary": "Generated from aind-library-template", "status": "updated"}, {"timestamp": 1727432439, "pkg": "flake8-ecocode", "version": "0.1.2", "summary": "", "status": "new"}, {"timestamp": 1727518787, "pkg": "aind-flake8-extensions", "version": "0.6.2", "summary": "Generated from aind-library-template", "status": "updated"}, {"timestamp": 1727864424, "pkg": "flake8-errmsg", "version": "0.5.1", "summary": "Flake8 checker for raw literals inside raises.", "status": "updated"}, {"timestamp": 1728382809, "pkg": "flake8-constants", "version": "0.0.3", "summary": "A Flake8 plugin to detect modifications of constants", "status": "new"}, {"timestamp": 1728555632, "pkg": "flake8-in-file-ignores", "version": "0.3", "summary": "file-level per-file-ignores for flake8", "status": "updated"}, {"timestamp": 1728728409, "pkg": "flake8-kotoha", "version": "0.1", "summary": "flake8 plugin to improve your type hints", "status": "new"}, {"timestamp": 1728728409, "pkg": "flake8-stash", "version": "0.10", "summary": "A collection of flake8 checks.", "status": "updated"}, {"timestamp": 1728728409, "pkg": "flake8-max-function-length", "version": "0.9", "summary": "A configurable flake8 plugin to enforce a maximum function/method length.", "status": "updated"}, {"timestamp": 1728728409, "pkg": "flake8-typing-imports", "version": "1.16", "summary": "flake8 plugin which checks that typing imports are properly guarded", "status": "updated"}, {"timestamp": 1728814781, "pkg": "types-flake8-typing-imports", "version": "1.16.0.20241013", "summary": "Typing stubs for flake8-typing-imports", "status": "updated"}, {"timestamp": 1729333209, "pkg": "st2flake8", "version": "0.2", "summary": "UNKNOWN", "status": "updated"}, {"timestamp": 1729419594, "pkg": "types-flake8", "version": "7.1.0.20241020", "summary": "Typing stubs for flake8", "status": "updated"}, {"timestamp": 1729506047, "pkg": "flake8-implicit-str-concat", "version": "0.5", "summary": "Flake8 plugin to encourage correct string literal concatenation", "status": "updated"}]