{"init": {"version": "0.0", "summary": "[no summary]", "eps": {}}, "cohesion": {"version": "1.1", "summary": "A tool for measuring Python class cohesion.", "eps": {"H60": {"module": "cohesion.flake8_extension", "callable": "CohesionChecker"}}}, "danger-flake8": {"version": "0.1", "summary": "Danger plugin to display flake8 lint result", "eps": {}}, "darglint": {"version": "1.8.1", "summary": "A utility for ensuring Google-style docstrings stay up to date with the source code.", "eps": {"DAR": {"module": "darglint.flake8_entry", "callable": "DarglintChecker"}}}, "dlint": {"version": "0.16", "summary": "Dlint is a tool for encouraging best coding practices and helping ensure Python code is secure.", "eps": {"DUO": {"module": "dlint.extension", "callable": "Flake8Extension"}}}, "flake8": {"version": "7.1.1", "summary": "the modular source code checker: pep8 pyflakes and co", "eps": {"E": {"module": "flake8.plugins.pycodestyle", "callable": "pycodestyle_logical"}, "F": {"module": "flake8.plugins.pyflakes", "callable": "FlakesChecker"}, "W": {"module": "flake8.plugins.pycodestyle", "callable": "pycodestyle_physical"}}}, "flake8-2020": {"version": "1.8.1", "summary": "flake8 plugin which checks for misuse of `sys.version` or `sys.version_info`", "eps": {"YTT": {"module": "flake8_2020", "callable": "Plugin"}}}, "flake8-aaa": {"version": "0.17", "summary": "A Flake8 plugin that checks Python tests follow the Arrange-Act-Assert pattern", "eps": {"AAA": {"module": "flake8_aaa", "callable": "Checker"}}}, "flake8-absolute-import": {"version": "1.0.0.2", "summary": "flake8 plugin to require absolute imports", "eps": {"ABS1": {"module": "flake8_absolute_import", "callable": "Plugin"}}}, "flake8-adjustable-complexity": {"version": "0.0.6", "summary": "A flake8 extension that checks cyclomatic complexity and calculates max complexity limit in runtime", "eps": {"CAC001": {"module": "flake8_adjustable_complexity.checker", "callable": "CyclomaticComplexityAdjustableChecker"}}}, "flake8-alfred": {"version": "1.1.1", "summary": "Flake8 plugin warning for unsafe functions", "eps": {"B1": {"module": "flake8_alfred", "callable": "WarnSymbols"}}}, "flake8-annotations": {"version": "3.1.1", "summary": "Flake8 Type Annotation Checks", "eps": {"ANN": {"module": "flake8_annotations.checker", "callable": "TypeHintChecker"}}}, "flake8-annotations-complexity": {"version": "0.0.8", "summary": "A flake8 extension that checks for type annotations complexity", "eps": {"TAE002": {"module": "flake8_annotations_complexity.checker", "callable": "AnnotationsComplexityChecker"}}}, "flake8-annotations-coverage": {"version": "0.0.6", "summary": "A flake8 extension that checks for type annotations coverage", "eps": {"TAE001": {"module": "flake8_annotations_coverage.annotations_coverage", "callable": "AnnotationsCoverageChecker"}}}, "flake8-array-spacing": {"version": "0.2", "summary": "flake8 plugin to make exceptions for array-like variables", "eps": {"A2": {"module": "flake8_array_spacing", "callable": "ArraySpacing"}}}, "flake8-assertive": {"version": "2.1", "summary": "Flake8 unittest assert method checker", "eps": {"A50": {"module": "flake8_assertive", "callable": "Checker"}}}, "flake8-assert-msg": {"version": "1.1.1", "summary": "flake8 plugin which forbids assert statements without messages", "eps": {"ASS": {"module": "flake8_assert_msg", "callable": "Plugin"}}}, "flake8-assign-and-return": {"version": "0.0.4", "summary": "A flake8 extension that checks for assignment and return in Python", "eps": {"B": {"module": "flake8_assign_and_return", "callable": "AssignAndReturnCheck"}}}, "flake8-author": {"version": "2.1", "summary": "Flake8 __author__ checker", "eps": {"A40": {"module": "flake8_author", "callable": "Checker"}}}, "flake8-awesome": {"version": "1.3", "summary": "Flake8 awesome plugins pack", "eps": {}}, "flake8-bandit": {"version": "4.1.1", "summary": "Automated security testing with bandit and flake8.", "eps": {"S": {"module": "flake8_bandit", "callable": "BanditTester"}}}, "flake8-bitbucket": {"version": "0.1.10", "summary": "A flake8 plugin for bitbucket insights.", "eps": {}}, "flake8-black": {"version": "0.3.6", "summary": "flake8 plugin to call black as a code style validator", "eps": {"BLK": {"module": "flake8_black", "callable": "BlackStyleChecker"}}}, "flake8-blind-except": {"version": "0.2.1", "summary": "A flake8 extension that checks for blind except: statements", "eps": {"B90": {"module": "flake8_blind_except", "callable": "check_blind_except"}}}, "flake8-block-comment": {"version": "0.0.3", "summary": "Block comment checker", "eps": {"B000": {"module": "flake8_block_comment", "callable": "BlockCommentChecker"}}}, "flake8-boto3": {"version": "0.3", "summary": "Checks for boto3, by r2c. Available in [Bento](https://bento.dev).", "eps": {"r2c-boto3": {"module": "flake8_boto3.main", "callable": "Flake8Boto3"}}}, "flake8-breakpoint": {"version": "1.1", "summary": "Flake8 plugin that check forgotten breakpoints", "eps": {"B60": {"module": "flake8_breakpoint.plugin", "callable": "BreakpointPlugin"}}}, "flake8-broken-line": {"version": "1", "summary": "Flake8 plugin to forbid backslashes for line breaks", "eps": {"N4": {"module": "flake8_broken_line", "callable": "check_line_breaks"}}}, "flake8-bugbear": {"version": "24.10.31", "summary": "A plugin for flake8 finding likely bugs and design problems in your program. Contains warnings that don't belong in pyflakes and pycodestyle.", "eps": {"B": {"module": "bugbear", "callable": "BugBearChecker"}}}, "flake8-builtins": {"version": "2.5", "summary": "Check for python builtins being used as variables or parameters", "eps": {"A00": {"module": "flake8_builtins", "callable": "BuiltinsChecker"}}}, "flake8-builtins-unleashed": {"version": "1.3.1", "summary": "builtin override checker plugin for flake8", "eps": {"flake8_builtins": {"module": "flake8_builtins", "callable": "BuiltinsOverrideChecker"}}}, "flake8-chart": {"version": "0.1.5", "summary": "flake8 stats visualised", "eps": {}}, "flake8-checkstyle": {"version": "0.1.2", "summary": "Output Checkstyle XML reports of flake8 violations.", "eps": {}}, "flake8-class-attributes-order": {"version": "0.1.3", "summary": "A flake8 extension that checks classes attributes order", "eps": {"CCE": {"module": "flake8_class_attributes_order.checker", "callable": "ClassAttributesOrderChecker"}}}, "flake8-classmethod-staticmethod": {"version": "2.1", "summary": "flake8 plugin that checks rules regarding the staticmethod and classmethod decorators.", "eps": {"CSM1": {"module": "flake8_classmethod_staticmethod.checker", "callable": "Checker"}}}, "flake8-class-newline": {"version": "1.6", "summary": "Flake8 lint for newline after class definitions.", "eps": {"CNL100": {"module": "flake8_class_newline", "callable": "new_line_checker"}}}, "flake8-click": {"version": "0.3.1", "summary": "Checks for click, by r2c. Available in [Bento](https://bento.dev).", "eps": {"r2c-click-best-practices": {"module": "flake8_click.flake8_click", "callable": "ClickPracticeCheckers"}}}, "flake8-codeclimate": {"version": "0.3", "summary": "Code Climate reporting formatter plugin for Flake8", "eps": {}}, "flake8-coding": {"version": "1.3.2", "summary": "Adds coding magic comment checks to flake8", "eps": {"C10": {"module": "flake8_coding", "callable": "CodingChecker"}}}, "flake8-cognitive-complexity": {"version": "0.1", "summary": "An extension for flake8 that validates cognitive functions complexity", "eps": {"CCR": {"module": "flake8_cognitive_complexity.checker", "callable": "CognitiveComplexityChecker"}}}, "flake8-colors": {"version": "0.1.9", "summary": "Error highlight plugin for Flake8.", "eps": {"flake8-colors": {"module": "flake8_colors", "callable": "ColorFormatter"}}}, "flake8-commas": {"version": "4", "summary": "Flake8 lint for trailing commas.", "eps": {"C81": {"module": "flake8_commas", "callable": "CommaChecker"}}}, "flake8-comprehensions": {"version": "3.16", "summary": "A flake8 plugin to help you write better list/set/dict comprehensions.", "eps": {"C4": {"module": "flake8_comprehensions", "callable": "ComprehensionChecker"}}}, "flake8-config-4catalyzer": {"version": "0.2.1", "summary": "UNKNOWN", "eps": {}}, "flake8-config-yoctol": {"version": "0.0.12", "summary": "UNKNOWN", "eps": {}}, "flake8-confusables": {"version": "0.1", "summary": "A flake8 plugin to check for ambiguous identifiers", "eps": {"C001": {"module": "flake8_confusables", "callable": "IdentifierChecker"}}}, "flake8-continuation": {"version": "1.0.5", "summary": "Flake8 Line Continuation Plugin", "eps": {"C092": {"module": "flake8_continuation", "callable": "ContinuationPlugin"}}}, "flake8-copyright": {"version": "0.2.4", "summary": "Adds copyright checks to flake8", "eps": {"C801": {"module": "flake8_copyright", "callable": "CopyrightChecker"}}}, "flake8-csv": {"version": "0.2", "summary": "CSV reporting formatter plugin for Flake8", "eps": {}}, "flake8-dashboard": {"version": "0.1.4", "summary": "Generate different reports of flake8 violations", "eps": {}}, "flake8-datetime-utcnow-plugin": {"version": "0.1.2", "summary": "Plugin to check that utcnow() is not used in favour of now(UTC)", "eps": {"U1": {"module": "flake8_datetime_utcnow", "callable": "DatetimeUtcnowLinter"}}}, "flake8-datetimez": {"version": "20.10", "summary": "A plugin for flake8 to ban the usage of unsafe naive datetime class.", "eps": {"DTZ": {"module": "flake8_datetimez", "callable": "DateTimeZChecker"}}}, "flake8-debugger": {"version": "4.1.2", "summary": "ipdb/pdb statement checker plugin for flake8", "eps": {"T100": {"module": "flake8_debugger", "callable": "DebuggerChecker"}}}, "flake8-deprecated": {"version": "2.2.1", "summary": "Warns about deprecated method calls", "eps": {"D001": {"module": "flake8_deprecated", "callable": "Flake8Deprecated"}}}, "flake8-diff": {"version": "0.2.2", "summary": "Run flake8 across a set of changed files and filter out violations occurring only on the lines that were changed.", "eps": {}}, "flake8-disrespectful-code": {"version": "0.0.1", "summary": "My example Flake8 extension", "eps": {"X9000": {"module": "flake8_disrespectful_code", "callable": "DisrespectfulCode"}}}, "flake8-django": {"version": "1.4", "summary": "Plugin to catch bad style specific to Django Projects.", "eps": {"DJ0": {"module": "flake8_django", "callable": "DjangoStyleChecker"}}}, "flake8-django-on-delete-comment": {"version": "0.0.3", "summary": "A flake8 extension to validate django models ForeignKey fields on on_delete CASCADE comment", "eps": {"CD001": {"module": "flake8_django_on_delete_comment.checker", "callable": "DjangoOnDeleteCommentChecker"}}}, "flake8-docstrings": {"version": "1.7", "summary": "Extension for flake8 which uses pydocstyle to check docstrings", "eps": {"D": {"module": "flake8_docstrings", "callable": "pep257Checker"}}}, "flake8-dodgy": {"version": "0.0.1", "summary": "UNKNOWN", "eps": {"flake8_dodgy": {"module": "flake8_dodgy.flake8_dodgy", "callable": "dodgy_checker"}}}, "flake8-double-quotes": {"version": "0.0.1", "summary": "Flake8 lint to forbide single quotes.", "eps": {"flake8_double_quotes": {"module": "flake8_double_quotes", "callable": "check_quotes"}}}, "flake8-doubles": {"version": "0.3", "summary": "flake8 doubles checker, ensures mock.patch is not used", "eps": {"flake8_doubles": {"module": "flake8_doubles", "callable": "DoublesChecker"}}}, "flake8-dunder-all": {"version": "0.4.1", "summary": "A Flake8 plugin and pre-commit hook which checks to ensure modules have defined '__all__'.", "eps": {"DAL": {"module": "flake8_dunder_all", "callable": "Plugin"}}}, "flake8-eradicate": {"version": "1.5", "summary": "Flake8 plugin to find commented out code", "eps": {"E8": {"module": "flake8_eradicate", "callable": "Checker"}}}, "flake8-exact-pin": {"version": "0.1", "summary": "A flake8 extension that checks for exact pins (e.q.: `foo==1.5.6`) in setup.py", "eps": {"PIN": {"module": "flake8_exact_pin", "callable": "ExactPinChecker"}}}, "flake8-exceptions": {"version": "0.0.1a0", "summary": "A flake8 plugin to identify commonly unhandled exceptions.", "eps": {}}, "flake8-executable": {"version": "2.1.3", "summary": "A Flake8 plugin for checking executable permissions and shebangs.", "eps": {"EXE00": {"module": "flake8_executable", "callable": "ExecutableChecker"}}}, "flake8-expandtab": {"version": "0.3", "summary": "flake8 for tab junkies", "eps": {"expandtab": {"module": "flake8_expandtab", "callable": "TabExpander"}}}, "flake8-expression-complexity": {"version": "0.0.11", "summary": "A flake8 extension that checks expressions complexity", "eps": {"ECE": {"module": "flake8_expression_complexity.checker", "callable": "ExpressionComplexityChecker"}}}, "flake8-fancy-header": {"version": "0.3", "summary": "check file has a fancy header at the top", "eps": {"S01": {"module": "flake8_fancy_header", "callable": "FancyHeaderChecker"}}}, "flake8-file-encoding": {"version": "0.1", "summary": "A Flake8 plugin to check for files opened without an explicit encoding", "eps": {"FEN": {"module": "flake8_file_encoding", "callable": "EncodingChecker"}}}, "flake8-filename": {"version": "1", "summary": "A flake8 linter plug-in for validating that certain Python files comply with a user defined pattern.", "eps": {"N": {"module": "flake8_filename", "callable": "FilenameChecker"}}}, "flake8-fine-pytest": {"version": "1.0.3", "summary": "A flake8 extension that checks test extra style", "eps": {"FP001": {"module": "flake8_fine_pytest.checker", "callable": "FinePytestChecker"}}}, "flake8-fixme": {"version": "1.1.1", "summary": "Check for FIXME, TODO and other temporary developer notes. Plugin for flake8.", "eps": {"T": {"module": "flake8_fixme", "callable": "check"}}}, "flake8-flask": {"version": "0.9.3", "summary": "Static analysis checks for Flask, by r2c. Available in our free program analysis tool, Bento. (ht", "eps": {"r2c-flake8": {"module": "flake8_flask.main", "callable": "Flake8Flask"}}}, "flake8-format-ansi": {"version": "0.1", "summary": "ANSI error format plugin for flake8.", "eps": {"flake8-format-ansi": {"module": "flake8_format_ansi", "callable": "ANSIFormatExtension"}}}, "flake8-formatter-abspath": {"version": "1.0.1", "summary": "A flake8 formatter plugin that shows the absolute path of files with warnings", "eps": {}}, "flake8-formatter-junit-xml": {"version": "0.0.6", "summary": "JUnit XML Formatter for flake8", "eps": {}}, "flake8-functions": {"version": "0.0.8", "summary": "A flake8 extension that checks functions", "eps": {"CFQ": {"module": "flake8_functions.checker", "callable": "FunctionChecker"}}}, "flake8-future": {"version": "0.2", "summary": "A flake8 plugin to warn when any file is missing certain __future__ imports.", "eps": {"F48": {"module": "flake8_future", "callable": "CheckFutures"}}}, "flake8-future-division": {"version": "0.1", "summary": "A flake8 plugin to check for use of division without a __future__.division import", "eps": {"F48": {"module": "flake8_division", "callable": "CheckDivision"}}}, "flake8-future-import": {"version": "0.4.7", "summary": "__future__ import checker, plugin for flake8", "eps": {"FI": {"module": "flake8_future_import", "callable": "FutureImportChecker"}}}, "flake8-gl-codeclimate": {"version": "0.2.1", "summary": "Gitlab Code Quality artifact Flake8 formatter.", "eps": {}}, "flake8-gramex": {"version": "1.1.1", "summary": "Additional validations for Python code", "eps": {"flake8_gramex": {"module": "flake8_gramex", "callable": "CheckErrors"}}}, "flake8-graphql": {"version": "0.2.5", "summary": "A flake8 plugin to lint your graphql queries", "eps": {"G": {"module": "flake8_graphql", "callable": "GraphQLChecker"}}}, "flake8-html": {"version": "0.4.3", "summary": "Generate HTML reports of flake8 violations", "eps": {}}, "flake8-i18n": {"version": "0.1", "summary": "Warns about incorrect gettext usage.", "eps": {"I00": {"module": "flake8_i18n", "callable": "Flake8i18n"}}}, "flake8-idom-hooks": {"version": "0.6.4", "summary": "Flake8 plugin to enforce the rules of hooks for IDOM", "eps": {"ROH": {"module": "flake8_idom_hooks", "callable": "plugin"}}}, "flake8-if-expr": {"version": "1.0.4", "summary": "The plugin checks `if expressions` (ternary operator)", "eps": {"IF100": {"module": "flake8_if_expr", "callable": "IfExprPlugin"}}}, "flake8-if-statements": {"version": "1", "summary": "Flake8 linter for if statements", "eps": {"IFS": {"module": "flake8_if_statements.plugin", "callable": "IfStatementsPlugin"}}}, "flake8-illegal-import": {"version": "0.1", "summary": "illegal import detector, plugin for flake8", "eps": {"II": {"module": "flake8_illegal_import", "callable": "ImportChecker"}}}, "flake8-immediate": {"version": "0.2", "summary": "Enables immediate output for flake8.", "eps": {"flake8_immediate": {"module": "flake8_immediate", "callable": "Immediate"}}}, "flake8-implicit-str-concat": {"version": "0.5", "summary": "Flake8 plugin to encourage correct string literal concatenation", "eps": {"ISC": {"module": "flake8_implicit_str_concat", "callable": "Checker"}}}, "flake8-import-graph": {"version": "0.1.3", "summary": "A flake8 lint to enforce that some modules can't be imported from other modules.", "eps": {"IMP": {"module": "flake8_import_graph", "callable": "ImportGraphChecker"}}}, "flake8-import-order": {"version": "0.18.2", "summary": "Flake8 and pylama plugin that checks the ordering of import statements.", "eps": {"I": {"module": "flake8_import_order.flake8_linter", "callable": "Linter"}}}, "flake8-import-order-fuzeman": {"version": "1.8.1", "summary": "\"@fuzeman's import order style for flake8-import-order\"", "eps": {}}, "flake8-import-order-grok": {"version": "0.3.3", "summary": "Grok Learning's flake8-import-order plugin.", "eps": {}}, "flake8-import-order-jwodder": {"version": "0.1", "summary": "Yet another import order style", "eps": {}}, "flake8-import-order-ruler501": {"version": "0.18.1.2", "summary": "ruler501's flake8-import-order plugin.", "eps": {}}, "flake8-import-order-spoqa": {"version": "1.5", "summary": "Spoqa's import order style for flake8-import-order", "eps": {}}, "flake8-import-order-tbm": {"version": "1.3", "summary": "flake8-import-order style plugin for my (thebigmunch) taste.", "eps": {}}, "flake8-import-restrictions": {"version": "2.1", "summary": "A flake8 plugin used to disallow certain forms of imports.", "eps": {"IMR2": {"module": "flake8_import_restrictions.checker", "callable": "ImportChecker"}}}, "flake8-imports": {"version": "0.1.1", "summary": "isort extension flake8", "eps": {"I0": {"module": "flake8_imports", "callable": "ImportsPlugin"}}}, "flake8-import-single": {"version": "0.1.5", "summary": "Flake8 plugin that requires single line imports", "eps": {"IS": {"module": "flake8_import_single.linter", "callable": "Linter"}}}, "flake8-import-style": {"version": "0.5", "summary": "A flake8 plugin to ensure explicit module imports", "eps": {"I8": {"module": "flake8_import_style", "callable": "I8"}}}, "flake8-intsights": {"version": "0.4", "summary": "Uncompromising and opinionated flake8 plugin which follows Intsights' practices", "eps": {"I": {"module": "flake8_intsights.checker", "callable": "Checker"}}}, "flake8-invalid-escape-sequences": {"version": "1.3", "summary": "Detects and warns about invalid escape sequences.", "eps": {"IES": {"module": "flake8_invalid_escape_sequences", "callable": "plugin"}}}, "flake8-isort": {"version": "6.1.1", "summary": "flake8 plugin that integrates isort", "eps": {"I00": {"module": "flake8_isort", "callable": "Flake8Isort"}}}, "flake8-json": {"version": "24.4", "summary": "JSON Formatting Reporter plugin for Flake8", "eps": {}}, "flake8-junit-report": {"version": "2.1", "summary": "Simple tool that converts a flake8 file to junit format", "eps": {}}, "flake8-keyword-arguments": {"version": "0.1", "summary": "A flake8 extension that is looking for function calls and forces to use keyword arguments if there are more than X arguments", "eps": {"FKA": {"module": "flake8_keyword_arguments.checker", "callable": "KeywordArgumentsChecker"}}}, "flake8-koles": {"version": "0.2.2", "summary": "Watch your language young lad! Swears and curses linter.", "eps": {"KOL": {"module": "flake8_koles.checker", "callable": "KolesChecker"}}}, "flake8-kw-args": {"version": "0.0.3", "summary": "Flake8 plugin to check explicitly passed arguments.", "eps": {"KWA": {"module": "flake8_kw_args", "callable": "Plugin"}}}, "flake8-libfaketime": {"version": "1.1", "summary": "libfaketime checker plugin for flake8", "eps": {"flake8_libfaketime": {"module": "flake8_libfaketime", "callable": "LibfaketimeChecker"}}}, "flake8-license": {"version": "0.1", "summary": "flake8 plugin which verifies that source files contain license, header at the top.", "eps": {}}, "flake8-lineleak": {"version": "1.0.2", "summary": "Lineleak is a flake8 plugin that counts the lines containing live code in a script, and 'yells' if a set limit is exceeded. It is meant to help enforce short scripts and modular python programming.", "eps": {"LL": {"module": "lineleak", "callable": "Screener"}}}, "flake8-linenumber": {"version": "0.1.13", "summary": "flake8 plugin to limit line number in a module", "eps": {"L001": {"module": "flake8_linenumber", "callable": "LineNumberPlugin"}}}, "flake8-literal": {"version": "1.4", "summary": "Flake8 string literal validation", "eps": {"LIT0": {"module": "flake8_literal.quote_checker", "callable": "QuoteChecker"}, "LIT1": {"module": "flake8_literal.raw_checker", "callable": "RawChecker"}}}, "flake8-local-import": {"version": "1.0.6", "summary": "Python 3 check local import for flake8", "eps": {"LI": {"module": "flake8_local_import", "callable": "LocalImportPlugin"}}}, "flake8-logging-format": {"version": "2024.24.12", "summary": null, "eps": {"G": {"module": "logging_format.api", "callable": "LoggingFormatValidator"}}}, "flake8-markdown": {"version": "0.5", "summary": "Lints Python code blocks in Markdown files using flake8", "eps": {}}, "flake8-meiqia": {"version": "0.2", "summary": "Python style guideline in Meiqia", "eps": {"MQ101": {"module": "flake8_meiqia.checks.comments", "callable": "meiqia_todo_format"}, "MQ201": {"module": "flake8_meiqia.checks.excepts", "callable": "meiqia_except_format"}, "MQ231": {"module": "flake8_meiqia.checks.python23", "callable": "meiqia_python3x_except_compatible"}, "MQ301": {"module": "flake8_meiqia.checks.code", "callable": "meiqia_no_mutable_default_args"}, "MQ903": {"module": "flake8_meiqia.checks.other", "callable": "meiqia_no_cr"}}}, "flake8-mock": {"version": "0.4", "summary": "Provides checking for non-existent mock methods", "eps": {"M": {"module": "flake8_mock", "callable": "MockChecker"}}}, "flake8-module-imports": {"version": "1.1", "summary": "module-level import checker plugin for flake8", "eps": {"flake8_module_imports": {"module": "flake8_module_imports", "callable": "ModuleImportsChecker"}}}, "flake8-module-name": {"version": "0.2", "summary": "A flake8 plugin for testing PEP-8 conform package and module names.", "eps": {"N999": {"module": "flake8_module_name", "callable": "ModuleNameChecker"}}}, "flake8-multiline-conditionals-comprehensions": {"version": "2", "summary": "A flake8 plugin to make sure complex conditional expressions and comprehension expressions are split over several lines.", "eps": {"MCC2": {"module": "flake8_multiline_conditionals_comprehensions.mcc_checker", "callable": "MCCChecker"}}}, "flake8-multiline-containers": {"version": "0.0.19", "summary": "Ensure a consistent format for multiline containers.", "eps": {"JS": {"module": "flake8_multiline_containers", "callable": "MultilineContainers"}}}, "flake8-mutable": {"version": "1.2", "summary": "mutable defaults flake8 extension", "eps": {"M90": {"module": "mutable_defaults", "callable": "MutableDefaultChecker"}}}, "flake8-mypy": {"version": "17.8", "summary": "A plugin for flake8 integrating mypy.", "eps": {"T4": {"module": "flake8_mypy", "callable": "MypyChecker"}}}, "flake8-mypy-fork": {"version": "20.5.1", "summary": "A plugin for flake8 integrating mypy (fork).", "eps": {}}, "flake8-nb": {"version": "0.5.3", "summary": "Flake8 based checking for jupyter notebooks", "eps": {}}, "flake8-network-timeout": {"version": "0.2", "summary": "our extension to flake8", "eps": {"T60": {"module": "flake8_network_timeout", "callable": "NetworkTimeoutLinter"}}}, "flake8-nitpick": {"version": "0.13.2", "summary": "Flake8 plugin to enforce the same lint configuration (flake8, isort, mypy, pylint) across multiple Python projects", "eps": {"NIP": {"module": "flake8_nitpick.plugin", "callable": "NitpickChecker"}}}, "flake8-no-fstring": {"version": "1.0.3", "summary": "A flake8 plugin to ban f-strings", "eps": {"NF": {"module": "flake8_no_fstring", "callable": "NoFstringChecker"}}}, "flake8-no-implicit-concat": {"version": "0.3.5", "summary": "Flake8 plugin that forbids implicit str/bytes literal concatenations", "eps": {"NIC": {"module": "flake8_no_implicit_concat", "callable": "Checker"}}}, "flake8-noqa": {"version": "1.4", "summary": "Flake8 noqa comment validation", "eps": {"NQA0": {"module": "flake8_noqa.noqa_checker", "callable": "NoqaChecker"}, "NQA1": {"module": "flake8_noqa.noqa_filter", "callable": "NoqaFilter"}}}, "flake8-no-types": {"version": "1.5.1", "summary": "A flake8 plugin to ban type hints.", "eps": {"NT": {"module": "flake8_no_types", "callable": "NoTypesChecker"}}}, "flake8-no-unnecessary-fstrings": {"version": "1.0.1", "summary": "A flake8 plugin to ban f-strings", "eps": {"NUF": {"module": "flake8_no_unnecessary_fstrings", "callable": "NoUnnecessaryFstringChecker"}}}, "flake8-no-u-prefixed-strings": {"version": "0.2", "summary": "Detects and warns about invalid escape sequences.", "eps": {"UPS": {"module": "flake8_no_u_prefixed_strings", "callable": "plugin"}}}, "flake8-oist-steps": {"version": "0.3", "summary": "Check usage STEPS subcellular simulator", "eps": {"A00": {"module": "flake8_oist_steps", "callable": "IdChecker"}}}, "flake8-os-walk": {"version": "0.4", "summary": "Flake8 plugin which usage of os.walk().", "eps": {"OW": {"module": "flake8_os_walk.checker", "callable": "OSWalkChecker"}}}, "flake8-ownership": {"version": "2.0.1", "summary": "A flake8 checker for assuring that author, copyright, and license are specified in source files.", "eps": {"O10": {"module": "flake8_ownership", "callable": "Checker"}}}, "flake8-pantsbuild": {"version": "2", "summary": "Various Flake8 lints used by the Pants project and its users.", "eps": {"PB1": {"module": "flake8_pantsbuild", "callable": "Plugin"}, "PB2": {"module": "flake8_pantsbuild", "callable": "IndentationPlugin"}, "PB3": {"module": "flake8_pantsbuild", "callable": "TrailingSlashesPlugin"}}}, "flake8parser": {"version": "0.1.1", "summary": "A public python API for flake8 created by parsing the command line output.", "eps": {}}, "flake8-patch-decorator-unleashed": {"version": "1", "summary": "@patch checker plugin for flake8", "eps": {"flake8_patch_decorator": {"module": "flake8_patch_decorator", "callable": "PatchDecoratorChecker"}}}, "flake8-pathlib": {"version": "0.1.4", "summary": "flake8-pathlib is now flake8-use-pathlib", "eps": {}}, "flake8-pep257": {"version": "1.0.5", "summary": "Flake8 plugin for the pep257 Python utility.", "eps": {"D": {"module": "flake8_pep257", "callable": "Main"}}}, "flake8-pep3101": {"version": "2.1", "summary": "Checks for old string formatting", "eps": {"S001": {"module": "flake8_pep3101", "callable": "Flake8Pep3101"}}}, "flake8-per-file-ignores": {"version": "0.8.1", "summary": "Ignore individual error codes per file with flake8", "eps": {"per-file-ignores": {"module": "flake8_per_file_ignores", "callable": "PerFileIgnores"}}}, "flake8-phabricator-formatter": {"version": "0.1.1", "summary": "flake8 formatter for Phabricator's Harbormaster", "eps": {}}, "flake8-pie": {"version": "0.16", "summary": "A flake8 extension that implements misc. lints", "eps": {"PIE": {"module": "flake8_pie", "callable": "Flake8PieCheck"}}}, "flake8-plone-api": {"version": "1.6", "summary": "Checks for code usages that can be replaced with Plone API method calls", "eps": {"P001": {"module": "flake8_plone_api", "callable": "PloneAPIChecker"}}}, "flake8-plone-hasattr": {"version": "1.1.1", "summary": "Checks for hasattr, which is considered harmful in Plone projects", "eps": {"P002": {"module": "flake8_plone_hasattr", "callable": "PloneHasattrChecker"}}}, "flake8-plugin-utils": {"version": "1.3.3", "summary": "The package provides base classes and utils for flake8 plugin writing", "eps": {}}, "flake8-polyfill": {"version": "1.0.2", "summary": "Polyfill package for Flake8 plugins", "eps": {}}, "flake8-prevent-fails": {"version": "0.0.2", "summary": null, "eps": {"PF": {"module": "flake8_prevent_fails", "callable": "FailsChecker"}}}, "flake8-print": {"version": "5", "summary": "print statement checker plugin for flake8", "eps": {"T20": {"module": "flake8_print", "callable": "PrintChecker"}}}, "flake8-printf-formatting": {"version": "1.1.2", "summary": "flake8 plugin which forbids printf-style string formatting", "eps": {"MOD": {"module": "flake8_printf_formatting", "callable": "Plugin"}}}, "flake8-profiles": {"version": "0.2", "summary": "profiles for flake8", "eps": {}}, "flake8-prometheus-metrics-name": {"version": "0.1.13", "summary": "Flake8 plugin for prometheus metric name validation", "eps": {"PRM": {"module": "flake8_prometheus_metrics_name.api", "callable": "Api"}}}, "flake8-putty": {"version": "0.4", "summary": "Apply a bit of putty to flake8.", "eps": {"flake8_putty": {"module": "flake8_putty", "callable": "PuttyExtension"}}}, "flake8-pyi": {"version": "24.9", "summary": "A plugin for flake8 to enable linting .pyi stub files.", "eps": {"Y0": {"module": "pyi", "callable": "PyiTreeChecker"}}}, "flake8-pytest": {"version": "1.4", "summary": "pytest assert checker plugin for flake8", "eps": {"T": {"module": "flake8_pytest", "callable": "PytestAssertChecker"}}}, "flake8-pytest-mark": {"version": "1.1", "summary": "A flake8 plugin that helps check the presence of a PyTest mark", "eps": {"M": {"module": "flake8_pytest_mark", "callable": "MarkChecker"}}}, "flake8-pytestrail": {"version": "0.2.1", "summary": "Flake8 plugin to check for missing or wrong TestRail test identifiers", "eps": {"TR": {"module": "flake8_pytestrail", "callable": "PyTestRailChecker"}}}, "flake8-pytest-style": {"version": "2", "summary": "A flake8 plugin checking common style issues or inconsistencies with pytest-based tests.", "eps": {"PT": {"module": "flake8_pytest_style.plugin", "callable": "PytestStylePlugin"}}}, "flake8-quotes": {"version": "3.4", "summary": "Flake8 lint for quotes.", "eps": {"Q0": {"module": "flake8_quotes", "callable": "QuoteChecker"}}}, "flake8-quotes2": {"version": "0.0.1", "summary": "flake8 plugin for string quotes checking", "eps": {"Q1": {"module": "flake8_quotes", "callable": "QuotesChecker"}}}, "flake8-raise": {"version": "0.0.5", "summary": "A flake8 plugin that finds that finds improvements for raise statements.", "eps": {"R1": {"module": "flake8_raise", "callable": "RaiseStatementChecker"}}}, "flake8-regex": {"version": "0.3", "summary": "Arbitrary regex checker, extension for flake8", "eps": {"flake8_regex": {"module": "flake8_regex", "callable": "check_regex_patterns"}}}, "flake8-requests": {"version": "0.4", "summary": "Checks for the requests module, by r2c. Available in Bento (https://bento.dev).", "eps": {"r2c-requests": {"module": "flake8_requests.main", "callable": "Flake8Requests"}}}, "flake8-requirements": {"version": "2.2.1", "summary": "Package requirements checker, plugin for flake8", "eps": {"I90": {"module": "flake8_requirements", "callable": "Flake8Checker"}}}, "flake8-respect-noqa": {"version": "0.3", "summary": "Always ignore #noqa lines with flake8.", "eps": {"flake8_respect_noqa": {"module": "flake8_respect_noqa", "callable": "RespectNoqa"}}}, "flake8-return": {"version": "1.2", "summary": "Flake8 plugin that checks return values", "eps": {"R50": {"module": "flake8_return.plugin", "callable": "ReturnPlugin"}}}, "flake8-rewriter": {"version": "1.2", "summary": "Flake8 plugin that rewrites error codes.", "eps": {}}, "flake8-rst": {"version": "0.8", "summary": "flake8 for code in rst files and docstrings", "eps": {}}, "flake8-rst-docstrings": {"version": "0.3", "summary": "Python docstring reStructuredText (RST) validator for flake8", "eps": {"RST": {"module": "flake8_rst_docstrings", "callable": "reStructuredTextChecker"}}}, "flake8-scrapy": {"version": "0.0.1", "summary": "UNKNOWN", "eps": {"SCP0": {"module": "flake8_scrapy", "callable": "ScrapyStyleChecker"}}}, "flake8-self": {"version": "0.2.2", "summary": "Private member access linting plugin for flake8.", "eps": {"SF01": {"module": "flake8_self", "callable": "SelfLinter"}}}, "flake8-sfs": {"version": "1", "summary": "Python String Formatting Style (SFS) plugin for flake8", "eps": {"SFS": {"module": "flake8_sfs", "callable": "StringFormatStyleChecker"}}}, "flake8-simplicity": {"version": "0.0.1", "summary": "Take your Python syntax back to the 90s!", "eps": {"SPL": {"module": "flake8_simplicity", "callable": "checker"}}}, "flake8-simplify": {"version": "0.21", "summary": "flake8 plugin which checks for code that can be simplified", "eps": {"SIM": {"module": "flake8_simplify", "callable": "Plugin"}}}, "flake8-single-quotes": {"version": "0.1", "summary": "A Flake8 extension to enforce single-quotes.", "eps": {"flake8_single_quotes": {"module": "flake8_single_quotes", "callable": "QuoteChecker"}}}, "flake8-snippets": {"version": "0.2", "summary": "A flake8 extension to find any code snippets you don't like", "eps": {"flake8_snippets": {"module": "flake8_snippets.flake8_snippets", "callable": "Flake8Snippets"}}}, "flake8-sorted-keys": {"version": "0.2", "summary": "check keys are sorted in dict literals", "eps": {"S00": {"module": "flake8_sorted_keys", "callable": "SortedKeysChecker"}}}, "flake8-spaces-around-constants": {"version": "1", "summary": "Check whether your constant values have leading or trailing spaces", "eps": {"flake8_spaces_around_constants": {"module": "flake8_spaces_around_constants", "callable": "ConstantSpacesChecker"}}}, "flake8-spellcheck": {"version": "0.28", "summary": "Spellcheck variables, comments and docstrings", "eps": {"SC": {"module": "flake8_spellcheck", "callable": "SpellCheckPlugin"}}}, "flake8-sphinx-links": {"version": "0.2.2", "summary": "A Flake8 plugin to check docstrings for double backticked strings which should be links to the Python documentation.", "eps": {"SXL": {"module": "flake8_sphinx_links", "callable": "Plugin"}}}, "flake8-sql": {"version": "0.4.1", "summary": "Flake8 plugin that checks SQL code against opinionated style rules", "eps": {"Q4": {"module": "flake8_sql", "callable": "Linter"}}}, "flake8-strftime": {"version": "0.3.4", "summary": "A flake8 plugin which checks for use of platform specific strftime codes.", "eps": {"STRFTIME": {"module": "flake8_strftime", "callable": "Plugin"}}}, "flake8-strict": {"version": "0.2.1", "summary": "Flake8 plugin that checks Python code against a set of opinionated style rules", "eps": {"S": {"module": "flake8_strict", "callable": "Flake8Checker"}}}, "flake8-string-format": {"version": "0.3", "summary": "string format checker, plugin for flake8", "eps": {"P": {"module": "flake8_string_format", "callable": "StringFormatChecker"}}}, "flake8-strings": {"version": "0.1.1", "summary": "Flake8 Linter for Strings", "eps": {"STR": {"module": "flake8_strings.plugin", "callable": "StringsPlugin"}}}, "flake8-super": {"version": "0.1.3", "summary": "Python 3 super() check for flake8", "eps": {"SPR": {"module": "flake8_super", "callable": "SuperPlugin"}}}, "flake8-super-call": {"version": "1", "summary": "flake8 super call checker", "eps": {"S777": {"module": "flake8_super_call", "callable": "Checker"}}}, "flake8-super-mario": {"version": "0.0.2", "summary": "A flake8 plugin with super_mario specific validations", "eps": {"SME": {"module": "flake8_super_mario.checker", "callable": "SuperMarionChecker"}}}, "flake8-svg-badge": {"version": "0.1", "summary": "Svg badge that shows % of problem-free code", "eps": {}}, "flake8-tabs": {"version": "2.3.2", "summary": "Tab (or Spaces) indentation style checker for flake", "eps": {"tabs.blank-lines": {"module": "flake8_tabs", "callable": "BlankLinesChecker"}, "tabs.core": {"module": "flake8_tabs", "callable": "Config"}, "tabs.indentation": {"module": "flake8_tabs", "callable": "IndentationChecker"}}}, "flake8-tidy-imports": {"version": "4.11", "summary": "A flake8 plugin that helps you write tidier imports.", "eps": {"I25": {"module": "flake8_tidy_imports", "callable": "ImportChecker"}}}, "flake8-todo": {"version": "0.7", "summary": "TODO notes checker, plugin for flake8", "eps": {"T000": {"module": "flake8_todo", "callable": "check_todo_notes"}}}, "flake8-todos": {"version": "0.3.1", "summary": "Python linter to check TODO comments for consistency and best practice.", "eps": {"T00": {"module": "flake8_todos", "callable": "Checker"}}}, "flake8-todo-ticket": {"version": "0.1", "summary": "Enforce ownership and ticketing of TODO notes.", "eps": {"T4": {"module": "flake8_todo_ticket", "callable": "check"}}}, "flake8-trailing-commas": {"version": "0.1.3", "summary": "Flake8 lint for trailing commas.", "eps": {"flake8_commas": {"module": "flake8_commas", "callable": "CommaChecker"}}}, "flake8-translation-activate": {"version": "1.0.2", "summary": "translation activate plugin for flake8", "eps": {"flake8_translation_activate": {"module": "flake8_translation_activate", "callable": "TranslationActivateChecker"}}}, "flake8-truveris": {"version": "0.3.4", "summary": "Flake8 extension for checking Python code against Truveris's code style guide", "eps": {"T": {"module": "flake8_truveris.check_truveris", "callable": "CheckTruveris"}}}, "flake8-tuple": {"version": "0.4.1", "summary": "Check code for 1 element tuple.", "eps": {"T80": {"module": "flake8_tuple", "callable": "TupleChecker"}}}, "flake8-tuple-unpack-limit": {"version": "0.0.1", "summary": "A flake8 extension that checks for tuple unpack length", "eps": {"TUL001": {"module": "flake8_tuple_unpack_limit", "callable": "TupleUnpackLimitChecker"}}}, "flake8-type-annotations": {"version": "0.1", "summary": "Flake8 plugin to enforce consistent type annotation styles", "eps": {"T8": {"module": "flake8_type_annotations", "callable": "Checker"}}}, "flake8-typing-collections": {"version": "2.1", "summary": "A flake8 plugin that checks the use of type alternatives from the typing module over actual run time types, especially from the collections module.", "eps": {"TYC": {"module": "flake8_typing_collections.checker", "callable": "Checker"}}}, "flake8-typing-imports": {"version": "1.16", "summary": "flake8 plugin which checks that typing imports are properly guarded", "eps": {"TYP": {"module": "flake8_typing_imports", "callable": "Plugin"}}}, "flake8-ugettext-alias": {"version": "1.1", "summary": "ugettext alias checker plugin for flake8", "eps": {"flake8_ugettext_alias": {"module": "flake8_ugettext_alias", "callable": "UgettextAliasChecker"}}}, "flake8-unused-arguments": {"version": "0.0.13", "summary": "flake8 extension to warn on unused function arguments", "eps": {"U10": {"module": "flake8_unused_arguments", "callable": "Plugin"}}}, "flake8-use-fstring": {"version": "1.4", "summary": "Flake8 plugin for string formatting style.", "eps": {"FS001": {"module": "flake8_use_fstring.percent", "callable": "PercentFormatDetector"}, "FS002": {"module": "flake8_use_fstring.format", "callable": "StrFormatDetector"}, "FS003": {"module": "flake8_use_fstring.prefix", "callable": "MissingPrefixDetector"}}}, "flake8-user-model": {"version": "1.1", "summary": "user model import checker plugin for flake8", "eps": {"flake8_user_model": {"module": "flake8_user_model", "callable": "UserModelImportsChecker"}}}, "flake8-variables-names": {"version": "0.0.6", "summary": "A flake8 extension that helps to make more readable variables names", "eps": {"VNE": {"module": "flake8_variables_names.checker", "callable": "VariableNamesChecker"}}}, "flake8-vyper": {"version": "0.1.10", "summary": "Plugin for flake8 to support Vyper", "eps": {}}, "flake8-walrus": {"version": "1.2", "summary": "flake8 plugin which forbids assignment expressions (the walrus operator)", "eps": {"ASN": {"module": "flake8_walrus", "callable": "Plugin"}}}, "flake8-ycm": {"version": "0.1", "summary": "A Flake8 plugin that enforces YouCompleteMe and ycmd coding style", "eps": {"YCM11": {"module": "flake8_ycm", "callable": "Indentation"}, "YCM20": {"module": "flake8_ycm", "callable": "SpacesInsideBrackets"}}}, "flakehell": {"version": "0.9", "summary": "Flake8 wrapper to make it nice and configurable", "eps": {"pylint": {"module": "flakehell.plugins", "callable": "PyLintChecker"}}}, "flufl-flake8": {"version": "0.10", "summary": "A flake8 plugin for GNU Mailman import order", "eps": {"U4": {"module": "flufl.flake8.imports", "callable": "ImportOrder"}}}, "good-smell": {"version": "0.18", "summary": "A linter/refactoring tool to make your code smell better!", "eps": {"SML": {"module": "good_smell", "callable": "LintingFlake8"}}}, "hacking": {"version": "7", "summary": "OpenStack Hacking Guideline Enforcement", "eps": {"H101": {"module": "hacking.checks.comments", "callable": "hacking_todo_format"}, "H102": {"module": "hacking.checks.comments", "callable": "hacking_has_license"}, "H103": {"module": "hacking.checks.comments", "callable": "hacking_has_correct_license"}, "H104": {"module": "hacking.checks.comments", "callable": "hacking_has_only_comments"}, "H105": {"module": "hacking.checks.comments", "callable": "hacking_no_author_tags"}, "H106": {"module": "hacking.checks.vim_check", "callable": "no_vim_headers"}, "H201": {"module": "hacking.checks.except_checks", "callable": "hacking_except_format"}, "H202": {"module": "hacking.checks.except_checks", "callable": "hacking_except_format_assert"}, "H203": {"module": "hacking.checks.except_checks", "callable": "hacking_assert_is_none"}, "H204": {"module": "hacking.checks.except_checks", "callable": "hacking_assert_equal"}, "H205": {"module": "hacking.checks.except_checks", "callable": "hacking_assert_greater_less"}, "H210": {"module": "hacking.checks.mock_checks", "callable": "MockAutospecCheck"}, "H211": {"module": "hacking.checks.except_checks", "callable": "hacking_assert_true_instance"}, "H212": {"module": "hacking.checks.except_checks", "callable": "hacking_assert_equal_type"}, "H213": {"module": "hacking.checks.except_checks", "callable": "hacking_assert_raises_regexp"}, "H214": {"module": "hacking.checks.except_checks", "callable": "hacking_assert_true_or_false_with_in"}, "H215": {"module": "hacking.checks.except_checks", "callable": "hacking_assert_equal_in"}, "H216": {"module": "hacking.checks.mock_checks", "callable": "hacking_no_third_party_mock"}, "H301": {"module": "hacking.checks.imports", "callable": "hacking_import_rules"}, "H306": {"module": "hacking.checks.imports", "callable": "hacking_import_alphabetical"}, "H401": {"module": "hacking.checks.docstrings", "callable": "hacking_docstring_start_space"}, "H403": {"module": "hacking.checks.docstrings", "callable": "hacking_docstring_multiline_end"}, "H404": {"module": "hacking.checks.docstrings", "callable": "hacking_docstring_multiline_start"}, "H405": {"module": "hacking.checks.docstrings", "callable": "hacking_docstring_summary"}, "H501": {"module": "hacking.checks.dictlist", "callable": "hacking_no_locals"}, "H700": {"module": "hacking.checks.localization", "callable": "hacking_localization_strings"}, "H903": {"module": "hacking.checks.other", "callable": "hacking_no_cr"}, "H904": {"module": "hacking.checks.other", "callable": "hacking_delayed_string_interpolation"}}}, "iflake8": {"version": "0.0.1", "summary": "The ultimate python style checker", "eps": {}}, "imhotep-flake8": {"version": "0.2.1", "summary": "An imhotep plugin for flake8 validation.", "eps": {}}, "kagiso-flake8": {"version": "0.1", "summary": null, "eps": {}}, "mccabe": {"version": "0.7", "summary": "McCabe checker, plugin for flake8", "eps": {"C90": {"module": "mccabe", "callable": "McCabeChecker"}}}, "nitpick": {"version": "0.35", "summary": "Enforce the same settings across multiple language-independent projects", "eps": {"NIP": {"module": "nitpick.flake8", "callable": "NitpickFlake8Extension"}}}, "pandas-vet": {"version": "2023.8.2", "summary": "A flake8 plugin to lint pandas in an opinionated way.", "eps": {"PD": {"module": "pandas_vet", "callable": "VetPlugin"}}}, "pep8-naming": {"version": "0.14.1", "summary": "Check PEP-8 naming conventions, plugin for flake8", "eps": {"N8": {"module": "pep8ext_naming", "callable": "NamingChecker"}}}, "pycodestyle": {"version": "2.12.1", "summary": "Python style guide checker", "eps": {}}, "pyflakes": {"version": "3.2", "summary": "passive checker of Python programs", "eps": {}}, "pytest-flake8": {"version": "1.2.2", "summary": "pytest plugin to check FLAKE8 requirements", "eps": {}}, "pytest-flake8dir": {"version": "2.6.1", "summary": "A pytest fixture for testing flake8 plugins.", "eps": {}}, "sentry-flake8": {"version": "2", "summary": "Sentry's custom flake8 checker plugin.", "eps": {"S": {"module": "sentry_check", "callable": "SentryCheck"}}}, "st2flake8": {"version": "0.2", "summary": "UNKNOWN", "eps": {"LIC001": {"module": "st2flake8.license_rules", "callable": "LicenseChecker"}}}, "verve-flake8-mock": {"version": "0.4", "summary": "Provides checking for non-existent mock methods and properties", "eps": {"M2": {"module": "flake8_mock", "callable": "MockChecker"}}}, "wemake-python-styleguide": {"version": "0.19.2", "summary": "The strictest and most opinionated python linter ever", "eps": {"WPS": {"module": "wemake_python_styleguide.checker", "callable": "Checker"}}}, "flake8-function-order": {"version": "0.0.5", "summary": "flake8 extension that checks function order within a class", "eps": {"CCE": {"module": "flake8_function_order.checker", "callable": "ClassFunctionOrderChecker"}}}, "flake8-maya-flags": {"version": "1.1", "summary": "Flake8 plugin to warn when using short names flags with Maya commands", "eps": {"MAF": {"module": "flake8_maya_flags", "callable": "Plugin"}}}, "flake8-patch": {"version": "0.1", "summary": "A flake8 plugin checking for mocking issues.", "eps": {"MOC0": {"module": "flake8_patch.plugin", "callable": "PatchPlugin"}}}, "flake8-print-clean": {"version": "3.1.4", "summary": "print statement checker plugin for flake8", "eps": {"T00": {"module": "flake8_print", "callable": "PrintChecker"}}}, "flake8-f-string": {"version": "0.1", "summary": "flake8 plugin which checks formatted string", "eps": {"ERG": {"module": "flake8_f_string", "callable": "Plugin"}}}, "flake8-rst-docparams": {"version": "1.0.7", "summary": "Check for reStructuredText function parameter documentation", "eps": {"DP": {"module": "flake8_rst_docparams.check_params", "callable": "CheckSource"}}}, "flake8-peewee": {"version": "0.1", "summary": "flake8 plugin which checks for peewee usage syntax error", "eps": {"PWE": {"module": "flake8_peewee", "callable": "Plugin"}}}, "flake8-ets": {"version": "1.0.1", "summary": "flake8 plugin for checking Enthought Tool Suite copyright headers.", "eps": {"H": {"module": "flake8_ets.copyright_header", "callable": "CopyrightHeaderExtension"}}}, "flake8-if-checker": {"version": "0.3", "summary": "Flake8's IF statement complexity linter plugin", "eps": {"IF0": {"module": "flake8_if_checker", "callable": "IfChecker"}}}, "flake8-django-migrations": {"version": "1.1", "summary": "Flake8 plugin to lint for backwards incompatible database migrations", "eps": {"DM": {"module": "flake8_django_migrations", "callable": "Plugin"}}}, "flake8-tensors": {"version": "1", "summary": "flake8_tensors - flake8 plugin for deep learning codes", "eps": {"WT": {"module": "flake8_tensors", "callable": "Flake8TensorsPlugin"}}}, "flake8-github-actions": {"version": "0.1.1", "summary": "GitHub Actions integration for flake8.", "eps": {}}, "flake8-prettycount": {"version": "0.1.2", "summary": "Wrapper around flake8 providing a formatted count at the end.", "eps": {}}, "flake8-jira-todo-checker": {"version": "0.6.1", "summary": "Flake8 plugin to check that every TODO, FIXME, QQ etc comment has a valid JIRA ID next to it.", "eps": {"JIR": {"module": "flake8_jira_todo_checker", "callable": "Checker"}}}, "pyls-flake8-plugin": {"version": "0.2.post2", "summary": "Flake8 plugin for the Python Language Server", "eps": {}}, "flake8-no-pep420": {"version": "2.8", "summary": "A flake8 plugin to ban PEP-420 implicit namespace packages.", "eps": {"INP": {"module": "flake8_no_pep420", "callable": "NoPep420Checker"}}}, "flake8-report": {"version": "0.1a1", "summary": "JSON Formatting Reporter plugin for Flake8", "eps": {}}, "flake8-typing-import-style": {"version": "0.5", "summary": "A flake8 plugin to ensure typing module import convention", "eps": {"I9": {"module": "flake8_typing_import_style", "callable": "I9"}}}, "flake8-codes": {"version": "0.2.2", "summary": "CLI tool to introspect flake8 plugins and their codes.", "eps": {}}, "flake8-pylint": {"version": "0.2.1", "summary": "Flake8 plugin that runs PyLint.", "eps": {"PL": {"module": "flake8_pylint", "callable": "PyLintChecker"}}}, "flake8-formatter-vscodepath": {"version": "0.1", "summary": "", "eps": {}}, "flake8-safegraph-crawl": {"version": "0.4", "summary": "Flake8 plugin enforcing code requirements for SafeGraph crawlers", "eps": {"SG": {"module": "flake8_safegraph_crawl", "callable": "Plugin"}}}, "flake8-length": {"version": "0.3.1", "summary": "Flake8 plugin for a smart line length validation.", "eps": {"LN00": {"module": "flake8_length", "callable": "Checker"}}}, "flake8-helper": {"version": "0.2.2", "summary": "A helper library for Flake8 plugins.", "eps": {}}, "flake8-encodings": {"version": "0.5.1", "summary": "A Flake8 plugin to identify incorrect use of encodings.", "eps": {"ENC0": {"module": "flake8_encodings", "callable": "Plugin"}}}, "flake8-pytest-importorskip": {"version": "1.1", "summary": "Make pycodestyle treat pytest.importorskip as an import statement (avoid E402)", "eps": {"PIS": {"module": "flake8_pytest_importorskip", "callable": "Plugin"}}}, "pyls-flake8": {"version": "0.4", "summary": "A Flake8 plugin for the Python Language Server", "eps": {}}, "flake8-slots": {"version": "0.1.6", "summary": "A Flake8 plugin to require __slots__ to be defined for subclasses of immutable types.", "eps": {"SLOT": {"module": "flake8_slots", "callable": "Plugin"}}}, "flake8-inflammatory-jargon": {"version": "1.0.1", "summary": "replace Inflammatory words like blacklist and slave with more appropriate words", "eps": {"IJU": {"module": "flake8_inflammatory_jargon.checker", "callable": "InflammatoryJargonChecker"}}}, "flake8-typing-only-imports": {"version": "0.2.2", "summary": "A flake8 plugin to flag imports exclusively used for type annotations", "eps": {"TYO100": {"module": "flake8_typing_only_imports", "callable": "Plugin"}}}, "codecovflake8": {"version": "0.1", "summary": "Remind Supply Chain Risks", "eps": {}}, "flake8-ensure-ascii": {"version": "1", "summary": "Flake8 Ensure ASCII encoding plugin.", "eps": {"ENC": {"module": "flake8_ensure_ascii", "callable": "Flake8EnsureASCII"}}}, "flake8-tmbundle": {"version": "0.1", "summary": "Remind Supply Chain Risks", "eps": {}}, "requestsflake8": {"version": "0.1", "summary": "Remind Supply Chain Risks", "eps": {}}, "flake8-isolated-packages": {"version": "2.3", "summary": "This Flake8 plugin is for checking imports isolations.", "eps": {"FIP": {"module": "flake8_isolated_packages", "callable": "Plugin"}}}, "flake8-test-name": {"version": "0.1.6", "summary": "Invalid test name checker, plugin for flake8", "eps": {"TN": {"module": "flake8_test_name", "callable": "MyFlake8Plugin"}}}, "flake8-functions-names": {"version": "0.4", "summary": "An extension for flake8 that validates functions names, decomposition and conformity with annotations.", "eps": {"FNE": {"module": "flake8_functions_names.checker", "callable": "FunctionsNamesChecker"}}}, "pyproject-flake8": {"version": "7", "summary": "pyproject-flake8 (`pflake8`), a monkey patching wrapper to connect flake8 with pyproject.toml configuration ", "eps": {}}, "flake8-name-migrations": {"version": "0.1", "summary": "Flake8 hook for reminding you to give your Django migrations human readable names", "eps": {"NMI": {"module": "flake8_name_migrations", "callable": "Plugin"}}}, "flake8-tuple-trailing-commas": {"version": "0.1.4", "summary": "flake8 plugin for enforcing few rules", "eps": {"CMA": {"module": "flake8_tuple_trailing_commas", "callable": "Plugin"}}}, "flake8-type-checking": {"version": "2.9.1", "summary": "A flake8 plugin for managing type-checking imports & forward references", "eps": {"TC": {"module": "flake8_type_checking.plugin", "callable": "Plugin"}}}, "flake8-use-pathlib": {"version": "0.3", "summary": "A plugin for flake8 finding use of functions that can be replaced by pathlib module.", "eps": {"PL": {"module": "flake8_use_pathlib", "callable": "PathlibChecker"}}}, "flake8-alphabetize": {"version": "0.0.21", "summary": "A Python style checker for alphabetizing import and __all__.", "eps": {"AZ": {"module": "flake8_alphabetize", "callable": "Alphabetize"}}}, "flake8-numpy-random": {"version": "0.1", "summary": "Plugin for Flake8 that forbids usage of numpy.random()", "eps": {"NPR": {"module": "flake8_numpy_random", "callable": "Plugin"}}}, "flake8-cached": {"version": "0.2", "summary": "A wrapper around flake8's cli that uses cache at file level", "eps": {}}, "flake8-complex-f-strings": {"version": "0.1", "summary": "Flake8 plugin for too complex f-strings.", "eps": {"FCS": {"module": "flake8_complex_f_strings", "callable": "Plugin"}}}, "flake8-timeout": {"version": "0.3", "summary": "flake8 plugin which checks that a timeout is set to all requests and urllib.request.open calls", "eps": {"TIM": {"module": "flake8_timeout", "callable": "Plugin"}}}, "flake8-import-order-tridge": {"version": "1.0.5", "summary": "Tridge's import order style for flake8-import-order", "eps": {}}, "flake8-efm": {"version": "1.0.2", "summary": "Plugin for EFM-compatible output.", "eps": {}}, "flake8-pytest-fixtures": {"version": "0.0.1", "summary": "A flake extension that checks pytest fixtures", "eps": {"PF": {"module": "flake8_pytest_fixtures.checker", "callable": "Checker"}}}, "flake82": {"version": "3.9.2", "summary": "the modular source code checker: pep8 pyflakes and co with pyproject.toml support", "eps": {"F": {"module": "flake8.plugins.pyflakes", "callable": "FlakesChecker"}, "pycodestyle.ambiguous_identifier": {"module": "pycodestyle", "callable": "ambiguous_identifier"}, "pycodestyle.bare_except": {"module": "pycodestyle", "callable": "bare_except"}, "pycodestyle.blank_lines": {"module": "pycodestyle", "callable": "blank_lines"}, "pycodestyle.break_after_binary_operator": {"module": "pycodestyle", "callable": "break_after_binary_operator"}, "pycodestyle.break_before_binary_operator": {"module": "pycodestyle", "callable": "break_before_binary_operator"}, "pycodestyle.comparison_negative": {"module": "pycodestyle", "callable": "comparison_negative"}, "pycodestyle.comparison_to_singleton": {"module": "pycodestyle", "callable": "comparison_to_singleton"}, "pycodestyle.comparison_type": {"module": "pycodestyle", "callable": "comparison_type"}, "pycodestyle.compound_statements": {"module": "pycodestyle", "callable": "compound_statements"}, "pycodestyle.continued_indentation": {"module": "pycodestyle", "callable": "continued_indentation"}, "pycodestyle.explicit_line_join": {"module": "pycodestyle", "callable": "explicit_line_join"}, "pycodestyle.extraneous_whitespace": {"module": "pycodestyle", "callable": "extraneous_whitespace"}, "pycodestyle.imports_on_separate_lines": {"module": "pycodestyle", "callable": "imports_on_separate_lines"}, "pycodestyle.indentation": {"module": "pycodestyle", "callable": "indentation"}, "pycodestyle.maximum_doc_length": {"module": "pycodestyle", "callable": "maximum_doc_length"}, "pycodestyle.maximum_line_length": {"module": "pycodestyle", "callable": "maximum_line_length"}, "pycodestyle.missing_whitespace": {"module": "pycodestyle", "callable": "missing_whitespace"}, "pycodestyle.missing_whitespace_after_import_keyword": {"module": "pycodestyle", "callable": "missing_whitespace_after_import_keyword"}, "pycodestyle.missing_whitespace_around_operator": {"module": "pycodestyle", "callable": "missing_whitespace_around_operator"}, "pycodestyle.module_imports_on_top_of_file": {"module": "pycodestyle", "callable": "module_imports_on_top_of_file"}, "pycodestyle.python_3000_async_await_keywords": {"module": "pycodestyle", "callable": "python_3000_async_await_keywords"}, "pycodestyle.python_3000_backticks": {"module": "pycodestyle", "callable": "python_3000_backticks"}, "pycodestyle.python_3000_has_key": {"module": "pycodestyle", "callable": "python_3000_has_key"}, "pycodestyle.python_3000_invalid_escape_sequence": {"module": "pycodestyle", "callable": "python_3000_invalid_escape_sequence"}, "pycodestyle.python_3000_not_equal": {"module": "pycodestyle", "callable": "python_3000_not_equal"}, "pycodestyle.python_3000_raise_comma": {"module": "pycodestyle", "callable": "python_3000_raise_comma"}, "pycodestyle.tabs_obsolete": {"module": "pycodestyle", "callable": "tabs_obsolete"}, "pycodestyle.tabs_or_spaces": {"module": "pycodestyle", "callable": "tabs_or_spaces"}, "pycodestyle.trailing_blank_lines": {"module": "pycodestyle", "callable": "trailing_blank_lines"}, "pycodestyle.trailing_whitespace": {"module": "pycodestyle", "callable": "trailing_whitespace"}, "pycodestyle.whitespace_around_comma": {"module": "pycodestyle", "callable": "whitespace_around_comma"}, "pycodestyle.whitespace_around_keywords": {"module": "pycodestyle", "callable": "whitespace_around_keywords"}, "pycodestyle.whitespace_around_named_parameter_equals": {"module": "pycodestyle", "callable": "whitespace_around_named_parameter_equals"}, "pycodestyle.whitespace_around_operator": {"module": "pycodestyle", "callable": "whitespace_around_operator"}, "pycodestyle.whitespace_before_comment": {"module": "pycodestyle", "callable": "whitespace_before_comment"}, "pycodestyle.whitespace_before_parameters": {"module": "pycodestyle", "callable": "whitespace_before_parameters"}}}, "flake8-pytest-fixtures-style": {"version": "0.0.3", "summary": "A flake8 extension that checks pytest fixtures", "eps": {"PF": {"module": "flake8_pytest_fixtures_style.plugin", "callable": "Plugin"}}}, "flake8-loopy": {"version": "1.1", "summary": "flake8 plugin to check code quality in loops", "eps": {"LPY": {"module": "flake8_loopy", "callable": "LoopyPlugin"}}}, "flake8-fastapi": {"version": "0.7", "summary": "flake8 plugin that checks FastAPI code against opiniated style rules \ud83e\udd13", "eps": {"CF": {"module": "flake8_fastapi.plugin", "callable": "FastAPIPlugin"}}}, "flake8-comments": {"version": "0.1.2", "summary": "Find redundant comments in Python code", "eps": {"CM00": {"module": "flake8_comments", "callable": "Checker"}}}, "flake8-dunder-class-obj": {"version": "0.1.1", "summary": "A flake8 plugin to report on double underscore class objects", "eps": {"DCO": {"module": "flake8_dunder_class_obj", "callable": "Plugin"}}}, "flake8-typechecking-import": {"version": "0.5", "summary": "A flake plugin that checks for typing.TYPE_CHECKING-able imports", "eps": {"TCI": {"module": "flake8_typechecking_import", "callable": "Plugin"}}}, "flake8-secure-coding-standard": {"version": "1.4.1", "summary": "Flake8 plugin adding some checks to make Python code adhere to more secure coding standard", "eps": {"SCS": {"module": "flake8_secure_coding_standard", "callable": "Plugin"}}}, "flake8-qgis": {"version": "1", "summary": "Flake8 plugin for QGIS python plugins.", "eps": {"QGS": {"module": "flake8_qgis", "callable": "Plugin"}}}, "flake8-future-annotations": {"version": "1.1", "summary": "Verifies python 3.7+ files use from __future__ import annotations", "eps": {"FA": {"module": "flake8_future_annotations.checker", "callable": "FutureAnnotationsChecker"}}}, "tryceratops": {"version": "2.4.1", "summary": "Prevent Exception Handling AntiPatterns", "eps": {"TRY": {"module": "tryceratops.flake_plugin", "callable": "TryceratopsAdapterPlugin"}}}, "flake8-typehinting": {"version": "0.1", "summary": "Type Hinting Flake8 Extension", "eps": {"TH": {"module": "flake8_typehinting", "callable": "Plugin"}}}, "flake8-action-hero": {"version": "0.1.1", "summary": "A plugin for flake8 that performs conditional FIXME/TODO checks.", "eps": {"AH": {"module": "flake8_action_hero.checker", "callable": "ActionChecker"}}}, "pytest-flake8-path": {"version": "1.6", "summary": "A pytest fixture for testing flake8 plugins.", "eps": {}}, "flake8-too-many": {"version": "0.1.5", "summary": "A flake8 plugin that prevents you from writing \"too many\" bad codes.", "eps": {"TMN": {"module": "flake8_too_many", "callable": "Checker"}}}, "flake8-required-keyword-arguments": {"version": "0.1", "summary": "flake8 plugin to check for for the presense of missing required keyword arguments", "eps": {"FNA": {"module": "flake8_required_keyword_arguments.checker", "callable": "KeywordArgumentsChecker"}}}, "autoflake8": {"version": "0.4.1", "summary": "Tool to automatically fix some issues reported by flake8 (forked from autoflake).", "eps": {}}, "jupyterlab-flake8": {"version": "0.7.1", "summary": "jupyterlab extension to lint python code in the notebook and text editor", "eps": {}}, "flake8-formatter-vscode": {"version": "0.0.1", "summary": "Flake8 formatter.", "eps": {}}, "flake8-type-ignore": {"version": "0.1.post2", "summary": "flake8-type-ignore allows you to disallow type: ignore comments in your typed Python code.", "eps": {"TI": {"module": "flake8_type_ignore", "callable": "TypeIgnoreChecker"}}}, "flake8-docstring-checker": {"version": "1.2", "summary": "A simple flake8 plugin that checks if everything has a docstring", "eps": {"DC": {"module": "flake8_docstring_checker", "callable": "Plugin"}}}, "flake8-leading-blank-lines": {"version": "1.0.4", "summary": "A flake8 plugin to detect blank lines at the start of a file", "eps": {"LBL001": {"module": "flake8_leading_blank_lines", "callable": "plugin"}}}, "flake8-escaping-style": {"version": "0.1.2", "summary": "A flake8 plugin to use consistent escaping style in string or bytes literals", "eps": {"ESC": {"module": "flake8_escaping_style", "callable": "Plugin"}}}, "flake8-force-keyword-arguments": {"version": "2", "summary": "A flake8 extension that is looking for function calls and forces to use keyword arguments if there are more than X arguments", "eps": {"FKA1": {"module": "flake8_force_keyword_arguments", "callable": "Checker"}}}, "flake8-useless-assert": {"version": "0.4.4", "summary": "flake8 plugin to catch useless `assert` statements", "eps": {"ULA": {"module": "flake8_useless_assert", "callable": "UselessAssert"}}}, "flake8-sleep": {"version": "0.0.1", "summary": "flake8 plugin which checks that there is no use of sleep in the code.", "eps": {"SLP": {"module": "flake8_sleep", "callable": "Plugin"}}}, "flake8-pydocstyle": {"version": "0.2.4", "summary": "flake8 plugin that integrates pydocstyle", "eps": {"D": {"module": "flake8_pydocstyle", "callable": "Flake8PydocstylePlugin"}}}, "flake8-class-constants": {"version": "0.1.2", "summary": "Check PEP-8 class constants naming conventions, plugin for flake8", "eps": {"CCN": {"module": "flake8_class_constants", "callable": "ConstantChecker"}}}, "types-flake8-simplify": {"version": "0.21", "summary": "Typing stubs for flake8-simplify", "eps": {}}, "types-flake8-builtins": {"version": "2.5.0.20240411", "summary": "Typing stubs for flake8-builtins", "eps": {}}, "types-flake8-docstrings": {"version": "1.7.0.3", "summary": "Typing stubs for flake8-docstrings", "eps": {}}, "types-flake8-bugbear": {"version": "24.10.31.20241103", "summary": "Typing stubs for flake8-bugbear", "eps": {}}, "types-flake8-2020": {"version": "1.8.0.20240818", "summary": "Typing stubs for flake8-2020", "eps": {}}, "types-flake8-typing-imports": {"version": "1.16.0.20241013", "summary": "Typing stubs for flake8-typing-imports", "eps": {}}, "types-flake8-plugin-utils": {"version": "1.3.7.5", "summary": "Typing stubs for flake8-plugin-utils", "eps": {}}, "flake8-ls": {"version": "1.8", "summary": "super fast flake8 language server", "eps": {}}, "pytest-flake8-v2": {"version": "1.2.3", "summary": "pytest plugin to check FLAKE8 requirements", "eps": {}}, "flake8-wot": {"version": "0.2", "summary": "flake8 plugin which checks use of deprecated typing.List, typing.Dict, etc.", "eps": {"WOT": {"module": "flake8_wot", "callable": "Plugin"}}}, "flake8-force": {"version": "0.0.2", "summary": "flake8 extension to force running check", "eps": {"FRC000": {"module": "flake8_force", "callable": "Flake8Force"}}}, "types-flake8-rst-docstrings": {"version": "0.3.0.3", "summary": "Typing stubs for flake8-rst-docstrings", "eps": {}}, "flake8-ruler": {"version": "0.1", "summary": "More powerful configs for flake8.", "eps": {}}, "flake8-pydantic-skip": {"version": "0.1.4", "summary": "flake8 plugin which checks for misuse of custom `Skip` annotation assignment for pydantic models", "eps": {"SKP": {"module": "flake8_pydantic_skip", "callable": "Plugin"}}}, "flake8-warnings": {"version": "0.4.1", "summary": "Linter (flake8, pylint, custom CLI) for finding usage of deprecated functions.", "eps": {"WS0": {"module": "flake8_warnings", "callable": "Flake8Checker"}}}, "flake8-pyproject": {"version": "1.2.3", "summary": "Flake8 plug-in loading the configuration from pyproject.toml", "eps": {}}, "thonnyflake8": {"version": "1.0.3.post0", "summary": "A plugin that adds flake8 to the Thonny python IDE.", "eps": {}}, "flake8-comma": {"version": "0", "summary": "Flake8 lint for trailing commas.", "eps": {}}, "flake8-forbid-visual-indent": {"version": "0.0.2", "summary": "Flake8 plugin that disallows visual indentation", "eps": {"VI101": {"module": "flake8_forbid_visual_indent", "callable": "ForbidVisualIndent"}}}, "flake8-holvi": {"version": "0.5.5", "summary": "PoC for dependency confusion", "eps": {}}, "flake8-no-print": {"version": "0.1.1", "summary": "Flake8 plugin to forbid print function usage", "eps": {"NP": {"module": "flake8_no_print.plugin", "callable": "NoPrint"}}}, "flake8-cls-attr-order": {"version": "0.3", "summary": "Flake8 plugin to check class attributes order", "eps": {"CL": {"module": "flake8_cls_attr_order.plugin", "callable": "ClassAttrOrder"}}}, "flake8-cached-frosty00": {"version": "0.0.4", "summary": "A wrapper around flake8's cli that uses cache at file level", "eps": {}}, "flake8-cached2": {"version": "0.0.3", "summary": "A wrapper around flake8's cli that uses cache at file level", "eps": {}}, "flake8-async": {"version": "24.10.2", "summary": "A highly opinionated flake8 plugin for Trio-related problems.", "eps": {"ASY": {"module": "flake8_async", "callable": "Plugin"}}}, "flake8-debug": {"version": "0.2", "summary": "Flake8 plugin to forbid debug function usage", "eps": {"DB": {"module": "flake8_debug.plugin", "callable": "NoDebug"}}}, "flake8-assignment-expressions": {"version": "1", "summary": "A flake8 plugin that disallows assignment expressions", "eps": {"ASE101": {"module": "flake8_assignment_expressions", "callable": "Plugin"}}}, "flake8-scream": {"version": "0.1", "summary": "flake8 plugin which checks for code that can be simplified", "eps": {"SCR": {"module": "flake8_scream", "callable": "Plugin"}}}, "flake8-for-pycharm": {"version": "0.4.1", "summary": "Add flake8 support to pycharm. See README for how to use.", "eps": {}}, "flake8-pep604": {"version": "1.1", "summary": "flake8 plugin to enforce use of `|` over `typing.Union`", "eps": {"UNT": {"module": "flake8_pep604", "callable": "Plugin"}}}, "flake8-newspaper-style": {"version": "0.4.3", "summary": "Check code for newspaper style", "eps": {"NEW100": {"module": "flake8_newspaper_style", "callable": "Plugin"}}}, "flake8-jungle": {"version": "1.0.7", "summary": "Plugin to lint various issues in code.", "eps": {"JG": {"module": "flake8_jungle", "callable": "JungleStyleChecker"}}}, "flake8-sarif": {"version": "1.0.15", "summary": "SARIF Formatting Reporter plugin for Flake8", "eps": {}}, "flake8-new-union-types": {"version": "0.4.1", "summary": "Flake8 plugin to enforce the new Union and Optional annotation syntax defined in PEP 604", "eps": {"NU": {"module": "flake8_new_union_types", "callable": "PEP604Checker"}}}, "flake8-pyprojecttoml": {"version": "0.0.2", "summary": "Inject pyproject.toml support into flake8.", "eps": {}}, "flake8-init-return": {"version": "1.0.1", "summary": "flake8 plugin which makes sure that __init__ functions have a return type", "eps": {"FIR": {"module": "flake8_init_return", "callable": "Plugin"}}}, "flake8-require-beartype": {"version": "0.1.1", "summary": "flake8 plugin which checks for use of @beartype decorator.", "eps": {"RBT": {"module": "flake8_require_beartype", "callable": "Plugin"}}}, "flake8-forbidden-func": {"version": "0.1", "summary": "An extension for flake8 that forbids some functions in some modules.", "eps": {"CFF": {"module": "flake8_forbidden_func.checker", "callable": "FunctionChecker"}}}, "flake8-complicated-walrus": {"version": "2.1", "summary": "This Flake8 plugin for checking complicated assignment expressions.", "eps": {"FCW": {"module": "flake8_complicated_walrus", "callable": "Plugin"}}}, "flake8-boolean-trap": {"version": "1.0.1", "summary": "flake8 plugin which forbids boolean positional arguments", "eps": {"FBT": {"module": "flake8_boolean_trap", "callable": "Plugin"}}}, "flake8-postponed-annotations": {"version": "1.3", "summary": "Flake8 postponed annotations validation", "eps": {}}, "flake8-tkinter": {"version": "0.6", "summary": "A flake8 plugin that helps you write better Tkinter code", "eps": {"TK": {"module": "flake8_tkinter", "callable": "Plugin"}}}, "flake8-pep518": {"version": "0.2", "summary": "Flake8 plugin that allows specifying config in pyproject.toml.", "eps": {}}, "autohooks-plugin-flake8": {"version": "23.10", "summary": "An autohooks plugin for python code linting via flake8.", "eps": {}}, "flake8-in-file-ignores": {"version": "0.3", "summary": "file-level per-file-ignores for flake8", "eps": {"IFI": {"module": "flake8_in_file_ignores.flake8_plugin", "callable": "MyFlake8Plugin"}}}, "flake8-aggressive": {"version": "1.1.10", "summary": "Flake8 aggressive plugins pack", "eps": {}}, "flake8-allure-tree": {"version": "1.0.1", "summary": "Flake8 plugin to check allure decorators on test classes and methods", "eps": {"AL": {"module": "flake8_allure_tree.flake8_allure", "callable": "AllurePytestPlugin"}}}, "flake8-trio": {"version": "24.3.9", "summary": "Micropackage to redirect users to flake8-async.", "eps": {}}, "flake8-ban-utcnow": {"version": "0.2", "summary": "flake8 plugin which bans the usage of datetime.datetime.utcnow and datetime.datetime.utcfromtimestamp", "eps": {"UTC": {"module": "flake8_ban_utcnow", "callable": "Plugin"}}}, "flake8-modern-annotations": {"version": "1.6", "summary": "Flake8 modern annotations validation", "eps": {"MDA": {"module": "flake8_modern_annotations.checker", "callable": "AnnotationChecker"}}}, "flake8-unused-fixtures": {"version": "0.3.2", "summary": "Warn about unnecessary fixtures in tests' definition.", "eps": {"FUF": {"module": "flake8_unused_fixtures", "callable": "Plugin"}}}, "flake8-requirements-absolute-imports": {"version": "1.6.0.1", "summary": "Package requirements checker, plugin for flake8", "eps": {"I90": {"module": "flake8_requirements", "callable": "Flake8Checker"}}}, "flake8-ejudge": {"version": "0.5.5", "summary": "\u041f\u0440\u043e\u0432\u0435\u0440\u043a\u0430 \u0441\u0442\u0438\u043b\u044f \u0438 \u0442\u0440\u0435\u0431\u043e\u0432\u0430\u043d\u0438\u0439 \u043a \u0438\u0441\u043f\u043e\u043b\u044c\u0437\u0443\u0435\u043c\u043e\u043c\u0443 \u0441\u0438\u043d\u0442\u0430\u043a\u0441\u0438\u0441\u0443 \u0432 python \u043a\u043e\u0434\u0435 \u0434\u043b\u044f ejudge", "eps": {"N179": {"module": "flake8_ejudge.flake8_returnyesno", "callable": "returnyesno"}}}, "flake8-forelse": {"version": "1", "summary": "A Flake8 plugin which checks the use of for-else and while-else", "eps": {"FE": {"module": "flake8_forelse", "callable": "ForElsePlugin"}}}, "flake8-junit": {"version": "0.1.1", "summary": "JUnit assert statement checker plugin for flake8", "eps": {"J10": {"module": "flake8_junit", "callable": "AssertChecker"}}}, "flake8-hangover": {"version": "0.0.5", "summary": "flake8 plugin to prevent specific hanging indentations", "eps": {"FHO": {"module": "flake8_hangover", "callable": "Plugin"}}}, "flake8-ado": {"version": "0.3", "summary": "Flake8 plugin to check comments against AzureDevOps ticket references.", "eps": {"ADO": {"module": "flake8_ado", "callable": "Plugin"}}}, "flake8-picky-parentheses": {"version": "0.5.5", "summary": "flake8 plugin to nitpick about parenthesis, brackets, and braces", "eps": {"PAR0": {"module": "flake8_picky_parentheses", "callable": "PluginRedundantParentheses"}, "PAR1": {"module": "flake8_picky_parentheses", "callable": "PluginBracketsPosition"}}}, "flake8-json-shopee": {"version": "1", "summary": "A small example package", "eps": {}}, "flake8-shopee": {"version": "1", "summary": "A small example package", "eps": {}}, "flake8-clean-block": {"version": "0.1.2", "summary": "A flake8 plugin that enforces a blank line after if/for/while/with/try blocks", "eps": {"CLB": {"module": "flake8_clean_block", "callable": "Plugin"}}}, "flake8-indent-in-def": {"version": "0.1.2", "summary": "A flake8 plugin that enforces 8-space indentation in function/class definitions", "eps": {"IND": {"module": "flake8_indent_in_def", "callable": "Plugin"}}}, "flake8-junit-report-basic": {"version": "3", "summary": "Simple tool that converts a flake8 file to junit format", "eps": {}}, "flake8-pep585": {"version": "0.1.7", "summary": "flake8 plugin to enforce new-style type hints (PEP 585)", "eps": {"PEA": {"module": "flake8_pep585.plugin", "callable": "Pep585Plugin"}}}, "flake8-start": {"version": "0.0.1", "summary": "A command line tool to create flake8 configuration file", "eps": {}}, "flake8-datetime-import": {"version": "0.1", "summary": "A plugin for flake8 which enforces importing `datetime as dt` and `time as tm`.", "eps": {"DTI": {"module": "flake8_datetime_import", "callable": "Plugin"}}}, "flake8-ruff-wrapper": {"version": "0.4", "summary": "Invoke ruff using flake8 options", "eps": {}}, "flake8-typing-as-t": {"version": "0.0.3", "summary": "A flake8 plugin to check typing import style", "eps": {"TYT": {"module": "flake8_typing_as_t", "callable": "Plugin"}}}, "flake8-unfinished": {"version": "1.2", "summary": "flake8 plugin which makes sure you don't have unfinished functions in your code", "eps": {"UNF": {"module": "flake8_unfinished", "callable": "UnfinishedPlugin"}}}, "flake8-import-rules": {"version": "1", "summary": "", "eps": {"I013": {"module": "flake8_import_rules", "callable": "ImportRulesChecker"}}}, "kraken-flake8-extensions": {"version": "0.1.1", "summary": "", "eps": {"KRE": {"module": "kraken_flake8_extensions.kraken", "callable": "Flake8KrakenPlugin"}}}, "flake8-plus": {"version": "0.5.1", "summary": "Flake8 plugin adding PEP8-compliant vertical whitespacing rules", "eps": {"PLU": {"module": "flake8_plus", "callable": "Plugin"}}}, "flake8-testcode": {"version": "0.1.1", "summary": "Plugin to catch bad style specific to testcode.", "eps": {"TMA": {"module": "flake8_testcode", "callable": "Plugin"}}}, "flake8-gettext": {"version": "0.0.0.1", "summary": "flake8_gettext", "eps": {"GT01": {"module": "flake8_gettext.checker", "callable": "GettextChecker"}}}, "flake8-logger": {"version": "0.0.1", "summary": "flake8 plugin to warn the wrong arguments for log.*", "eps": {"LG01": {"module": "flake8_logger.checker", "callable": "LoggerChecker"}}}, "flake8-to-ruff": {"version": "0.0.234", "summary": "Convert existing Flake8 configuration to Ruff.", "eps": {}}, "flake8-iw": {"version": "0.0.26", "summary": "A plugin to show lint errors for IW", "eps": {"IW": {"module": "flake8_iw", "callable": "Plugin"}}}, "flake8-noreturn": {"version": "1.0.1", "summary": "A flake8 plugin to detect return None (-> None) type hints.", "eps": {}}, "flake8-bbs": {"version": "0.1a3", "summary": "A flake8 extension that checks blank lines before statements", "eps": {"BBS": {"module": "flake8_bbs", "callable": "StatementChecker"}}}, "flake8-copyright-validator": {"version": "0.0.1", "summary": "Check if python file contain copyright text", "eps": {"NCF": {"module": "flake8_copyright_validator", "callable": "CopyrightValidator"}}}, "flake8-mock-x2": {"version": "0.4.1", "summary": "Provides checking for non-existent mock methods and properties", "eps": {"M2": {"module": "flake8_mock", "callable": "MockChecker"}}}, "flake8-dac": {"version": "0.1.1", "summary": "\"Group and format flake8's output by the rules codes\"", "eps": {}}, "flake8-flask-openapi-docstring": {"version": "0.1.2", "summary": "A Flake8 plugin to enforce OpenAPI docstrings in Flask routes", "eps": {"FO1": {"module": "flake8_flask_openapi_docstring", "callable": "FlaskOpenAPIDocStringLinter"}}}, "flake8-global-variables": {"version": "0.1.2", "summary": "Flake8 plugin to forbid global variables", "eps": {"GV4": {"module": "flake8_global_variables", "callable": "GlobalVariablesChecker"}}}, "flake8-bas": {"version": "1", "summary": "Flake8 extension that checks for blank lines around (compound) statements.", "eps": {"BAS": {"module": "flake8_bas", "callable": "StatementChecker"}}}, "flake8-import-order-pep8app": {"version": "0.2.1", "summary": "Flake8 Import Order's PEP 8 style with application packages enabled.", "eps": {}}, "flake8-test-docs": {"version": "1.0.8", "summary": "A linter that checks test docstrings for the arrange/act/assert structure", "eps": {"TDO": {"module": "flake8_test_docs", "callable": "Plugin"}}}, "flake8-error-link": {"version": "1.2.4", "summary": "A linter that ensures all raised Exceptions include an error with a link to more information", "eps": {"ELI": {"module": "flake8_error_link", "callable": "Plugin"}}}, "flake8-docstrings-complete": {"version": "1.3", "summary": "A linter that checks docstrings are complete", "eps": {"DCO": {"module": "flake8_docstrings_complete", "callable": "Plugin"}}}, "flake8-empty-init-modules": {"version": "1.0.1", "summary": "flake8 plugin that checks for code in `__init__.py` modules", "eps": {"EIM001": {"module": "flake8_empty_init_modules", "callable": "EIM001"}, "EIM002": {"module": "flake8_empty_init_modules", "callable": "EIM002"}}}, "flake8-property": {"version": "0.0.0.1", "summary": "flake8_property", "eps": {"PT01": {"module": "flake8_property.checker", "callable": "PropertyChecker"}}}, "flake8-wagtail-no-serve": {"version": "0.1.2", "summary": "Flake8 plugin that enforces not creating custom serve methods in inheritors from Wagtail's Page model", "eps": {"WNS": {"module": "flake8_wagtail_no_serve", "callable": "Plugin"}}}, "flake8-mock-spec": {"version": "1.4", "summary": "A linter that checks mocks are constructed with the spec argument", "eps": {"TMS": {"module": "flake8_mock_spec", "callable": "Plugin"}}}, "flake8-simple-string-first-arg": {"version": "0.2", "summary": "This Flake8 plugin for checking that first param of callable is simple string.", "eps": {"SFA": {"module": "flake8_simple_string_first_arg", "callable": "Plugin"}}}, "ignore-flake8-error": {"version": "0.2.1", "summary": "add `noqa` comments to ignore every occurrence of a flake8 error", "eps": {}}, "flake8-fastapi-route-case": {"version": "0.1", "summary": "Flake8 extension to check FastAPI routes all use the same case", "eps": {"FRC": {"module": "flake8_fastapi_route_case", "callable": "Plugin"}}}, "flake8-no-debug-vars": {"version": "0.1", "summary": "A flake8 plugin to ban variables test or debug to be True", "eps": {"NDV": {"module": "flake8_no_debug_vars", "callable": "Plugin"}}}, "flake8-get-chaining": {"version": "0.2", "summary": "A plugin for flake8 finding likely bugs when chaining dict.get calls", "eps": {"DGC100": {"module": "get_chaining", "callable": "GetChainingChecker"}}}, "flake8-import-conventions": {"version": "0.1", "summary": "An opinionated plugin for Flake8 on how certain packages should be imported or aliased.", "eps": {"IC": {"module": "flake8_import_conventions", "callable": "Plugin"}}}, "flake8-no-implicit-str-concat-in-list": {"version": "0.1", "summary": "Flake8 plugin that forbids implicit str/bytes literal concatenations", "eps": {"ICL": {"module": "flake8_no_implicit_str_concat_in_list", "callable": "Checker"}}}, "flake8-import-as-module": {"version": "0.1", "summary": "A Flake8 plugin to check if specific packages are imported as modules.", "eps": {"IM": {"module": "flake8_import_as_module", "callable": "Plugin"}}}, "flake8-max-function-length": {"version": "0.9", "summary": "A configurable flake8 plugin to enforce a maximum function/method length.", "eps": {"MFL": {"module": "flake8_max_function_length.plugin", "callable": "Plugin"}}}, "flake8-custom-error-messages": {"version": "0.1.1", "summary": "A flake8 plugin to customize the error messages emitted by other flake8 plugins", "eps": {"CEM": {"module": "flake8_custom_error_messages.plugin", "callable": "Plugin"}}}, "flake8-balanced-wrapping": {"version": "0.1.7", "summary": "A flake8 plugin that helps you wrap code with visual balance.", "eps": {"BWR001": {"module": "flake8_balanced_wrapping", "callable": "flake8_balanced_wrapping"}}}, "flake8-keyword-function-parameters": {"version": "0.1", "summary": "Flake8 plugin to lint for keyword-only function parameters", "eps": {"KFP": {"module": "flake8_keyword_function_parameters", "callable": "Plugin"}}}, "dbnomics-fetcher-flake8-plugins": {"version": "0.0.2", "summary": "Flake8 plugins used by DBnomics fetchers", "eps": {}}, "flake8-github-annotations": {"version": "1.1.2", "summary": "A flake8 formatter that turns output into Github Annotations", "eps": {}}, "flake8-stash": {"version": "0.10", "summary": "A collection of flake8 checks.", "eps": {"STA": {"module": "flake8_stash.plugin", "callable": "Plugin"}}}, "mle-flake8-plugins": {"version": "0.2.3", "summary": "", "eps": {"MLE00": {"module": "mle_flake8_plugins.flake8_mle_docstring", "callable": "MleDocstringChecker"}, "MLE10": {"module": "mle_flake8_plugins.flake8_mle_convention", "callable": "MleConventionChecker"}}}, "flake8-keyword-params": {"version": "1.2", "summary": "Flake8 keyword parameter validation", "eps": {"KWP": {"module": "flake8_keyword_params.checker", "callable": "ParamChecker"}}}, "flake8-sqlalchemy": {"version": "0.2", "summary": "A flake8 plugin to detect issues with SQLAlchemy code", "eps": {"SQA": {"module": "flake8_sqlalchemy", "callable": "Plugin"}}}, "flake8-checker": {"version": "0.0.2", "summary": "Plugin to comply with my picky standards", "eps": {"ND001": {"module": "flake8_checker", "callable": "NonDeterministicFunctionChecker"}}}, "reactpy-flake8": {"version": "0.7", "summary": "Flake8 plugin to enforce the rules of hooks for ReactPy", "eps": {"RPY": {"module": "reactpy_flake8", "callable": "plugin"}}}, "flake8-ban-utcnow-36": {"version": "0.2", "summary": "flake8 plugin which bans the usage of datetime.datetime.utcnow. Forked to support 3.6.", "eps": {"UTC": {"module": "flake8_ban_utcnow", "callable": "Plugin"}}}, "cg-flake8-reporter": {"version": "1!1.0.1", "summary": "", "eps": {}}, "flake8-module-docstring-import": {"version": "0.0.1", "summary": "Very simple flake8 plugin checking if there is exactly one new line between module docstring and imports", "eps": {"MDL": {"module": "flake8_module_docstring_import", "callable": "Plugin"}}}, "flake8-eol": {"version": "0.0.8", "summary": "Flake8 plugin to enforce Unix/Linux EOL consistency", "eps": {"EOL": {"module": "flake8_eol", "callable": "EOLChecker"}}}, "flake8-staged-diff": {"version": "0.3", "summary": "flake8 wrapper to run only on modified/staged code", "eps": {}}, "flake8-private-name-import": {"version": "1", "summary": "flake8 plugin that reports imports of private names", "eps": {"PNI00": {"module": "flake8_private_name_import", "callable": "Plugin"}}}, "flake8-internal-name-import": {"version": "1.0.1", "summary": "flake8 plugin that reports imports of internal names", "eps": {"INI00": {"module": "flake8_internal_name_import", "callable": "Plugin"}}}, "flake8-multiline-function-call-equals": {"version": "0.1.4", "summary": "A package that checks to ensure spaces around `=` in multiline function calls", "eps": {"EQA": {"module": "flake8_multiline_function_call_equals", "callable": "Plugin"}}}, "flake8-github": {"version": "1.1", "summary": "Flake8 formatter for GitHub Actions", "eps": {}}, "flake8-all-not-strings": {"version": "0.0.2", "summary": "flake8 plugin which checks that modules under `__all__` are defined as strings", "eps": {"ANS": {"module": "flake8_all_not_strings", "callable": "Plugin"}}}, "flake8-logging": {"version": "1.7", "summary": "A Flake8 plugin that checks for issues using the standard library logging module.", "eps": {"L": {"module": "flake8_logging", "callable": "Plugin"}}}, "flake8-import-linter": {"version": "0.1.11", "summary": "Flake8 plugin that checks for forbidden imports in your code", "eps": {"IMP": {"module": "flake8_import_linter", "callable": "Plugin"}}}, "flake8-no-pytest-mark-only": {"version": "1", "summary": "Flake8 plugin to disallow the use of the pytest.mark.only decorator.", "eps": {"PNO": {"module": "flake8_no_pytest_mark_only.plugin", "callable": "Flake8NoPytestMarkOnly"}}}, "flake8-pgp": {"version": "1.1.16", "summary": "flake8 plugin which checks for various bad python practises", "eps": {"PBP1": {"module": "src.flake8_pbp", "callable": "ProduceBetterPythonPlugin"}}}, "flake8-pbp": {"version": "1.0.13", "summary": "flake8 plugin which checks for various bad python practises", "eps": {"PBP1": {"module": "src.flake8_pbp", "callable": "ProduceBetterPythonPlugin"}}}, "flake8-fill-one-line": {"version": "0.4.2", "summary": "A Flake8 plugin to ensure an expression can be written in one line without exceeding the maximum length limit", "eps": {"FOL": {"module": "flake8_fill_one_line.check", "callable": "FillOneLineChecker"}}}, "ament-lint-flake8": {"version": "0.14.4", "summary": "Check Python code style using flake8.", "eps": {}}, "flake8-sarif-formatter": {"version": "1.0.1", "summary": "A SARIF formatter for flake8", "eps": {}}, "flake8-badbear": {"version": "0.0.1", "summary": "flake8 plugin which checks for additional bad codes", "eps": {"BB": {"module": "badbear", "callable": "BadBearPlugin"}}}, "flake8-zale": {"version": "0.2.1", "summary": "Indentation checker for flake8", "eps": {"ZL": {"module": "src.checker", "callable": "Checker"}}}, "flake8-x-quotes": {"version": "0.0.2", "summary": "Flake8 lint for quotes.", "eps": {"Q0": {"module": "flake8_quotes", "callable": "QuoteChecker"}}}, "flake8-self-documenting-f-strings": {"version": "0.1.2", "summary": "flake8 plugin to run pycodecheck but ignore their incorrect self-documenting f-string errors in Python 3.12", "eps": {"E": {"module": "self_documenting_f_strings", "callable": "FStringChecker"}}}, "flake8-enforce-kwargs": {"version": "0.1.1", "summary": "Flake8 plugin for enforcing kwargs only argument definition.", "eps": {"EKW": {"module": "enforce_kwargs.checker", "callable": "Plugin"}}}, "flake8-enforce-type-annotations": {"version": "0.1.1", "summary": "Flake8 plugin for enforcing type annotations.", "eps": {"ETA": {"module": "enforce_type_annotations.checker", "callable": "Plugin"}}}, "flake8-restrict-imports": {"version": "0.1.1", "summary": "Flake8 plugin for restricting unwanted imports in a module.", "eps": {"PRI": {"module": "restrict_imports.checker", "callable": "Plugin"}}}, "flake8-header-validator": {"version": "0.0.3", "summary": "Check if python file contain copyright text", "eps": {"NCF": {"module": "flake8_header_validator", "callable": "CopyrightValidator"}}}, "flake8-iteritems": {"version": "0.0.0.3", "summary": "flake8 plugin to warn dict.iteritems()", "eps": {"ITI01": {"module": "flake8_iteritems.checker", "callable": "IteritemsChecker"}}}, "flake8-sortcmp": {"version": "0.0.0.1", "summary": "flake8 plugin to warn sort(cmp=)", "eps": {"STC01": {"module": "flake8_sortcmp.checker", "callable": "SortcmpChecker"}}}, "flake8-qiskit-migration": {"version": "0.4", "summary": "Quickly detect imports removed in the Qiskit 1.0 release", "eps": {"QKT100": {"module": "flake8_qiskit_migration.plugin", "callable": "Plugin"}}}, "flake8-pydantic": {"version": "0.3.1", "summary": "A flake8 plugin to check Pydantic related code.", "eps": {"PYD": {"module": "flake8_pydantic", "callable": "Plugin"}}}, "flake8-commas-x": {"version": "3.post2", "summary": "Flake8 lint for trailing commas.", "eps": {"C81": {"module": "flake8_commas", "callable": "CommaChecker"}}}, "flake8-max-lines": {"version": "0.0.2", "summary": "flake8 plugin to check max lines per files", "eps": {"MXL": {"module": "flake8_max_lines", "callable": "MaxLinesPlugin"}}}, "flake8-no-else": {"version": "0.1.3", "summary": "A flake8 plugin to enforce object calisthenics rule \"do not use ELSE\"", "eps": {"FNE": {"module": "flake8_no_else", "callable": "Plugin"}}}, "flake8-no-nesting": {"version": "0.1.2", "summary": "A flake8 plugin to enforce object calisthenics rule \"ONE level of indentation\"", "eps": {"FNN": {"module": "flake8_no_nesting", "callable": "Plugin"}}}, "flake8-small-entities": {"version": "0.1", "summary": "A flake8 plugin to enforce object calisthenics rule \"keep entities small\"", "eps": {"FNE": {"module": "flake8_small_entities", "callable": "Plugin"}}}, "flake8-one-dot": {"version": "0.1.3", "summary": "A flake8 plugin to enforce object calisthenics rule \"one dot per line\"", "eps": {"FNE": {"module": "flake8_one_dot", "callable": "Plugin"}}}, "flake8-deep-calls": {"version": "0.1", "summary": "A flake8 plugin to enforce object calisthenics rule \"one level of nesting\"", "eps": {"FNE": {"module": "flake8_deep_calls", "callable": "Plugin"}}}, "types-flake8": {"version": "7.1.0.20241020", "summary": "Typing stubs for flake8", "eps": {}}, "flake8-django-hhupd": {"version": "1.4.1", "summary": "Plugin to catch bad style specific to Django Projects.", "eps": {"DJ0": {"module": "flake8_django", "callable": "DjangoStyleChecker"}}}, "flake8-airflow": {"version": "0.1.2", "summary": "Flake8 extension for Apache Airflow static analysis rules.", "eps": {"AA": {"module": "flake8_airflow", "callable": "Plugin"}}}, "flake8-allowlist-imports": {"version": "0.1.2", "summary": "flake8 plugin to allowlist imports", "eps": {"FAI": {"module": "flake8_allowlist_imports", "callable": "Plugin"}}}, "flake8-assert-check": {"version": "0.1.1", "summary": "Plugin for flake8 that checks for asserts in tests.", "eps": {"FCA": {"module": "flake8_assert_check", "callable": "Plugin"}}}, "flake8-assert-finder": {"version": "1", "summary": "A simple flake8 Plugin that checks if assert is used", "eps": {"AF": {"module": "flake8_assert_finder", "callable": "Plugin"}}}, "flake8-cgx": {"version": "0.1", "summary": "Flake8 plugin for cgx (Collagraph single file component) files", "eps": {"CGX": {"module": "flake8_cgx", "callable": "CGXTreeChecker"}}}, "flake8-cohesion": {"version": "1.0.1", "summary": "A flake8 extension for measuring Python class cohesion.", "eps": {"H60": {"module": "flake8_cohesion.extension", "callable": "CohesionChecker"}}}, "flake8-custom-import-rules": {"version": "1.1.4", "summary": "A Flake8 plugin that enforces custom import rules, allowing users to define and maintain clean and consistent import organization across their Python projects.", "eps": {"CIR": {"module": "flake8_custom_import_rules.flake8_plugin", "callable": "Plugin"}}}, "flake8-drf": {"version": "0.1", "summary": "", "eps": {"DRF": {"module": "flake8_drf.plugin", "callable": "Plugin"}}}, "flake8-env-patterns": {"version": "0.2.2", "summary": "flake8 plugin which checks environment variable access against allowed patterns", "eps": {"FPU": {"module": "flake8_env_patterns", "callable": "Plugin"}}}, "flake8-errmsg": {"version": "0.5.1", "summary": "Flake8 checker for raw literals inside raises.", "eps": {"EM": {"module": "flake8_errmsg", "callable": "ErrMsgASTPlugin"}}}, "flake8-has-docstring": {"version": "0.1.7", "summary": null, "eps": {"DOC001": {"module": "flake8_has_docstring", "callable": "Plugin"}}}, "flake8-import-relative-two": {"version": "0.2", "summary": "Flake8 plugin that checks for relative imports up to a maximum of level two", "eps": {"IRT1": {"module": "flake8_import_relative_two", "callable": "Plugin"}}}, "flake8-less-than": {"version": "0.1", "summary": "", "eps": {"LT": {"module": "flake8_less_than.checker", "callable": "LessThanChecker"}}}, "flake8-logging-arg-count": {"version": "0.3", "summary": "A flake8 plugin for detecting logging statements with mismatched argument counts", "eps": {"LAC": {"module": "logging_arg_count", "callable": "LoggingArgCountChecker"}}}, "flake8-match": {"version": "1.1", "summary": "flake8 plugin which forbids match statements (PEP 634)", "eps": {"MAT": {"module": "flake8_match", "callable": "Plugin"}}}, "flake8-no-nested-comprehensions": {"version": "1", "summary": "A flake8 plugin to disallow nested comprehensions", "eps": {"CMP": {"module": "flake8_no_nested_comprehensions", "callable": "Plugin"}}}, "flake8-num-positionl-args": {"version": "0.0.2", "summary": "flake8 plugin for check num of positional args.", "eps": {"X": {"module": "flake8_num_positionl_args", "callable": "NumPositionalArgsChecker"}}}, "flake8-numba": {"version": "0.4", "summary": "Perform checks over numba usage", "eps": {"NBA": {"module": "flake8_numba.plugin", "callable": "Plugin"}}}, "flake8-numbers": {"version": "0.1", "summary": "Flake8 Numbers Plugin", "eps": {"NUM": {"module": "flake8_numbers.check_numbers", "callable": "Flake8NumbersChecker"}}}, "flake8-obey-import-goat": {"version": "0.1.1", "summary": "An extension for flake8 that forbids some imports statements in some modules.", "eps": {"OIG": {"module": "flake8_obey_import_goat.checker", "callable": "ImportsChecker"}}}, "flake8-one-letter-variables-check": {"version": "0.0.2", "summary": "flake8 plugin for checking out one-letter variables", "eps": {"OLV": {"module": "flake8_one_letter_variables_check.flake8_one_letter_variables_check", "callable": "OneLetterVariablesChecker"}}}, "flake8-pydantic-fields": {"version": "0.1.11", "summary": null, "eps": {"PF00": {"module": "flake8_pydantic_fields", "callable": "Plugin"}}}, "flake8-qa-style": {"version": "1", "summary": "flake8 based linter for e2e tests", "eps": {"CS": {"module": "flake8_qa_style.plugins", "callable": "QAStylePlugin"}}}, "flake8-qchecker": {"version": "1a1", "summary": "Flake8 plugin for qChecker", "eps": {"Q": {"module": "flake8_qchecker", "callable": "Plugin"}}}, "flake8-qt-tr": {"version": "0.2", "summary": "Flake8 extension for detecting incorrect QT translation", "eps": {"TR": {"module": "flake8_qt_tr.checker", "callable": "TrChecker"}}}, "flake8-ruff": {"version": "0.3", "summary": "A Flake8 plugin that implements miscellaneous checks from Ruff.", "eps": {"RUF": {"module": "flake8_ruff", "callable": "Plugin"}}}, "flake8-unused-globals": {"version": "0.1.10", "summary": null, "eps": {"UUG001": {"module": "flake8_unused_globals", "callable": "Plugin"}}}, "flake8-vcs-ext": {"version": "2.0.2", "summary": "\u041f\u043b\u0430\u0433\u0438\u043d flake8 \u0441 \u043f\u0440\u043e\u0432\u0435\u0440\u043a\u043e\u0439 \u043d\u0430 \u0434\u043e\u043f\u043e\u043b\u043d\u0438\u0442\u0435\u043b\u044c\u043d\u044b\u0435 \u0441\u0442\u0430\u043d\u0434\u0430\u0440\u0442\u044b \u043a\u043e\u0434\u0430, \u043f\u0440\u0438\u043d\u044f\u0442\u044b\u0435 \u043d\u0430 \u043f\u0440\u043e\u0435\u043a\u0442\u0435 VCS", "eps": {"VCS001": {"module": "flake8_vcs_ext", "callable": "Plugin"}}}, "flake8-vedro": {"version": "1.0.2", "summary": "flake8 based linter for vedro framework", "eps": {"VDR": {"module": "flake8_vedro.plugins", "callable": "VedroScenarioStylePlugin"}}}, "flake8-vedro-allure": {"version": "1", "summary": "flake8 based linter for vedro framework with integrated allure", "eps": {"ALR": {"module": "flake8_vedro_allure.plugins", "callable": "VedroAllurePlugin"}}}, "flake8-thoughtful": {"version": "0.1", "summary": "Pre Commit hook for all Thoughtful checks.", "eps": {"THO": {"module": "flake8_thoughtful", "callable": "ThoughtfulHook"}}}, "flake8-numpydtype": {"version": "0.0.0.1", "summary": "flake8 plugin to warn deprecated numpy dtype", "eps": {"NPT01": {"module": "flake8_numpydtype.checker", "callable": "NumpyDTypeChecker"}}}, "flake8-py2builtins": {"version": "0.0.0.1", "summary": "flake8 plugin to warn Python2 builtins", "eps": {"F821": {"module": "flake8_py2builtins.checker", "callable": "Py2BuiltinsChecker"}}}, "flake8-final": {"version": "0.0.3", "summary": "flake8 plugin for check and inheritance of implementations", "eps": {"FIN": {"module": "flake8_final.entry", "callable": "Plugin"}}}, "flake8-override": {"version": "0.0.4", "summary": "This is how python package should look like!", "eps": {"OVR": {"module": "flake8_override.plugin", "callable": "Plugin"}}}, "flake8-import-guard": {"version": "1", "summary": "Flake8 plugin to enforce import restrictions in Python projects.", "eps": {"CPE": {"module": "src.main", "callable": "Flake8ImportGuard"}}}, "flake8-no-json": {"version": "0.0.2", "summary": "flake8 plugin for using json from stdlib", "eps": {"NJN": {"module": "flake8_no_json.entry", "callable": "Plugin"}}}, "aind-flake8-extensions": {"version": "0.6.2", "summary": "Generated from aind-library-template", "eps": {}}, "flake8-pyspark-with-column": {"version": "0.0.4", "summary": "A Flake8 plugin to check for PySpark withColumn usage in loops", "eps": {"P": {"module": "flake8_pyspark_with_column", "callable": "Plugin"}}}, "flake8-ecocode": {"version": "0.1.3", "summary": "Ecocode plugin for Flask8", "eps": {}}, "flake8-constants": {"version": "0.0.3", "summary": "A Flake8 plugin to detect modifications of constants", "eps": {"C001": {"module": "main", "callable": "ConstantModificationChecker"}, "C002": {"module": "main", "callable": "ConstantModificationChecker"}, "C003": {"module": "main", "callable": "ConstantModificationChecker"}, "C004": {"module": "main", "callable": "ConstantModificationChecker"}, "C005": {"module": "main", "callable": "ConstantModificationChecker"}}}, "flake8-kotoha": {"version": "0.1", "summary": "flake8 plugin to improve your type hints", "eps": {"KTH": {"module": "kotoha.plugins", "callable": "Flake8KotohaPlugin"}}}, "flake8-no-private-methods": {"version": "0.0.1", "summary": "This is how python package should look like!", "eps": {"NPM": {"module": "flake8_no_private_methods.plugin", "callable": "Plugin"}}}}