{"init": {"version": "0.0", "summary": "[no summary]", "eps": {}}, "cohesion": {"version": "1", "summary": "A tool for measuring Python class cohesion.", "eps": {}}, "danger-flake8": {"version": "0.1", "summary": "Danger plugin to display flake8 lint result", "eps": {}}, "darglint": {"version": "1.8.1", "summary": "A utility for ensuring Google-style docstrings stay up to date with the source code.", "eps": {}}, "dlint": {"version": "0.12", "summary": "Dlint is a tool for encouraging best coding practices and helping ensure Python code is secure.", "eps": {}}, "flake8": {"version": "4.0.1", "summary": "the modular source code checker: pep8 pyflakes and co", "eps": {"default": {"module": "flake8.formatting.default", "callable": "Default"}, "pylint": {"module": "flake8.formatting.default", "callable": "Pylint"}, "quiet-filename": {"module": "flake8.formatting.default", "callable": "FilenameOnly"}, "quiet-nothing": {"module": "flake8.formatting.default", "callable": "Nothing"}}}, "flake8-2020": {"version": "1.6.1", "summary": "flake8 plugin which checks for misuse of `sys.version` or `sys.version_info`", "eps": {}}, "flake8-aaa": {"version": "0.12.2", "summary": "A Flake8 plugin that checks Python tests follow the Arrange-Act-Assert pattern", "eps": {}}, "flake8-absolute-import": {"version": "1.0.0.1", "summary": "flake8 plugin to require absolute imports", "eps": {}}, "flake8-adjustable-complexity": {"version": "0.0.6", "summary": "A flake8 extension that checks cyclomatic complexity and calculates max complexity limit in runtime", "eps": {}}, "flake8-alfred": {"version": "1.1.1", "summary": "Flake8 plugin warning for unsafe functions", "eps": {}}, "flake8-annotations": {"version": "2.9", "summary": "Flake8 Type Annotation Checks", "eps": {}}, "flake8-annotations-complexity": {"version": "0.0.7", "summary": "A flake8 extension that checks for type annotations complexity", "eps": {}}, "flake8-annotations-coverage": {"version": "0.0.6", "summary": "A flake8 extension that checks for type annotations coverage", "eps": {}}, "flake8-array-spacing": {"version": "0.2", "summary": "flake8 plugin to make exceptions for array-like variables", "eps": {}}, "flake8-assertive": {"version": "2.1", "summary": "Flake8 unittest assert method checker", "eps": {}}, "flake8-assert-msg": {"version": "1.1.1", "summary": "flake8 plugin which forbids assert statements without messages", "eps": {}}, "flake8-assign-and-return": {"version": "0.0.4", "summary": "A flake8 extension that checks for assignment and return in Python", "eps": {}}, "flake8-author": {"version": "2", "summary": "Flake8 __author__ checker", "eps": {}}, "flake8-awesome": {"version": "1.3", "summary": "Flake8 awesome plugins pack", "eps": {}}, "flake8-bandit": {"version": "3", "summary": "Automated security testing with bandit and flake8.", "eps": {}}, "flake8-bitbucket": {"version": "0.1.10", "summary": "A flake8 plugin for bitbucket insights.", "eps": {"flake8-bitbucket": {"module": "flake8_bitbucket", "callable": "Flake8Bitbucket"}}}, "flake8-black": {"version": "0.3.2", "summary": "flake8 plugin to call black as a code style validator", "eps": {}}, "flake8-blind-except": {"version": "0.2.1", "summary": "A flake8 extension that checks for blind except: statements", "eps": {}}, "flake8-block-comment": {"version": "0.0.3", "summary": "Block comment checker", "eps": {}}, "flake8-boto3": {"version": "0.3", "summary": "Checks for boto3, by r2c. Available in [Bento](https://bento.dev).", "eps": {}}, "flake8-breakpoint": {"version": "1.1", "summary": "Flake8 plugin that check forgotten breakpoints", "eps": {}}, "flake8-broken-line": {"version": "0.4", "summary": "Flake8 plugin to forbid backslashes for line breaks", "eps": {}}, "flake8-bugbear": {"version": "22.3.23", "summary": "A plugin for flake8 finding likely bugs and design problems in your program. Contains warnings that don't belong in pyflakes and pycodestyle.", "eps": {}}, "flake8-builtins": {"version": "1.5.3", "summary": "Check for python builtins being used as variables or parameters.", "eps": {}}, "flake8-builtins-unleashed": {"version": "1.3.1", "summary": "builtin override checker plugin for flake8", "eps": {}}, "flake8-chart": {"version": "0.1.5", "summary": "flake8 stats visualised", "eps": {}}, "flake8-checkstyle": {"version": "0.1.2", "summary": "Output Checkstyle XML reports of flake8 violations.", "eps": {"checkstyle": {"module": "flake8_checkstyle", "callable": "CheckstylePlugin"}}}, "flake8-class-attributes-order": {"version": "0.1.3", "summary": "A flake8 extension that checks classes attributes order", "eps": {}}, "flake8-classmethod-staticmethod": {"version": "1", "summary": "flake8 plugin that checks rules regarding the staticmethod and classmethod decorators.", "eps": {}}, "flake8-class-newline": {"version": "1.6", "summary": "Flake8 lint for newline after class definitions.", "eps": {}}, "flake8-click": {"version": "0.3.1", "summary": "Checks for click, by r2c. Available in [Bento](https://bento.dev).", "eps": {}}, "flake8-codeclimate": {"version": "0.3", "summary": "Code Climate reporting formatter plugin for Flake8", "eps": {"codeclimate": {"module": "flake8_codeclimate", "callable": "JSONFormatter"}}}, "flake8-coding": {"version": "1.3.2", "summary": "Adds coding magic comment checks to flake8", "eps": {}}, "flake8-cognitive-complexity": {"version": "0.1", "summary": "An extension for flake8 that validates cognitive functions complexity", "eps": {}}, "flake8-colors": {"version": "0.1.9", "summary": "Error highlight plugin for Flake8.", "eps": {}}, "flake8-commas": {"version": "2.1", "summary": "Flake8 lint for trailing commas.", "eps": {}}, "flake8-comprehensions": {"version": "3.8", "summary": "A flake8 plugin to help you write better list/set/dict comprehensions.", "eps": {}}, "flake8-config-4catalyzer": {"version": "0.2.1", "summary": "UNKNOWN", "eps": {}}, "flake8-config-yoctol": {"version": "0.0.12", "summary": "UNKNOWN", "eps": {}}, "flake8-confusables": {"version": "0.1", "summary": "A flake8 plugin to check for ambiguous identifiers", "eps": {}}, "flake8-continuation": {"version": "1.0.5", "summary": "Flake8 Line Continuation Plugin", "eps": {}}, "flake8-copyright": {"version": "0.2.2", "summary": "Adds copyright checks to flake8", "eps": {}}, "flake8-csv": {"version": "0.2", "summary": "CSV reporting formatter plugin for Flake8", "eps": {"csv": {"module": "flake8_csv", "callable": "CSVFormatter"}, "csv_categories": {"module": "flake8_csv", "callable": "CategorizedCSVFormatter"}}}, "flake8-dashboard": {"version": "0.1.4", "summary": "Generate different reports of flake8 violations", "eps": {"dashboard": {"module": "flake8_dashboard", "callable": "DashboardReporter"}}}, "flake8-datetime-utcnow-plugin": {"version": "0.1.2", "summary": "Plugin to check that utcnow() is not used in favour of now(UTC)", "eps": {}}, "flake8-datetimez": {"version": "20.10", "summary": "A plugin for flake8 to ban the usage of unsafe naive datetime class.", "eps": {}}, "flake8-debugger": {"version": "4", "summary": "ipdb/pdb statement checker plugin for flake8", "eps": {}}, "flake8-deprecated": {"version": "1.3", "summary": "Warns about deprecated method calls.", "eps": {}}, "flake8-diff": {"version": "0.2.2", "summary": "Run flake8 across a set of changed files and filter out violations occurring only on the lines that were changed.", "eps": {}}, "flake8-disrespectful-code": {"version": "0.0.1", "summary": "My example Flake8 extension", "eps": {}}, "flake8-django": {"version": "1.1.2", "summary": "Plugin to catch bad style specific to Django Projects.", "eps": {}}, "flake8-django-on-delete-comment": {"version": "0.0.3", "summary": "A flake8 extension to validate django models ForeignKey fields on on_delete CASCADE comment", "eps": {}}, "flake8-docstrings": {"version": "1.6", "summary": "Extension for flake8 which uses pydocstyle to check docstrings", "eps": {}}, "flake8-dodgy": {"version": "0.0.1", "summary": "UNKNOWN", "eps": {}}, "flake8-double-quotes": {"version": "0.0.1", "summary": "Flake8 lint to forbide single quotes.", "eps": {}}, "flake8-doubles": {"version": "0.3", "summary": "flake8 doubles checker, ensures mock.patch is not used", "eps": {}}, "flake8-dunder-all": {"version": "0.1.8", "summary": "A Flake8 plugin and pre-commit hook which checks to ensure modules have defined '__all__'.", "eps": {}}, "flake8-eradicate": {"version": "1.2", "summary": "Flake8 plugin to find commented out code", "eps": {}}, "flake8-exact-pin": {"version": "0.1", "summary": "A flake8 extension that checks for exact pins (e.q.: `foo==1.5.6`) in setup.py", "eps": {}}, "flake8-exceptions": {"version": "0.0.1a0", "summary": "A flake8 plugin to identify commonly unhandled exceptions.", "eps": {}}, "flake8-executable": {"version": "2.1.1", "summary": "A Flake8 plugin for checking executable permissions and shebangs.", "eps": {}}, "flake8-expandtab": {"version": "0.3", "summary": "flake8 for tab junkies", "eps": {}}, "flake8-expression-complexity": {"version": "0.0.11", "summary": "A flake8 extension that checks expressions complexity", "eps": {}}, "flake8-fancy-header": {"version": "0.3", "summary": "check file has a fancy header at the top", "eps": {}}, "flake8-file-encoding": {"version": "0.1", "summary": "A Flake8 plugin to check for files opened without an explicit encoding", "eps": {}}, "flake8-filename": {"version": "1", "summary": "A flake8 linter plug-in for validating that certain Python files comply with a user defined pattern.", "eps": {}}, "flake8-fine-pytest": {"version": "1.0.3", "summary": "A flake8 extension that checks test extra style", "eps": {}}, "flake8-fixme": {"version": "1.1.1", "summary": "Check for FIXME, TODO and other temporary developer notes. Plugin for flake8.", "eps": {}}, "flake8-flask": {"version": "0.9.3", "summary": "Static analysis checks for Flask, by r2c. Available in our free program analysis tool, Bento. (ht", "eps": {}}, "flake8-format-ansi": {"version": "0.1", "summary": "ANSI error format plugin for flake8.", "eps": {}}, "flake8-formatter-abspath": {"version": "1.0.1", "summary": "A flake8 formatter plugin that shows the absolute path of files with warnings", "eps": {"abspath": {"module": "flake8_formatter_abspath", "callable": "AbsolutePathFormatter"}}}, "flake8-formatter-junit-xml": {"version": "0.0.6", "summary": "JUnit XML Formatter for flake8", "eps": {"junit-xml": {"module": "flake8_formatter_junit_xml", "callable": "JUnitXmlFormatter"}}}, "flake8-functions": {"version": "0.0.7", "summary": "A flake8 extension that checks functions", "eps": {}}, "flake8-future": {"version": "0.2", "summary": "A flake8 plugin to warn when any file is missing certain __future__ imports.", "eps": {}}, "flake8-future-division": {"version": "0.1", "summary": "A flake8 plugin to check for use of division without a __future__.division import", "eps": {}}, "flake8-future-import": {"version": "0.4.6", "summary": "__future__ import checker, plugin for flake8", "eps": {}}, "flake8-gl-codeclimate": {"version": "0.1.6", "summary": "Gitlab Code Quality artifact Flake8 formatter.", "eps": {"gl-codeclimate": {"module": "flake8_gl_codeclimate", "callable": "GitlabCodeClimateFormatter"}}}, "flake8-gramex": {"version": "1.1.1", "summary": "Additional validations for Python code", "eps": {}}, "flake8-graphql": {"version": "0.2.5", "summary": "A flake8 plugin to lint your graphql queries", "eps": {}}, "flake8-html": {"version": "0.4.2", "summary": "Generate HTML reports of flake8 violations", "eps": {"html": {"module": "flake8_html", "callable": "HTMLPlugin"}}}, "flake8-i18n": {"version": "0.1", "summary": "Warns about incorrect gettext usage.", "eps": {}}, "flake8-idom-hooks": {"version": "0.5", "summary": "Flake8 plugin to enforce the rules of hooks for IDOM", "eps": {}}, "flake8-if-expr": {"version": "1.0.4", "summary": "The plugin checks `if expressions` (ternary operator)", "eps": {}}, "flake8-if-statements": {"version": "0.1", "summary": "Flake8 linter for if statements", "eps": {}}, "flake8-illegal-import": {"version": "0.1", "summary": "illegal import detector, plugin for flake8", "eps": {}}, "flake8-immediate": {"version": "0.2", "summary": "Enables immediate output for flake8.", "eps": {}}, "flake8-implicit-str-concat": {"version": "0.3", "summary": "Flake8 plugin to encourage correct string literal concatenation.", "eps": {}}, "flake8-import-graph": {"version": "0.1.3", "summary": "A flake8 lint to enforce that some modules can't be imported from other modules.", "eps": {}}, "flake8-import-order": {"version": "0.18.1", "summary": "Flake8 and pylama plugin that checks the ordering of import statements.", "eps": {}}, "flake8-import-order-fuzeman": {"version": "1.7", "summary": "@fuzeman's import order style for flake8-import-order", "eps": {}}, "flake8-import-order-grok": {"version": "0.3.3", "summary": "Grok Learning's flake8-import-order plugin.", "eps": {}}, "flake8-import-order-jwodder": {"version": "0.1", "summary": "Yet another import order style", "eps": {}}, "flake8-import-order-ruler501": {"version": "0.18.1.2", "summary": "ruler501's flake8-import-order plugin.", "eps": {}}, "flake8-import-order-spoqa": {"version": "1.5", "summary": "Spoqa's import order style for flake8-import-order", "eps": {}}, "flake8-import-order-tbm": {"version": "1.3", "summary": "flake8-import-order style plugin for my (thebigmunch) taste.", "eps": {}}, "flake8-import-restrictions": {"version": "1.1.1", "summary": "A flake8 plugin used to disallow certain forms of imports.", "eps": {}}, "flake8-imports": {"version": "0.1.1", "summary": "isort extension flake8", "eps": {}}, "flake8-import-single": {"version": "0.1.5", "summary": "Flake8 plugin that requires single line imports", "eps": {}}, "flake8-import-style": {"version": "0.5", "summary": "A flake8 plugin to ensure explicit module imports", "eps": {}}, "flake8-intsights": {"version": "0.2", "summary": "Uncompromising and opinionated flake8 plugin which follows Intsights' practices", "eps": {}}, "flake8-invalid-escape-sequences": {"version": "1.3", "summary": "Detects and warns about invalid escape sequences.", "eps": {}}, "flake8-isort": {"version": "4.1.1", "summary": "flake8 plugin that integrates isort .", "eps": {}}, "flake8-json": {"version": "21.7", "summary": "JSON Formatting Reporter plugin for Flake8", "eps": {"codeclimate": {"module": "flake8_json_reporter.reporters", "callable": "CodeClimateJSON"}, "json": {"module": "flake8_json_reporter.reporters", "callable": "DefaultJSON"}}}, "flake8-junit-report": {"version": "2.1", "summary": "Simple tool that converts a flake8 file to junit format", "eps": {}}, "flake8-keyword-arguments": {"version": "0.1", "summary": "A flake8 extension that is looking for function calls and forces to use keyword arguments if there are more than X arguments", "eps": {}}, "flake8-koles": {"version": "0.2.2", "summary": "Watch your language young lad! Swears and curses linter.", "eps": {}}, "flake8-kw-args": {"version": "0.0.3", "summary": "Flake8 plugin to check explicitly passed arguments.", "eps": {}}, "flake8-libfaketime": {"version": "1.1", "summary": "libfaketime checker plugin for flake8", "eps": {}}, "flake8-license": {"version": "0.1", "summary": "flake8 plugin which verifies that source files contain license, header at the top.", "eps": {}}, "flake8-lineleak": {"version": "1.0.2", "summary": "Lineleak is a flake8 plugin that counts the lines containing live code in a script, and 'yells' if a set limit is exceeded. It is meant to help enforce short scripts and modular python programming.", "eps": {}}, "flake8-linenumber": {"version": "0.1.8", "summary": "flake8 plugin to limit line number in a module", "eps": {}}, "flake8-literal": {"version": "1.2", "summary": "Flake8 string literal validation", "eps": {}}, "flake8-local-import": {"version": "1.0.6", "summary": "Python 3 check local import for flake8", "eps": {}}, "flake8-logging-format": {"version": "0.6", "summary": "Flake8 extension to validate (lack of) logging format strings", "eps": {}}, "flake8-markdown": {"version": "0.3", "summary": "Lints Python code blocks in Markdown files using flake8", "eps": {}}, "flake8-meiqia": {"version": "0.2", "summary": "Python style guideline in Meiqia", "eps": {}}, "flake8-mock": {"version": "0.3", "summary": "Provides checking for non-existent mock methods", "eps": {}}, "flake8-module-imports": {"version": "1.1", "summary": "module-level import checker plugin for flake8", "eps": {}}, "flake8-module-name": {"version": "0.2", "summary": "A flake8 plugin for testing PEP-8 conform package and module names.", "eps": {}}, "flake8-multiline-conditionals-comprehensions": {"version": "1.1", "summary": "A flake8 plugin to make sure complex conditional expressions and comprehension expressions are split over several lines.", "eps": {}}, "flake8-multiline-containers": {"version": "0.0.19", "summary": "Ensure a consistent format for multiline containers.", "eps": {}}, "flake8-mutable": {"version": "1.2", "summary": "mutable defaults flake8 extension", "eps": {}}, "flake8-mypy": {"version": "17.8", "summary": "A plugin for flake8 integrating mypy.", "eps": {}}, "flake8-mypy-fork": {"version": "20.5.1", "summary": "A plugin for flake8 integrating mypy (fork).", "eps": {}}, "flake8-nb": {"version": "0.4", "summary": "Flake8 based checking for jupyter notebooks", "eps": {"default_notebook": {"module": "flake8_nb", "callable": "IpynbFormatter"}}}, "flake8-network-timeout": {"version": "0.2", "summary": "our extension to flake8", "eps": {}}, "flake8-nitpick": {"version": "0.13.2", "summary": "Flake8 plugin to enforce the same lint configuration (flake8, isort, mypy, pylint) across multiple Python projects", "eps": {}}, "flake8-no-fstring": {"version": "1.0.3", "summary": "A flake8 plugin to ban f-strings", "eps": {}}, "flake8-no-implicit-concat": {"version": "0.3.3", "summary": "Flake8 plugin that forbids implicit str/bytes literal concatenations", "eps": {}}, "flake8-noqa": {"version": "1.2.1", "summary": "Flake8 noqa comment validation", "eps": {}}, "flake8-no-types": {"version": "1.4", "summary": "A flake8 plugin to ban type hints.", "eps": {}}, "flake8-no-unnecessary-fstrings": {"version": "1.0.1", "summary": "A flake8 plugin to ban f-strings", "eps": {}}, "flake8-no-u-prefixed-strings": {"version": "0.2", "summary": "Detects and warns about invalid escape sequences.", "eps": {}}, "flake8-oist-steps": {"version": "0.3", "summary": "Check usage STEPS subcellular simulator", "eps": {}}, "flake8-os-walk": {"version": "0.4", "summary": "Flake8 plugin which usage of os.walk().", "eps": {}}, "flake8-ownership": {"version": "2.0.1", "summary": "A flake8 checker for assuring that author, copyright, and license are specified in source files.", "eps": {}}, "flake8-pantsbuild": {"version": "2", "summary": "Various Flake8 lints used by the Pants project and its users.", "eps": {}}, "flake8parser": {"version": "0.1.1", "summary": "A public python API for flake8 created by parsing the command line output.", "eps": {}}, "flake8-patch-decorator-unleashed": {"version": "1", "summary": "@patch checker plugin for flake8", "eps": {}}, "flake8-pathlib": {"version": "0.1.4", "summary": "flake8-pathlib is now flake8-use-pathlib", "eps": {}}, "flake8-pep257": {"version": "1.0.5", "summary": "Flake8 plugin for the pep257 Python utility.", "eps": {}}, "flake8-pep3101": {"version": "1.3", "summary": "Checks for old string formatting.", "eps": {}}, "flake8-per-file-ignores": {"version": "0.8.1", "summary": "Ignore individual error codes per file with flake8", "eps": {}}, "flake8-phabricator-formatter": {"version": "0.1.1", "summary": "flake8 formatter for Phabricator's Harbormaster", "eps": {"phabricator": {"module": "flake8_phabricator_formatter", "callable": "PhabricatorFormatter"}}}, "flake8-pie": {"version": "0.15", "summary": "A flake8 extension that implements misc. lints", "eps": {}}, "flake8-plone-api": {"version": "1.4", "summary": "Checks for code usages that can be replaced with Plone API method calls.", "eps": {}}, "flake8-plone-hasattr": {"version": "0.2.post0", "summary": "Checks for hasattr, which is considered harmful in Plone projects.", "eps": {}}, "flake8-plugin-utils": {"version": "1.3.2", "summary": "The package provides base classes and utils for flake8 plugin writing", "eps": {}}, "flake8-polyfill": {"version": "1.0.2", "summary": "Polyfill package for Flake8 plugins", "eps": {}}, "flake8-prevent-fails": {"version": "0.0.2", "summary": "UNKNOWN", "eps": {}}, "flake8-print": {"version": "4", "summary": "print statement checker plugin for flake8", "eps": {}}, "flake8-printf-formatting": {"version": "1.1.2", "summary": "flake8 plugin which forbids printf-style string formatting", "eps": {}}, "flake8-profiles": {"version": "0.1", "summary": "profiles for flake8", "eps": {"CNF101": {"module": "flake8_profiles", "callable": "ProfilePlugin"}}}, "flake8-prometheus-metrics-name": {"version": "0.1.6", "summary": "Flake8 plugin for prometheus metric name validation", "eps": {}}, "flake8-putty": {"version": "0.4", "summary": "Apply a bit of putty to flake8.", "eps": {}}, "flake8-pyi": {"version": "22.4.1", "summary": "A plugin for flake8 to enable linting .pyi files.", "eps": {}}, "flake8-pytest": {"version": "1.3", "summary": "pytest assert checker plugin for flake8", "eps": {}}, "flake8-pytest-mark": {"version": "1.1", "summary": "A flake8 plugin that helps check the presence of a PyTest mark", "eps": {}}, "flake8-pytestrail": {"version": "0.2.1", "summary": "Flake8 plugin to check for missing or wrong TestRail test identifiers", "eps": {}}, "flake8-pytest-style": {"version": "1.6", "summary": "A flake8 plugin checking common style issues or inconsistencies with pytest-based tests.", "eps": {}}, "flake8-quotes": {"version": "3.3.1", "summary": "Flake8 lint for quotes.", "eps": {}}, "flake8-quotes2": {"version": "0.0.1", "summary": "flake8 plugin for string quotes checking", "eps": {}}, "flake8-raise": {"version": "0.0.5", "summary": "A flake8 plugin that finds that finds improvements for raise statements.", "eps": {}}, "flake8-regex": {"version": "0.3", "summary": "Arbitrary regex checker, extension for flake8", "eps": {}}, "flake8-requests": {"version": "0.4", "summary": "Checks for the requests module, by r2c. Available in Bento (https://bento.dev).", "eps": {}}, "flake8-requirements": {"version": "1.5.3", "summary": "Package requirements checker, plugin for flake8", "eps": {}}, "flake8-respect-noqa": {"version": "0.3", "summary": "Always ignore #noqa lines with flake8.", "eps": {}}, "flake8-return": {"version": "1.1.3", "summary": "Flake8 plugin that checks return values", "eps": {}}, "flake8-rewriter": {"version": "1.2", "summary": "Flake8 plugin that rewrites error codes.", "eps": {"rewriter": {"module": "flake8_rewriter.rewriter", "callable": "RewriteFormatter"}}}, "flake8-rst": {"version": "0.8", "summary": "flake8 for code in rst files and docstrings", "eps": {}}, "flake8-rst-docstrings": {"version": "0.2.5", "summary": "Python docstring reStructuredText (RST) validator", "eps": {}}, "flake8-scrapy": {"version": "0.0.1", "summary": "UNKNOWN", "eps": {}}, "flake8-self": {"version": "0.2.2", "summary": "Private member access linting plugin for flake8.", "eps": {}}, "flake8-sfs": {"version": "0.0.3", "summary": "Python String Formatting Style (SFS) plugin for flake8", "eps": {}}, "flake8-simplicity": {"version": "0.0.1", "summary": "Take your Python syntax back to the 90s!", "eps": {}}, "flake8-simplify": {"version": "0.19.2", "summary": "flake8 plugin which checks for code that can be simplified", "eps": {}}, "flake8-single-quotes": {"version": "0.1", "summary": "A Flake8 extension to enforce single-quotes.", "eps": {}}, "flake8-snippets": {"version": "0.2", "summary": "A flake8 extension to find any code snippets you don't like", "eps": {}}, "flake8-sorted-keys": {"version": "0.2", "summary": "check keys are sorted in dict literals", "eps": {}}, "flake8-spaces-around-constants": {"version": "1", "summary": "Check whether your constant values have leading or trailing spaces", "eps": {}}, "flake8-spellcheck": {"version": "0.28", "summary": "Spellcheck variables, comments and docstrings", "eps": {}}, "flake8-sphinx-links": {"version": "0.2.1", "summary": "A Flake8 plugin to check docstrings for double backticked strings which should be links to the Python documentation.", "eps": {}}, "flake8-sql": {"version": "0.4.1", "summary": "Flake8 plugin that checks SQL code against opinionated style rules", "eps": {}}, "flake8-strftime": {"version": "0.3.2", "summary": "A flake8 plugin which checks for use of platform specific strftime codes.", "eps": {}}, "flake8-strict": {"version": "0.2.1", "summary": "Flake8 plugin that checks Python code against a set of opinionated style rules", "eps": {}}, "flake8-string-format": {"version": "0.3", "summary": "string format checker, plugin for flake8", "eps": {}}, "flake8-strings": {"version": "0.1.1", "summary": "Flake8 Linter for Strings", "eps": {}}, "flake8-super": {"version": "0.1.3", "summary": "Python 3 super() check for flake8", "eps": {}}, "flake8-super-call": {"version": "1", "summary": "flake8 super call checker", "eps": {}}, "flake8-super-mario": {"version": "0.0.2", "summary": "A flake8 plugin with super_mario specific validations", "eps": {}}, "flake8-svg-badge": {"version": "0.1", "summary": "Svg badge that shows % of problem-free code", "eps": {"svg": {"module": "flake8_svg_badge.reporter", "callable": "ReportSVGBadge"}}}, "flake8-tabs": {"version": "2.3.2", "summary": "Tab (or Spaces) indentation style checker for flake", "eps": {}}, "flake8-tidy-imports": {"version": "4.6", "summary": "A flake8 plugin that helps you write tidier imports.", "eps": {}}, "flake8-todo": {"version": "0.7", "summary": "TODO notes checker, plugin for flake8", "eps": {}}, "flake8-todos": {"version": "0.1.5", "summary": null, "eps": {}}, "flake8-todo-ticket": {"version": "0.1", "summary": "Enforce ownership and ticketing of TODO notes.", "eps": {}}, "flake8-trailing-commas": {"version": "0.1.3", "summary": "Flake8 lint for trailing commas.", "eps": {}}, "flake8-translation-activate": {"version": "1.0.2", "summary": "translation activate plugin for flake8", "eps": {}}, "flake8-truveris": {"version": "0.3.4", "summary": "Flake8 extension for checking Python code against Truveris's code style guide", "eps": {"T": {"module": "flake8_truveris.format_truveris", "callable": "FormatTruveris"}}}, "flake8-tuple": {"version": "0.4.1", "summary": "Check code for 1 element tuple.", "eps": {}}, "flake8-tuple-unpack-limit": {"version": "0.0.1", "summary": "A flake8 extension that checks for tuple unpack length", "eps": {}}, "flake8-type-annotations": {"version": "0.1", "summary": "Flake8 plugin to enforce consistent type annotation styles", "eps": {}}, "flake8-typing-collections": {"version": "1.0.1", "summary": "A flake8 plugin that checks the use of type alternatives from the typing module over actual run time types, especially from the collections module.", "eps": {}}, "flake8-typing-imports": {"version": "1.12", "summary": "flake8 plugin which checks that typing imports are properly guarded", "eps": {}}, "flake8-ugettext-alias": {"version": "1.1", "summary": "ugettext alias checker plugin for flake8", "eps": {}}, "flake8-unused-arguments": {"version": "0.0.9", "summary": "flake8 extension to warn on unused function arguments", "eps": {}}, "flake8-use-fstring": {"version": "1.3", "summary": "Flake8 plugin for string formatting style.", "eps": {}}, "flake8-user-model": {"version": "1.1", "summary": "user model import checker plugin for flake8", "eps": {}}, "flake8-variables-names": {"version": "0.0.5", "summary": "A flake8 extension that helps to make more readable variables names", "eps": {}}, "flake8-vyper": {"version": "0.1.10", "summary": "Plugin for flake8 to support Vyper", "eps": {}}, "flake8-walrus": {"version": "1.1", "summary": "flake8 plugin which forbids assignment expressions (the walrus operator)", "eps": {}}, "flake8-ycm": {"version": "0.1", "summary": "A Flake8 plugin that enforces YouCompleteMe and ycmd coding style", "eps": {}}, "flakehell": {"version": "0.9", "summary": "Flake8 wrapper to make it nice and configurable", "eps": {"baseline": {"module": "flakehell.formatters", "callable": "BaseLineFormatter"}, "colored": {"module": "flakehell.formatters", "callable": "ColoredFormatter"}, "gitlab": {"module": "flakehell.formatters", "callable": "GitlabFormatter"}, "grouped": {"module": "flakehell.formatters", "callable": "GroupedFormatter"}, "json": {"module": "flakehell.formatters", "callable": "JSONFormatter"}, "stat": {"module": "flakehell.formatters", "callable": "StatFormatter"}}}, "flufl-flake8": {"version": "0", "summary": "[no summary]", "eps": {}}, "good-smell": {"version": "0.18", "summary": "A linter/refactoring tool to make your code smell better!", "eps": {}}, "hacking": {"version": "4.1", "summary": "OpenStack Hacking Guideline Enforcement", "eps": {}}, "iflake8": {"version": "0.0.1", "summary": "The ultimate python style checker", "eps": {}}, "imhotep-flake8": {"version": "0.2.1", "summary": "An imhotep plugin for flake8 validation.", "eps": {}}, "kagiso-flake8": {"version": "0.1", "summary": "UNKNOWN", "eps": {}}, "mccabe": {"version": "0.7", "summary": "McCabe checker, plugin for flake8", "eps": {}}, "nitpick": {"version": "0.32", "summary": "Enforce the same settings across multiple language-independent projects", "eps": {}}, "pandas-vet": {"version": "0.2.3", "summary": "A flake8 plugin to lint pandas in an opinionated way", "eps": {}}, "pep8-naming": {"version": "0.12.1", "summary": "Check PEP-8 naming conventions, plugin for flake8", "eps": {}}, "pycodestyle": {"version": "2.8", "summary": "Python style guide checker", "eps": {}}, "pyflakes": {"version": "2.4", "summary": "passive checker of Python programs", "eps": {}}, "pytest-flake8": {"version": "1.1.1", "summary": "pytest plugin to check FLAKE8 requirements", "eps": {}}, "pytest-flake8dir": {"version": "2.6.1", "summary": "A pytest fixture for testing flake8 plugins.", "eps": {}}, "sentry-flake8": {"version": "2", "summary": "Sentry's custom flake8 checker plugin.", "eps": {}}, "st2flake8": {"version": "0.1", "summary": "UNKNOWN", "eps": {}}, "verve-flake8-mock": {"version": "0.4", "summary": "Provides checking for non-existent mock methods and properties", "eps": {}}, "wemake-python-styleguide": {"version": "0.16.1", "summary": "The strictest and most opinionated python linter ever", "eps": {"wemake": {"module": "wemake_python_styleguide.formatter", "callable": "WemakeFormatter"}}}, "flake8-function-order": {"version": "0.0.5", "summary": "flake8 extension that checks function order within a class", "eps": {}}, "flake8-maya-flags": {"version": "1.1", "summary": "Flake8 plugin to warn when using short names flags with Maya commands", "eps": {}}, "flake8-patch": {"version": "0.1", "summary": "A flake8 plugin checking for mocking issues.", "eps": {}}, "flake8-print-clean": {"version": "3.1.4", "summary": "print statement checker plugin for flake8", "eps": {}}, "flake8-f-string": {"version": "0.1", "summary": "flake8 plugin which checks formatted string", "eps": {}}, "flake8-rst-docparams": {"version": "1.0.6", "summary": "Check for reStructuredText function parameter documentation", "eps": {}}, "flake8-peewee": {"version": "0.1", "summary": "flake8 plugin which checks for peewee usage syntax error", "eps": {}}, "flake8-ets": {"version": "1", "summary": "flake8 plugin for checking Enthought Tool Suite copyright headers.", "eps": {}}, "flake8-if-checker": {"version": "0.3", "summary": "Flake8's IF statement complexity linter plugin", "eps": {}}, "flake8-django-migrations": {"version": "0.2", "summary": "Flake8 plugin to lint for backwards incompatible database migrations", "eps": {}}, "flake8-tensors": {"version": "0.2.9", "summary": "flake8_tensors - flake8 plugin for deep learning codes", "eps": {}}, "flake8-github-actions": {"version": "0.1.1", "summary": "GitHub Actions integration for flake8.", "eps": {"github": {"module": "flake8_github_actions", "callable": "GitHubFormatter"}}}, "flake8-prettycount": {"version": "0.1.1", "summary": "Wrapper around flake8 providing a formatted count at the end.", "eps": {}}, "flake8-jira-todo-checker": {"version": "0.6.1", "summary": "Flake8 plugin to check that every TODO, FIXME, QQ etc comment has a valid JIRA ID next to it.", "eps": {}}, "pyls-flake8-plugin": {"version": "0.2.post2", "summary": "Flake8 plugin for the Python Language Server", "eps": {}}, "flake8-no-pep420": {"version": "2.2", "summary": "A flake8 plugin to ban PEP-420 implicit namespace packages.", "eps": {}}, "flake8-report": {"version": "0.1a1", "summary": "JSON Formatting Reporter plugin for Flake8", "eps": {"checklist": {"module": "flake8_report.reporters", "callable": "Flake8Checklist"}, "report": {"module": "flake8_report.reporters", "callable": "Flake8Report"}}}, "flake8-typing-import-style": {"version": "0.5", "summary": "A flake8 plugin to ensure typing module import convention", "eps": {}}, "flake8-codes": {"version": "0.2", "summary": "CLI tool to introspect flake8 plugins and their codes.", "eps": {}}, "flake8-pylint": {"version": "0.1.3", "summary": "Flake8 plugin that runs PyLint.", "eps": {}}, "flake8-formatter-vscodepath": {"version": "0.1", "summary": "", "eps": {"vscodepath": {"module": "flake8_formatter_vscodepath", "callable": "VscodePathFormatter"}}}, "flake8-safegraph-crawl": {"version": "0.4", "summary": "Flake8 plugin enforcing code requirements for SafeGraph crawlers", "eps": {}}, "flake8-length": {"version": "0.3", "summary": "Flake8 plugin for a smart line length validation.", "eps": {}}, "flake8-helper": {"version": "0.2.1", "summary": "A helper library for Flake8 plugins.", "eps": {}}, "flake8-encodings": {"version": "0.5.post1", "summary": "A Flake8 plugin to identify incorrect use of encodings.", "eps": {}}, "flake8-pytest-importorskip": {"version": "1.1", "summary": "Make pycodestyle treat pytest.importorskip as an import statement (avoid E402)", "eps": {}}, "pyls-flake8": {"version": "0.4", "summary": "A Flake8 plugin for the Python Language Server", "eps": {}}, "flake8-slots": {"version": "0.1.4", "summary": "A Flake8 plugin to require __slots__ to be defined for subclasses of immutable types.", "eps": {}}, "flake8-inflammatory-jargon": {"version": "1.0.1", "summary": "replace Inflammatory words like blacklist and slave with more appropriate words", "eps": {}}, "flake8-typing-only-imports": {"version": "0.2.2", "summary": "A flake8 plugin to flag imports exclusively used for type annotations", "eps": {}}, "codecovflake8": {"version": "0.1", "summary": "Remind Supply Chain Risks", "eps": {}}, "flake8-ensure-ascii": {"version": "1", "summary": "Flake8 Ensure ASCII encoding plugin.", "eps": {}}, "flake8-tmbundle": {"version": "0.1", "summary": "Remind Supply Chain Risks", "eps": {}}, "requestsflake8": {"version": "0.1", "summary": "Remind Supply Chain Risks", "eps": {}}, "flake8-isolated-packages": {"version": "1.0.2", "summary": "This Flake8 plugin is for checking imports isolations.", "eps": {}}, "flake8-test-name": {"version": "0.1.5", "summary": "Invalid test name checker, plugin for flake8", "eps": {}}, "flake8-functions-names": {"version": "0.3", "summary": "An extension for flake8 that validates functions names, decomposition and conformity with annotations.", "eps": {}}, "pyproject-flake8": {"version": "0.0.1a4", "summary": "pyproject-flake8 (`pflake8`), a monkey patching wrapper to connect flake8 with pyproject.toml configuration ", "eps": {}}, "flake8-name-migrations": {"version": "0.1", "summary": "Flake8 hook for reminding you to give your Django migrations human readable names", "eps": {}}, "flake8-tuple-trailing-commas": {"version": "0.1.4", "summary": "flake8 plugin for enforcing few rules", "eps": {}}, "flake8-type-checking": {"version": "1.5", "summary": "A flake8 plugin for managing type-checking imports & forward references", "eps": {}}, "flake8-use-pathlib": {"version": "0.2.1", "summary": "A plugin for flake8 finding use of functions that can be replaced by pathlib module.", "eps": {}}, "flake8-alphabetize": {"version": "0.0.17", "summary": "A Python style checker for alphabetizing import and __all__.", "eps": {}}, "flake8-numpy-random": {"version": "0.1", "summary": "Plugin for Flake8 that forbids usage of numpy.random()", "eps": {}}, "flake8-cached": {"version": "0.0.3", "summary": "A wrapper around flake8's cli that uses cache at file level", "eps": {}}, "flake8-complex-f-strings": {"version": "0.1", "summary": "Flake8 plugin for too complex f-strings.", "eps": {}}, "flake8-timeout": {"version": "0.3", "summary": "flake8 plugin which checks that a timeout is set to all requests and urllib.request.open calls", "eps": {}}, "flake8-import-order-tridge": {"version": "1.0.5", "summary": "Tridge's import order style for flake8-import-order", "eps": {}}, "flake8-efm": {"version": "1.0.2", "summary": "Plugin for EFM-compatible output.", "eps": {"efm": {"module": "flake8_efm", "callable": "Errorformat"}}}, "flake8-pytest-fixtures": {"version": "0.0.1", "summary": "A flake extension that checks pytest fixtures", "eps": {}}, "flake82": {"version": "3.9.2", "summary": "the modular source code checker: pep8 pyflakes and co with pyproject.toml support", "eps": {"default": {"module": "flake8.formatting.default", "callable": "Default"}, "pylint": {"module": "flake8.formatting.default", "callable": "Pylint"}, "quiet-filename": {"module": "flake8.formatting.default", "callable": "FilenameOnly"}, "quiet-nothing": {"module": "flake8.formatting.default", "callable": "Nothing"}}}, "flake8-pytest-fixtures-style": {"version": "0.0.2", "summary": "A flake extension that checks pytest fixtures", "eps": {}}, "flake8-loopy": {"version": "1.1", "summary": "flake8 plugin to check code quality in loops", "eps": {}}, "flake8-fastapi": {"version": "0.6.1", "summary": "flake8 plugin that checks FastAPI code against opiniated style rules \ud83e\udd13", "eps": {}}, "flake8-comments": {"version": "0.1.2", "summary": "Find redundant comments in Python code", "eps": {}}, "flake8-dunder-class-obj": {"version": "0.1.1", "summary": "A flake8 plugin to report on double underscore class objects", "eps": {}}, "flake8-typechecking-import": {"version": "0.5", "summary": "A flake plugin that checks for typing.TYPE_CHECKING-able imports", "eps": {}}, "flake8-secure-coding-standard": {"version": "1.2.1", "summary": "Flake8 plugin adding some checks to make Python code adhere to more secure coding standard", "eps": {}}, "flake8-qgis": {"version": "1", "summary": "Flake8 plugin for QGIS python plugins.", "eps": {}}, "flake8-future-annotations": {"version": "0.0.4", "summary": "Verifies python 3.7+ files use from __future__ import annotations", "eps": {}}, "tryceratops": {"version": "1.0.1", "summary": "A linter to manage your exception like a PRO!", "eps": {}}, "flake8-typehinting": {"version": "0.1", "summary": "Type Hinting Flake8 Extension", "eps": {}}, "flake8-action-hero": {"version": "0.1.1", "summary": "A plugin for flake8 that performs conditional FIXME/TODO checks.", "eps": {}}, "pytest-flake8-path": {"version": "1.2", "summary": "A pytest fixture for testing flake8 plugins.", "eps": {}}, "flake8-too-many": {"version": "0.1.4", "summary": "A flake8 plugin that prevents you from writing \"too many\" bad codes.", "eps": {}}, "flake8-required-keyword-arguments": {"version": "0.1", "summary": "flake8 plugin to check for for the presense of missing required keyword arguments", "eps": {}}, "autoflake8": {"version": "0.3.2", "summary": "Tool to automatically fix some issues reported by flake8 (forked from autoflake).", "eps": {}}, "jupyterlab-flake8": {"version": "0.7.1", "summary": "jupyterlab extension to lint python code in the notebook and text editor", "eps": {}}, "flake8-formatter-vscode": {"version": "0.0.1", "summary": "Flake8 formatter.", "eps": {"vscode": {"module": "flake8_formatter_vscode", "callable": "VscodePathFormatter"}}}, "flake8-type-ignore": {"version": "0.1.post2", "summary": "flake8-type-ignore allows you to disallow type: ignore comments in your typed Python code.", "eps": {}}, "flake8-docstring-checker": {"version": "1.1", "summary": "A simple flake8 plugin that checks if everything has a docstring", "eps": {}}, "flake8-leading-blank-lines": {"version": "1.0.4", "summary": "A flake8 plugin to detect blank lines at the start of a file", "eps": {}}, "flake8-escaping-style": {"version": "0.1.2", "summary": "A flake8 plugin to use consistent escaping style in string or bytes literals", "eps": {}}, "flake8-force-keyword-arguments": {"version": "1.0.4", "summary": "A flake8 extension that is looking for function calls and forces to use keyword arguments if there are more than X arguments", "eps": {}}, "flake8-useless-assert": {"version": "0.4.3", "summary": "flake8 plugin to catch useless `assert` statements", "eps": {}}, "flake8-sleep": {"version": "0.0.1", "summary": "flake8 plugin which checks that there is no use of sleep in the code.", "eps": {}}, "flake8-pydocstyle": {"version": "0.2", "summary": "flake8 plugin that integrates pydocstyle", "eps": {}}, "flake8-class-constants": {"version": "0.1.2", "summary": "Check PEP-8 class constants naming conventions, plugin for flake8", "eps": {}}, "types-flake8-simplify": {"version": "0.18.1", "summary": "Typing stubs for flake8-simplify", "eps": {}}, "types-flake8-builtins": {"version": "1.5.4", "summary": "Typing stubs for flake8-builtins", "eps": {}}, "types-flake8-docstrings": {"version": "1.6.3", "summary": "Typing stubs for flake8-docstrings", "eps": {}}, "types-flake8-bugbear": {"version": "21.11.29.2", "summary": "Typing stubs for flake8-bugbear", "eps": {}}, "types-flake8-2020": {"version": "1.6.3", "summary": "Typing stubs for flake8-2020", "eps": {}}, "types-flake8-typing-imports": {"version": "1.11.3", "summary": "Typing stubs for flake8-typing-imports", "eps": {}}, "types-flake8-plugin-utils": {"version": "1.3.6", "summary": "Typing stubs for flake8-plugin-utils", "eps": {}}, "flake8-ls": {"version": "1.8", "summary": "super fast flake8 language server", "eps": {}}, "pytest-flake8-v2": {"version": "1.2.3", "summary": "pytest plugin to check FLAKE8 requirements", "eps": {}}, "flake8-wot": {"version": "0.2", "summary": "flake8 plugin which checks use of deprecated typing.List, typing.Dict, etc.", "eps": {}}, "flake8-force": {"version": "0.0.1", "summary": "flake8 extension to force running check", "eps": {}}, "types-flake8-rst-docstrings": {"version": "0.2.1", "summary": "Typing stubs for flake8-rst-docstrings", "eps": {}}, "flake8-ruler": {"version": "0.1", "summary": "More powerful configs for flake8.", "eps": {}}, "flake8-pydantic-skip": {"version": "0.1.4", "summary": "flake8 plugin which checks for misuse of custom `Skip` annotation assignment for pydantic models", "eps": {}}, "flake8-warnings": {"version": "0.2.1", "summary": "Linter (flake8, pylint, custom CLI) for finding usage of deprecated functions.", "eps": {}}, "flake8-pyproject": {"version": "0.9", "summary": "Runs Flake8 with configuration from pyproject.toml.", "eps": {}}, "thonnyflake8": {"version": "1.0.3", "summary": "A plugin that adds flake8 to the Thonny python IDE.", "eps": {}}, "flake8-comma": {"version": "0", "summary": "Flake8 lint for trailing commas.", "eps": {}}, "flake8-forbid-visual-indent": {"version": "0.0.2", "summary": "Flake8 plugin that disallows visual indentation", "eps": {}}, "flake8-holvi": {"version": "0.5.5", "summary": "PoC for dependency confusion", "eps": {}}, "flake8-no-print": {"version": "0.1.1", "summary": "Flake8 plugin to forbid print function usage", "eps": {}}, "flake8-cls-attr-order": {"version": "0.3", "summary": "Flake8 plugin to check class attributes order", "eps": {}}, "flake8-cached-frosty00": {"version": "0.0.4", "summary": "A wrapper around flake8's cli that uses cache at file level", "eps": {}}, "flake8-cached2": {"version": "0.0.3", "summary": "A wrapper around flake8's cli that uses cache at file level", "eps": {}}, "flake8-async": {"version": "22.3.10", "summary": "A flake8 plugin that checks bad async / asyncio practices", "eps": {}}, "flake8-debug": {"version": "0.1.1", "summary": "Flake8 plugin to forbid debug function usage", "eps": {}}, "flake8-assignment-expressions": {"version": "1", "summary": "A flake8 plugin that disallows assignment expressions", "eps": {}}, "flake8-scream": {"version": "0.1", "summary": "flake8 plugin which checks for code that can be simplified", "eps": {}}, "flake8-for-pycharm": {"version": "0.3.2", "summary": "Flake8 json formatter that produces output pycharm can recognize", "eps": {"pycharm": {"module": "flake8_for_pycharm.reporters", "callable": "DefaultJSON"}}}}